product_code,product_name,first_collected_date
97869650,"Seagate IronWolf Pro 7200/512M/해외구매 (30TB, ST30000NT011)",2026-07-02
13211909,"Seagate SkyHawk AI 7200/256M/해외구매 (10TB, ST10000VE0008)",2026-07-02
122708980,"Seagate Exos X18 7200/256M/중고 (18TB, ST18000NM000J)",2026-07-02
122708975,"Seagate Exos X18 7200/256M/중고 (16TB, ST16000NM000J)",2026-07-02
122708971,"Seagate IronWolf Pro 7200/256M/중고 (16TB, ST16000NE000)",2026-07-02
122708946,"Seagate Exos X16 SAS/7200/256M/중고 (12TB, ST12000NM002G)",2026-07-02
122708926,"Western Digital WD RED Plus 5400/128M/중고 (4TB, WD40EFZX)",2026-07-02
75536957,"Western Digital WD BLACK 7200/128M/해외구매 (6TB, WD6004FZWX)",2026-07-01
6669655,"Sebap Brillante 5400/128M/노트북용/리퍼비시 (500GB, SM500RS)",2026-07-01
18739145,"Seagate IronWolf Pro 7200/256M/해외구매 (20TB, ST20000NE000)",2026-07-01
19943360,Western Digital Ultrastar DC HC550 패키지 SAS/7200/512M WUH721816AL5204 (2x16TB),2026-06-30
122713983,"Seagate Exos 7E10 SAS/7200/256M/중고 (10TB, ST10000NM018B)",2026-06-27
122713979,"Western Digital WD RED Pro 7200/512M/중고 (16TB, WD161KFGX)",2026-06-27
122713975,"Western Digital WD RED Plus 7200/256M/중고 (12TB, WD120EFBX)",2026-06-27
122713938,"Synology Plus Series 7200/256M/중고 (8TB, HAT3310-8T)",2026-06-27
122713922,"Seagate BarraCuda 7200/512M/중고 (24TB, ST24000DM001)",2026-06-27
122713909,"Western Digital WD RED Plus 5640/128M/중고 (6TB, WD60EFZX)",2026-06-27
122708956,"Western Digital Ultrastar DC HC530 7200/512M/중고 (14TB, WUH721414ALE6L4)",2026-06-27
54962708,"Seagate IronWolf 7200/256M/해외구매 (18TB, ST18000VN000)",2026-06-26
122708905,"Synology Plus Series 7200/512M/중고 (16TB, HAT3310-16T)",2026-06-23
122708861,"Synology Plus Series 5400/256M/중고 (4TB, HAT3300-4T)",2026-06-23
122708854,"Synology Plus Series 5400/256M/중고 (6TB, HAT3300-6T)",2026-06-23
122708849,"Seagate Exos 7E2000 SAS/7200/128M/중고 (1TB, ST1000NX0333)",2026-06-23
122708845,"Seagate Exos 7E10 SAS/7200/256M/중고 (6TB, ST6000NM020B)",2026-06-23
122708838,"Seagate IronWolf Pro 7200/256M/중고 (2TB, ST2000NT001)",2026-06-23
122708725,"Western Digital WD Blue 7200/512M/중고 (12TB, WD120EAGZ)",2026-06-23
122708724,"Western Digital WD Blue 7200/256M/중고 (2TB, WD20EZBX)",2026-06-23
122708723,"Seagate IronWolf 5900/64M/중고 (1TB, ST1000VN002)",2026-06-23
122708722,"Seagate BarraCuda 5400/256M/중고 (4TB, ST4000DM004)",2026-06-23
111984839,"Western Digital WD Caviar Blue 7200/16M/중고 (500GB, WD5000AAKX)",2026-06-23
3940941,MARSHAL MAL31000SA-T72 SATA/7200/32M/리퍼비시 (1TB),2026-06-18
7137016,"Sebap Amigos 7200/32M/리퍼비시 (500GB, SM1050RS)",2026-06-12
17593838,"Western Digital WD Blue 5400/256M/리퍼비시 (2TB, WD20EZAZ)",2026-06-12
94259594,Seagate IronWolf Pro 패키지 7200/512M ST30000NT011 (8x30TB),2026-06-09
94259591,Seagate IronWolf Pro 패키지 7200/512M ST30000NT011 (6x30TB),2026-06-09
94259573,Seagate IronWolf Pro 패키지 7200/512M ST30000NT011 (5x30TB),2026-06-09
94259549,Seagate IronWolf Pro 패키지 7200/512M ST30000NT011 (3x30TB),2026-06-09
3316965,"Western Digital WD MOBILE Blue SATA2/5400/8M/해외구매 (WD5000LPVT, 500GB)",2026-06-07
3286533,Western Digital WD WD10JUCT SATA2/5400/16M/해외구매 (1TB),2026-06-07
2934250,"Western Digital WD MOBILE Blue 5400/8M/노트북용/해외구매 (WD5000LPVX, 500GB)",2026-06-07
65368325,"Seagate IronWolf 5400/256M/해외구매 (6TB, ST6000VN006)",2026-06-02
9950868,Seagate Exos X16 패키지 7200/256M ST14000NM001G (4x14TB),2026-06-01
9950859,Seagate IronWolf Pro 패키지 7200/256M ST12000NE0008 (4x12TB),2026-06-01
9950850,Seagate IronWolf Pro 패키지 7200/256M ST10000NE0008 (4x10TB),2026-06-01
9950835,Seagate IronWolf Pro 패키지 7200/256M ST8000NE001 (4x8TB),2026-06-01
9950805,Seagate IronWolf 패키지 7200/256M ST12000VN0007 (4x12TB),2026-06-01
9950556,Seagate IronWolf 패키지 5900/64M ST2000VN004 (4x2TB),2026-06-01
99478238,"Synology Enterprise Series 7200/512M/해외구매 (18TB, HAT5310-18T)",2026-06-01
9896460,"Western Digital WD RED Pro 7200/256M (12TB, WD121KFBX)",2026-06-01
98415446,Seagate IronWolf Pro 패키지 7200/512M ST28000NT000 (4x28TB),2026-06-01
98415440,Seagate IronWolf Pro 패키지 7200/512M ST28000NT000 (2x28TB),2026-06-01
98415431,Seagate IronWolf Pro 패키지 7200/512M ST28000NT000 (1x28TB),2026-06-01
98415407,Seagate IronWolf Pro 패키지 7200/512M ST30000NT011 (1x30TB),2026-06-01
98415116,"Seagate IronWolf Pro 7200/512M (28TB, ST28000NT000)",2026-06-01
9809001,"Seagate Exos 7E2 7200/128M/해외구매 (2TB, ST2000NM0008)",2026-06-01
9721698,"Seagate BarraCuda 5400/256M/해외구매 (2TB, ST2000DM005)",2026-06-01
9721467,"Seagate IronWolf 7200/256M/해외구매 (12TB, ST12000VN0008)",2026-06-01
9721404,"Seagate BarraCuda 5400/256M/해외구매 (6TB, ST6000DM003)",2026-06-01
9721383,"Seagate BarraCuda 5400/256M/해외구매 (8TB, ST8000DM004)",2026-06-01
9721140,"Seagate BarraCuda 5400/128M/노트북용/해외구매 (4TB, ST4000LM024)",2026-06-01
96986180,"Western Digital WD RED Plus 7200/512M/해외구매 (10TB, WD100EFGX)",2026-06-01
9692211,"Seagate Exos 7E8 SAS/7200/256M/해외구매 (6TB, ST6000NM0095)",2026-06-01
9692145,"Seagate Exos 7E8 7200/256M/해외구매 (6TB, ST6000NM0115)",2026-06-01
96775247,"Seagate Exos 7E8 7200/128M/해외구매 (ST4000NM0115, 4TB)",2026-06-01
95928110,"Seagate SkyHawk AI 7200/512M (20TB, ST20000VE003)",2026-06-01
95526017,"Western Digital Ultrastar DC HC580 7200/512M/해외구매 (22TB, WUH722422ALE6L4)",2026-06-01
95343791,"Synology Plus Series 7200/512M (8TB, HAT3320-8T)",2026-06-01
94815542,Western Digital Ultrastar DC HC590 박스 패키지 7200/512M WUH722624ALE6L4 (4x24TB),2026-06-01
94815539,Western Digital Ultrastar DC HC590 박스 패키지 7200/512M WUH722624ALE6L4 (2x24TB),2026-06-01
94815530,Western Digital Ultrastar DC HC590 박스 패키지 7200/512M WUH722624ALE6L4 (24TB),2026-06-01
94815440,"Western Digital Ultrastar DC HC590 7200/512M (24TB, WUH722624ALE6L4)",2026-06-01
94815380,Western Digital Ultrastar DC HC580 박스 패키지 7200/512M WUH722422ALE6L4 (4x22TB),2026-06-01
94815371,Western Digital Ultrastar DC HC580 박스 패키지 7200/512M WUH722422ALE6L4 (2x22TB),2026-06-01
94815359,Western Digital Ultrastar DC HC580 박스 패키지 7200/512M WUH722422ALE6L4 (22TB),2026-06-01
94815338,"Western Digital Ultrastar DC HC580 7200/512M (22TB, WUH722422ALE6L4)",2026-06-01
94815149,Western Digital Ultrastar DC HC555 박스 패키지 7200/512M WUH722020CLE6L4 (4x20TB),2026-06-01
94815143,Western Digital Ultrastar DC HC555 박스 패키지 7200/512M WUH722020CLE6L4 (2x20TB),2026-06-01
94815101,Western Digital Ultrastar DC HC555 박스 패키지 7200/512M WUH722020CLE6L4 (20TB),2026-06-01
94815044,"Western Digital Ultrastar DC HC555 7200/512M (20TB, WUH722020CLE6L4)",2026-06-01
94812794,Western Digital Ultrastar DC HC555 박스 패키지 7200/512M WUH722014CLE6L4 (4x14TB),2026-06-01
94812785,Western Digital Ultrastar DC HC555 박스 패키지 7200/512M WUH722014CLE6L4 (2x14TB),2026-06-01
94812779,Western Digital Ultrastar DC HC555 박스 패키지 7200/512M WUH722014CLE6L4 (14TB),2026-06-01
94812674,"Western Digital Ultrastar DC HC555 7200/512M (14TB, WUH722014CLE6L4)",2026-06-01
94812380,Western Digital Ultrastar DC HA340 7200/512M 박스 패키지 WUS721212BLE6L4 (4x12TB),2026-06-01
94812362,Western Digital Ultrastar DC HA340 7200/512M 박스 패키지 WUS721212BLE6L4 (2x12TB),2026-06-01
94812350,Western Digital Ultrastar DC HA340 7200/512M 박스 패키지 WUS721212BLE6L4 (12TB),2026-06-01
94812245,"Western Digital Ultrastar DC HA340 7200/512M (12TB, WUS721212BLE6L4)",2026-06-01
94811102,"Seagate SkyHawk AI 7200/512M/해외구매 (12TB, ST12000VE003)",2026-06-01
94811081,"Seagate SkyHawk AI 7200/512M (12TB, ST12000VE003)",2026-06-01
94810856,"Seagate SkyHawk AI 7200/512M (16TB, ST16000VE004)",2026-06-01
9442020,"Seagate SkyHawk 5400/256M/해외구매 (6TB, ST6000VX001)",2026-06-01
94201148,Seagate IronWolf Pro 패키지 7200/512M ST30000NT011 (4x30TB),2026-06-01
94201127,Seagate IronWolf Pro 패키지 7200/512M ST30000NT011 (2x30TB),2026-06-01
9416958,"Sebap Amigos 5400/256M/리퍼비시 (6TB, SM1600RS)",2026-06-01
94129232,"Seagate Exos 7200/512M (28TB, ST28000NM003K)",2026-06-01
94129154,"Seagate Exos 7200/512M (30TB, ST30000NM004K)",2026-06-01
94089323,"Seagate IronWolf Pro 7200/512M (30TB, ST30000NT011)",2026-06-01
940400,"Western Digital WD Caviar Blue SATA2/7200/16M/리퍼비시 (500GB, WD5000AAKS)",2026-06-01
94024697,"도시바 MG10AFA Enterprise 7200/512M/해외구매 (22TB, MG10AFA22T)",2026-06-01
93859805,"Seagate Exos 7200/512M/해외구매 (30TB, ST30000NM004K)",2026-06-01
93699137,"도시바 MG11ACA Enterprise 7200/512M/해외구매 (24TB, MG11ACA24T)",2026-06-01
93564554,"도시바 N300 7200/512M/해외구매 (8TB, HDWG780)",2026-06-01
93564461,"도시바 N300 7200/512M/해외구매 (12TB, HDWG51C)",2026-06-01
9350160,"Seagate IronWolf Pro 7200/256M (16TB, ST16000NE000)",2026-06-01
9349875,"Seagate IronWolf Pro 7200/256M (12TB, ST12000NE0008)",2026-06-01
93496754,Seagate IronWolf Pro 패키지 7200/256M ST16000NT001 (12x16TB),2026-06-01
93496751,Seagate IronWolf Pro 패키지 7200/256M ST16000NT001 (10x16TB),2026-06-01
9349524,"Seagate IronWolf Pro 7200/256M (10TB, ST10000NE0008)",2026-06-01
9349299,"Seagate IronWolf Pro 7200/256M (8TB, ST8000NE001)",2026-06-01
9349110,"Seagate IronWolf Pro 7200/256M (6TB, ST6000NE000)",2026-06-01
9348885,"Seagate IronWolf Pro 7200/256M (4TB, ST4000NE001)",2026-06-01
9348588,"Seagate IronWolf 7200/256M (16TB, ST16000VN001)",2026-06-01
9348369,"Seagate IronWolf 7200/256M (12TB, ST12000VN0008)",2026-06-01
9348111,"Seagate IronWolf 7200/256M (10TB, ST10000VN0008)",2026-06-01
9346551,"Seagate SkyHawk AI 7200/256M (14TB, ST14000VE0008)",2026-06-01
9346494,"Seagate SkyHawk AI 7200/256M (12TB, ST12000VE0008)",2026-06-01
9346392,"Seagate SkyHawk AI 7200/256M (10TB, ST10000VE0008)",2026-06-01
9345102,"Seagate SkyHawk 7200/256M (8TB, ST8000VX004)",2026-06-01
9344829,"Seagate SkyHawk 5400/256M (6TB, ST6000VX001)",2026-06-01
9344370,"Seagate SkyHawk 5400/64M (3TB, ST3000VX009)",2026-06-01
93386579,Seagate IronWolf Pro 패키지 7200/256M ST6000NT001 (16x6TB),2026-06-01
93386573,Seagate IronWolf Pro 패키지 7200/256M ST6000NT001 (12x6TB),2026-06-01
93386570,Seagate IronWolf Pro 패키지 7200/256M ST6000NT001 (10x6TB),2026-06-01
92621669,"도시바 MG11ACA Enterprise 7200/512M (24TB, MG11ACA24T)",2026-06-01
92237402,"Western Digital WD RED Pro 7200/512M/해외구매 (10TB, WD103KFBX)",2026-06-01
92237396,"Western Digital WD Purple Pro 7200/512M/해외구매 (10TB, WD102PURP)",2026-06-01
92233364,"도시바 MG10ADA Enterprise 7200/512M/해외구매 (8TB, MG10ADA800)",2026-06-01
92146445,Seagate IronWolf Pro 패키지 7200/256M ST16000NT001 (8x16TB),2026-06-01
92146436,Seagate IronWolf Pro 패키지 7200/256M ST16000NT001 (6x16TB),2026-06-01
92146433,Seagate IronWolf Pro 패키지 7200/256M ST16000NT001 (5x16TB),2026-06-01
92146421,Seagate IronWolf Pro 패키지 7200/256M ST16000NT001 (3x16TB),2026-06-01
92146352,Seagate IronWolf Pro 패키지 7200/256M ST12000NT001 (8x12TB),2026-06-01
92146328,Seagate IronWolf Pro 패키지 7200/256M ST12000NT001 (6x12TB),2026-06-01
92146325,Seagate IronWolf Pro 패키지 7200/256M ST12000NT001 (5x12TB),2026-06-01
92146313,Seagate IronWolf Pro 패키지 7200/256M ST12000NT001 (3x12TB),2026-06-01
91910000,"Western Digital WD RED Pro 7200/512M (26TB, WD260KFGX)",2026-06-01
91909982,"Western Digital WD RED Pro 7200/512M (10TB, WD103KFBX)",2026-06-01
91909778,"Western Digital WD RED Plus 7200/512M (12TB, WD120EFGX)",2026-06-01
91909769,"Western Digital WD RED Plus 7200/512M (10TB, WD100EFGX)",2026-06-01
91869809,"Western Digital WD Purple 5400/64M/해외구매 (2TB, WD23PURZ)",2026-06-01
91867322,"Seagate Exos X24 SAS/7200/512M (16TB, ST16000NM007H)",2026-06-01
91634552,"도시바 MG10ACA Enterprise 7200/512M/해외구매 (20TB, MG10ACA20T)",2026-06-01
91495598,"Western Digital WD RED Pro 7200/512M/해외구매 (20TB, WD202KFGX)",2026-06-01
91495454,"Western Digital WD Blue 7200/512M/해외구매 (12TB, WD120EAGZ)",2026-06-01
91351064,"Western Digital WD Blue 7200/512M (12TB, WD120EAGZ)",2026-06-01
91351049,"Western Digital WD Blue 7200/512M (10TB, WD100EAGZ)",2026-06-01
91346153,"Western Digital Ultrastar DC HC590 7200/512M/해외구매 (26TB, WUH722626ALE6L4)",2026-06-01
89730497,"Seagate Exos X24 7200/512M (16TB, ST16000NM002H)",2026-06-01
89730467,"Seagate Exos X24 7200/512M (12TB, ST12000NM002H)",2026-06-01
88234007,"Seagate Exos X24 SAS/7200/512M (12TB, ST12000NM007H)",2026-06-01
8386257,"HP 미드라인 SAS/7.2K/해외구매 (1TB, 765464-B21)",2026-06-01
8386143,HP 엔터프라이즈 SAS/10K/해외구매 (600GB 872477-B21),2026-06-01
8385051,"HP 미드라인 SAS/7.2K (1TB, 765464-B21)",2026-06-01
8384409,"HP 엔터프라이즈 SAS/10K (600GB, 872477-B21)",2026-06-01
81062234,"Western Digital Ultrastar DC HA340 7200/256M (6TB, WUS721206BLE6L4)",2026-06-01
80979842,"Western Digital Ultrastar DC HA340 7200/256M (8TB, WUS721208BLE6L4)",2026-06-01
80570033,"Western Digital WD BLACK 7200/512M/해외구매 (10TB, WD102FZBX)",2026-06-01
8038720,"도시바 N300 7200/256M (14TB, HDWG21E)",2026-06-01
8038582,"도시바 N300 7200/256M (12TB, HDWG21C)",2026-06-01
8038525,"도시바 N300 7200/256M (10TB, HDWG11A)",2026-06-01
8038507,"도시바 N300 7200/256M (8TB, HDWG180)",2026-06-01
8038489,"도시바 N300 7200/128M (6TB, HDWN160)",2026-06-01
8038456,"도시바 N300 7200/128M (4TB, HDWQ140)",2026-06-01
80151281,"Seagate BarraCuda 7200/512M/해외구매 (16TB, ST16000DM001)",2026-06-01
80149628,Western Digital Ultrastar DC HA340 박스 패키지 7200/256M WUS721208BLE6L4 (2x8TB),2026-06-01
80149619,Western Digital Ultrastar DC HA340 박스 패키지 7200/256M WUS721208BLE6L4 (8TB),2026-06-01
80149532,Western Digital Ultrastar DC HA340 박스 패키지 7200/256M WUS721208BLE6L4 (4x8TB),2026-06-01
80149481,Western Digital Ultrastar DC HA340 박스 패키지 7200/256M WUS721206BLE6L4 (2x6TB),2026-06-01
79858160,Western Digital Ultrastar DC HA340 박스 패키지 7200/256M WUS721206BLE6L4 (4x6TB),2026-06-01
79858124,Western Digital Ultrastar DC HA340 박스 패키지 7200/256M WUS721206BLE6L4 (6TB),2026-06-01
79857719,"Synology Enterprise Series 7200/512M/해외구매 (8TB, HAT5310-8T)",2026-06-01
79857653,"Synology Enterprise Series 7200/512M/해외구매 (20TB, HAT5310-20T)",2026-06-01
7976029,"Western Digital WD RED 5400/256M (6TB, WD60EFAX)",2026-06-01
7975942,"Western Digital WD RED 5400/256M (2TB, WD20EFAX)",2026-06-01
79556381,"Western Digital WD Ultrastar DC HC555 SAS/7200/512M (16TB, WUH722016CL5204)",2026-06-01
79556348,"Western Digital WD Ultrastar DC HC555 SAS/7200/512M (18TB, WUH722018CL5204)",2026-06-01
79114211,Seagate IronWolf 패키지 5400/256M ST8000VN002 (12x8TB),2026-06-01
78999047,"Seagate BarraCuda 7200/512M/해외구매 (20TB, ST20000DM001)",2026-06-01
78999002,"Seagate BarraCuda 7200/512M/해외구매 (24TB, ST24000DM001)",2026-06-01
78845657,"도시바 MG08ADA Enterprise 7200/256M (6TB, MG08ADA600)",2026-06-01
78845597,"도시바 MG08ADA Enterprise 7200/256M (8TB, MG08ADA800)",2026-06-01
78845477,"도시바 MG08ADA Enterprise 7200/256M (4TB, MG08ADA400)",2026-06-01
78785972,Seagate IronWolf 패키지 5400/256M ST4000VN006 (12x4TB),2026-06-01
78711674,Western Digital Ultrastar DC HC555 박스 패키지 7200/512M WUH722016CLE6L4 (4x16TB),2026-06-01
78711665,Western Digital Ultrastar DC HC555 박스 패키지 7200/512M WUH722016CLE6L4 (2x16TB),2026-06-01
78711641,Western Digital Ultrastar DC HC555 박스 패키지 7200/512M WUH722016CLE6L4 (16TB),2026-06-01
78711398,"Western Digital Ultrastar DC HC555 7200/512M (16TB, WUH722016CLE6L4)",2026-06-01
78310841,"Seagate Exos X24 SAS/7200/512M (20TB, ST20000NM007H)",2026-06-01
78101651,Western Digital Ultrastar DC HC590 박스 패키지 7200/512M WUH722626ALE6L4 (4x26TB),2026-06-01
78101630,Western Digital Ultrastar DC HC590 박스 패키지 7200/512M WUH722626ALE6L4 (2x26TB),2026-06-01
78101576,Western Digital Ultrastar DC HC590 박스 패키지 7200/512M WUH722626ALE6L4 (26TB),2026-06-01
78096329,"Western Digital WD RED Pro 7200/512M/해외구매 (26TB, WD260KFGX)",2026-06-01
7799083,"Seagate BarraCuda 7200/32M/해외구매 (500GB, ST500DM009)",2026-06-01
77962076,"도시바 N300 7200/512M/해외구매 (16TB, HDWG51G)",2026-06-01
77961683,"Western Digital WD GOLD 7200/512M/해외구매 (10TB, WD103KRYZ)",2026-06-01
77861276,"도시바 N300 PRO 7200/512M/해외구매 (20TB, HDWG62AXZSTB)",2026-06-01
77788715,"Western Digital Ultrastar DC HC590 SAS/7200/512M (26TB, WUH722626AL5204)",2026-06-01
77788532,"Western Digital Ultrastar DC HC590 7200/512M (26TB, WUH722626ALE6L4)",2026-06-01
77788166,"Seagate BarraCuda 7200/512M (24TB, ST24000DM001)",2026-06-01
77788115,"Seagate BarraCuda 7200/512M (20TB, ST20000DM001)",2026-06-01
77788049,"Seagate BarraCuda 7200/512M (16TB, ST16000DM001)",2026-06-01
77621444,"도시바 N300 7200/512M/해외구매 (4TB, HDWG740)",2026-06-01
7721707,"도시바 MQ04 5400/128M/노트북용 (1TB, MQ04ABF100)",2026-06-01
76947098,"Western Digital WD RED Pro 7200/512M/해외구매 (24TB, WD240KFGX)",2026-06-01
76875500,Western Digital Ultrastar DC HA340 패키지 7200/256M WUS721204BLE6L4 (2x4TB),2026-06-01
76512770,"Seagate Exos X24 7200/512M (20TB, ST20000NM002H)",2026-06-01
76511003,"Western Digital WD RED Pro 7200/256M/해외구매 (8TB, WD8005FFBX)",2026-06-01
76404461,"도시바 L200 5400/128M/해외구매 (2TB, HDWL120XZSTA)",2026-06-01
76402004,"Western Digital Ultrastar DC HC580 SAS/7200/512M (24TB, WUH722424AL5204)",2026-06-01
7617349,Western Digital Ultrastar DC HC530 박스 패키지 7200/512M WUH721414ALE6L4 (4x14TB),2026-06-01
7617322,Western Digital Ultrastar DC HC530 박스 패키지 7200/512M WUH721414ALE6L4 (2x14TB),2026-06-01
7617292,Western Digital Ultrastar DC HC530 박스 패키지 7200/512M WUH721414ALE6L4 (14TB),2026-06-01
7617268,Western Digital Ultrastar DC HC520 박스 패키지 7200/256M HUH721212ALE600 (4x12TB),2026-06-01
7617262,Western Digital Ultrastar DC HC520 박스 패키지 7200/256M HUH721212ALE600 (2x12TB),2026-06-01
7617235,Western Digital Ultrastar DC HC520 박스 패키지 7200/256M HUH721212ALE600 (12TB),2026-06-01
7617181,Western Digital Ultrastar DC HC510 박스 패키지 7200/256M HUH721010ALE600 (10TB),2026-06-01
7617142,Western Digital Ultrastar DC HC320 박스 패키지 7200/256M HUS728T8TALE6L4 (4x8TB),2026-06-01
7617133,Western Digital Ultrastar DC HC320 박스 패키지 7200/256M HUS728T8TALE6L4 (2x8TB),2026-06-01
7617112,Western Digital Ultrastar DC HC320 박스 패키지 7200/256M HUS728T8TALE6L4 (8TB),2026-06-01
7617088,Western Digital Ultrastar DC HC310 박스 패키지 7200/256M HUS726T6TALE6L4 (4x6TB),2026-06-01
7617073,Western Digital Ultrastar DC HC310 박스 패키지 7200/256M HUS726T6TALE6L4 (2x6TB),2026-06-01
7617046,Western Digital Ultrastar DC HC310 박스 패키지 7200/256M HUS726T6TALE6L4 (6TB),2026-06-01
7616938,Western Digital Ultrastar DC HC310 박스 패키지 7200/256M HUS726T4TALA6L4 (4x4TB),2026-06-01
7616926,Western Digital Ultrastar DC HC310 박스 패키지 7200/256M HUS726T4TALA6L4 (2x4TB),2026-06-01
7616842,Western Digital Ultrastar DC HC310 박스 패키지 7200/256M HUS726T4TALA6L4 (4TB),2026-06-01
75993632,"Synology Enterprise SAS/7200/256M/해외구매 (12TB, HAS5300-12T)",2026-06-01
75857102,"도시바 S300 PRO 7200/512M (4TB, HDWTA40)",2026-06-01
75857093,"도시바 S300 PRO 7200/512M (6TB, HDWTA60)",2026-06-01
75857054,"도시바 S300 PRO 7200/512M (8TB, HDWTA80)",2026-06-01
75857006,"도시바 S300 PRO 7200/512M (10TB, HDWTA1A)",2026-06-01
75536882,"Western Digital WD Purple Pro 7200/256M/해외구매 (8TB, WD8002PURP)",2026-06-01
75536789,"Western Digital WD Purple Pro 7200/512M (10TB, WD102PURP)",2026-06-01
75465824,"도시바 MG10AFA Enterprise 7200/512M (22TB, MG10AFA22T)",2026-06-01
75465794,"도시바 MG09ACA Enterprise 7200/512M (16TB, MG09ACA16T)",2026-06-01
75465788,"도시바 MG09ACA Enterprise 7200/512M (14TB, MG09ACA14T)",2026-06-01
75465764,"도시바 MG10ADA Enterprise 7200/512M (6TB, MG10ADA600)",2026-06-01
75465731,"도시바 MG10ADA Enterprise 7200/512M (4TB, MG10ADA400)",2026-06-01
7533853,"Seagate BarraCuda 7200/256M/해외구매 (2TB, ST2000DM008)",2026-06-01
75072806,"Western Digital WD Purple Pro 7200/512M (14TB, WD142PURP)",2026-06-01
75072779,"Western Digital WD Purple Pro 7200/512M (12TB, WD122PURP)",2026-06-01
75072632,"Western Digital WD Purple Pro 7200/256M (8TB, WD8002PURP)",2026-06-01
74971868,"도시바 N300 7200/512M (4TB, HDWG740)",2026-06-01
74971859,"도시바 N300 7200/512M (6TB, HDWG760)",2026-06-01
74971853,"도시바 N300 7200/512M (8TB, HDWG780)",2026-06-01
74971835,"도시바 N300 7200/512M (10TB, HDWG71A)",2026-06-01
74971826,"도시바 N300 7200/512M (12TB, HDWG51C)",2026-06-01
74971820,"도시바 N300 7200/512M (14TB, HDWG51E)",2026-06-01
74971805,"도시바 N300 7200/512M (16TB, HDWG51G)",2026-06-01
74971682,"도시바 N300 7200/512M (22TB, HDWG62C)",2026-06-01
74013362,"도시바 X300 7200/256M 해외구매 (12TB, HDWR21C)",2026-06-01
73948865,Western Digital Ultrastar DC HC555 박스 패키지 7200/512M WUH722018CLE6L4 (4x18TB),2026-06-01
73948826,Western Digital Ultrastar DC HC555 박스 패키지 7200/512M WUH722018CLE6L4 (2x18TB),2026-06-01
73948778,Western Digital Ultrastar DC HC555 박스 패키지 7200/512M WUH722018CLE6L4 (18TB),2026-06-01
73948616,"Western Digital Ultrastar DC HC555 7200/512M (18TB, WUH722018CLE6L4)",2026-06-01
7376608,"HP 엔터프라이즈 SAS/10K/해외구매 (1.2TB, 781518-B21)",2026-06-01
7376530,"HP 엔터프라이즈 SAS/10K/해외구매 (300GB, 785067-B21)",2026-06-01
7368727,"HP 엔터프라이즈 SAS/10K (300GB, 785067-B21)",2026-06-01
73561721,Western Digital Ultrastar DC HC550 박스 패키지 7200/512M WUH721814ALE6L4 (4x14TB),2026-06-01
73561715,Western Digital Ultrastar DC HC550 박스 패키지 7200/512M WUH721814ALE6L4 (2x14TB),2026-06-01
73561691,Western Digital Ultrastar DC HC550 박스 패키지 7200/512M WUH721814ALE6L4 (14TB),2026-06-01
73561364,"Western Digital Ultrastar DC HC550 7200/512M (14TB, WUH721814ALE6L4)",2026-06-01
73560443,Western Digital Ultrastar DC HA340 박스 패키지 7200/256M WUS721204BLE6L4 (4x4TB),2026-06-01
73560440,Western Digital Ultrastar DC HA340 박스 패키지 7200/256M WUS721204BLE6L4 (2x4TB),2026-06-01
73560437,Western Digital Ultrastar DC HA340 박스 패키지 7200/256M WUS721204BLE6L4 (4TB),2026-06-01
73560431,Western Digital Ultrastar DC HA340 박스 패키지 7200/256M WUS721206BLE604 (4x6TB),2026-06-01
73560422,Western Digital Ultrastar DC HA340 박스 패키지 7200/256M WUS721206BLE604 (2x6TB),2026-06-01
73560404,Western Digital Ultrastar DC HA340 박스 패키지 7200/256M WUS721206BLE604 (6TB),2026-06-01
73560392,Western Digital Ultrastar DC HA340 박스 패키지 7200/256M WUS721208BLE604 (4x8TB),2026-06-01
73560386,Western Digital Ultrastar DC HA340 박스 패키지 7200/256M WUS721208BLE604 (2x8TB),2026-06-01
73560383,Western Digital Ultrastar DC HA340 박스 패키지 7200/256M WUS721208BLE604 (8TB),2026-06-01
73560314,"Western Digital Ultrastar DC HA340 7200/256M (4TB, WUS721204BLE6L4)",2026-06-01
73560305,"Western Digital Ultrastar DC HA340 7200/256M (6TB, WUS721206BLE604)",2026-06-01
73560293,"Western Digital Ultrastar DC HA340 7200/256M (8TB, WUS721208BLE604)",2026-06-01
73560272,"Western Digital Ultrastar DC HA340 7200/512M (10TB, WUS721210BLE604)",2026-06-01
73559744,"Western Digital Ultrastar DC HA340 7200/512M (12TB, WUS721212BLE604)",2026-06-01
73253615,Western Digital WD RED Plus 패키지 7200/256M WD120EFBX (2x12TB),2026-06-01
73253600,Western Digital WD RED Plus 패키지 7200/256M WD120EFBX (4x12TB),2026-06-01
7309756,"HP 엔터프라이즈 SAS/10K/해외구매 (600GB, 781516-B21)",2026-06-01
7309750,"HP 미드라인 SATA3/7200/해외구매 (1TB, 655710-B21)",2026-06-01
7309063,"HP 엔터프라이즈 SAS/10K (600GB, 781516-B21)",2026-06-01
7308796,"HP 미드라인 SATA3/7200 (1TB, 655710-B21)",2026-06-01
73074581,"도시바 MG09ACA Enterprise 7200/512M (12TB, MG09ACA12T)",2026-06-01
73074497,"도시바 MG10ADA Enterprise 7200/512M (10TB, MG10ADA10T)",2026-06-01
7298278,"Western Digital Ultrastar DC HC320 SAS/7200/256M (8TB, HUS728T8TAL5204)",2026-06-01
7298146,"Western Digital Ultrastar DC HC310 7200/256M (6TB, HUS726T6TALE6L4)",2026-06-01
7298104,"Western Digital Ultrastar DC HC310 SAS/7200/256M (6TB, HUS726T6TAL5204)",2026-06-01
72979271,"도시바 MG10ADA Enterprise 7200/512M (8TB, MG10ADA800)",2026-06-01
72979229,"도시바 MG10ADA Enterprise 7200/512M (2TB, MG10ADA200)",2026-06-01
7297729,"Western Digital Ultrastar DC HC520 SAS/7200/256M (12TB, HUH721212AL5204)",2026-06-01
7297303,"Western Digital Ultrastar DC HC520 7200/256M (12TB, HUH721212ALE600)",2026-06-01
7297210,"Western Digital Ultrastar DC HC510 7200/256M (10TB, HUH721010ALE600)",2026-06-01
7296718,"Western Digital Ultrastar DC HC510 7200/256M (8TB, HUH721008ALE600)",2026-06-01
7296325,"Western Digital Ultrastar DC HC310 SAS/7200/256M (4TB, HUS726T4TAL5204)",2026-06-01
7295842,"Western Digital Ultrastar DC HA210 7200/128M (2TB, HUS722T2TALA604)",2026-06-01
7295668,"Western Digital Ultrastar DC HA210 7200/128M (1TB, HUS722T1TALA604)",2026-06-01
72590651,"Western Digital WD Blue 5400/64M/해외구매 (2TB, WD20EARZ)",2026-06-01
72305489,Seagate IronWolf Pro 패키지 7200/256M ST8000NT001 (3x8TB),2026-06-01
72305477,Seagate IronWolf Pro 패키지 7200/256M ST8000NT001 (5x8TB),2026-06-01
72006833,"Western Digital WD RED Pro 7200/512M (24TB, WD240KFGX)",2026-06-01
71904200,"Western Digital WD Blue 7200/64M/해외구매 (1TB, WD10EZEX)",2026-06-01
71902622,"Western Digital WD RED Pro 7200/256M (4TB, WD4005FFBX)",2026-06-01
7137502,"Sebap Amigos 5400/64M/리퍼비시 (4TB, SM1400RS)",2026-06-01
7137433,"Sebap Amigos 5400/64M/리퍼비시 (3TB, SM1300RS)",2026-06-01
7137400,"Sebap Amigos 5400/64M/리퍼비시 (2TB, SM1200RS)",2026-06-01
7137346,"Sebap Amigos 7200/64M/리퍼비시 (1TB, SM1100RS)",2026-06-01
71161862,"도시바 N300 PRO 7200/512M/해외구매 (22TB, HDWG62CXZSTB)",2026-06-01
71161583,"도시바 S300 PRO 7200/512M/해외구매 (8TB, HDWTA80UZSVAR)",2026-06-01
7080283,"Western Digital Ultrastar DC HC530 7200/512M (14TB, WUH721414ALE6L4)",2026-06-01
70770158,"도시바 X300 Refresh 7200/512M (4TB, HDWR740)",2026-06-01
70770152,"도시바 X300 Refresh 7200/512M (6TB, HDWR760)",2026-06-01
70770143,"도시바 X300 Refresh 7200/512M (8TB, HDWR780)",2026-06-01
70770140,"도시바 X300 Refresh 7200/512M (10TB, HDWR71A)",2026-06-01
70769465,"Western Digital WD GOLD 7200/256M/해외구매 (10TB, WD102KRYZ)",2026-06-01
70006454,"Western Digital WD GOLD 7200/256M 해외구매 (4TB, WD4004FRYZ)",2026-06-01
70003292,"도시바 S300 PRO 7200/512M/해외구매 (10TB, HDWTA1AUZSVAR)",2026-06-01
6985345,"도시바 MG07ACA Enterprise 7200/256M (14TB, MG07ACA14T)",2026-06-01
6985306,"도시바 MG07ACA Enterprise 7200/256M (12TB, MG07ACA12T)",2026-06-01
6985252,"도시바 MG06A Enterprise 7200/256M (10TB, MG06ACA10T)",2026-06-01
6985186,"도시바 MG06A Enterprise 7200/256M (8TB, MG06ACA800)",2026-06-01
6984760,"도시바 MG04ACA Enterprise 7200/128M (1TB, MG04ACA100)",2026-06-01
69699818,Western Digital Ultrastar DC HC320 박스 패키지 SAS/7200/256M HUS728T8TAL (8TB),2026-06-01
69470579,Western Digital Ultrastar DC HC560 박스 패키지 7200/512M WUH722020BLE6L4 (4x20TB),2026-06-01
69470558,Western Digital Ultrastar DC HC560 박스 패키지 7200/512M WUH722020BLE6L4 (2x20TB),2026-06-01
69470549,"Western Digital Ultrastar DC HC560 7200/512M (20TB, WUH722020BLE6L4)",2026-06-01
69470444,Western Digital Ultrastar DC HC560 박스 패키지 7200/512M WUH722020BLE6L4 (20TB),2026-06-01
69470399,"Western Digital Ultrastar DC HC560 7200/512M/해외구매 (20TB, WUH722020BLE6L4)",2026-06-01
68918435,"Western Digital WD Purple Pro 7200/512M/해외구매 (18TB, WD181PURP)",2026-06-01
68917079,"Western Digital WD Purple Pro 7200/512M/해외구매 (22TB, WD221PURP)",2026-06-01
68691866,"Western Digital WD Purple 5640/128M/해외구매 (8TB, WD84PURZ)",2026-06-01
68575934,"Seagate SkyHawk 5400/256M/해외구매 (6TB, ST6000VX009)",2026-06-01
68575277,Seagate IronWolf 패키지 5400/256M ST8000VN002 (10x8TB),2026-06-01
68575268,Seagate IronWolf 패키지 5400/256M ST8000VN002 (8x8TB),2026-06-01
68575262,Seagate IronWolf 패키지 5400/256M ST8000VN002 (6x8TB),2026-06-01
68575259,Seagate IronWolf 패키지 5400/256M ST8000VN002 (5x8TB),2026-06-01
68575247,Seagate IronWolf 패키지 5400/256M ST8000VN002 (4x8TB),2026-06-01
68536574,"Seagate Exos 7E10 7200/256M/해외구매 (8TB, ST8000NM017B)",2026-06-01
68536445,"Seagate Exos 7E8 7200/256M/해외구매 (8TB, ST8000NM000A)",2026-06-01
68536373,"Seagate Exos 7E10 7200/256M/해외구매 (2TB, ST2000NM000B)",2026-06-01
68534528,"Western Digital WD BLACK 7200/256M/해외구매 (8TB, WD8002FZBX)",2026-06-01
68440355,"도시바 MG09ACA Enterprise 7200/512M/해외구매 (18TB, MG09ACA18T)",2026-06-01
68440127,"Western Digital WD Purple 5400/256M/해외구매 (4TB, WD43PURZ)",2026-06-01
68366825,"도시바 N300 7200/256M/해외구매 (8TB, HDWG480)",2026-06-01
68364803,"Seagate Exos X20 SAS/7200/256M/해외구매 (20TB, ST20000NM002D)",2026-06-01
67681715,"Western Digital WD RED Plus 5400/64M/해외구매 (2TB, WD20EFPX)",2026-06-01
67371260,"Seagate BarraCuda Pro 7200/256M/해외구매 (14TB, ST14000DM001)",2026-06-01
67371185,"Seagate BarraCuda 7200/256M/해외구매 (1TB, ST1000DM014)",2026-06-01
6655927,"Seagate Exos 15E900 SAS/15K/256M (900GB, ST900MP0146)",2026-06-01
6655822,"Seagate Exos 15E900 SAS/15K/256M (300GB, ST300MP0106)",2026-06-01
66138752,"Western Digital WD Purple 5400/64M/해외구매 (1TB, WD11PURZ)",2026-06-01
6579048,"HGST Ultrastar He8 7200/128M/해외구매 (8TB, HUH728080ALE600)",2026-06-01
6575830,"Western Digital WD Purple 7200/256M (12TB, WD121PURZ)",2026-06-01
6573053,"Western Digital WD RED Pro 7200/256M (8TB, WD8003FFBX)",2026-06-01
6572991,"Western Digital WD RED Pro 7200/256M (6TB, WD6003FFBX)",2026-06-01
6545078,"Seagate BarraCuda 7200/256M (2TB, ST2000DM008)",2026-06-01
65431049,"Western Digital WD RED Pro 7200/256M (8TB, WD8005FFBX)",2026-06-01
6527903,"HGST Ultrastar 7K6 SAS/7200/256M (4TB, HUS726T4TAL5204)",2026-06-01
6527882,"Seagate Exos 15E900 SAS/15K/256M (600GB, ST600MP0136)",2026-06-01
6526440,"Seagate Exos 10E2400 SAS/10K/256M (600GB, ST600MM0099)",2026-06-01
6526417,"Seagate Exos 10E2400 SAS/10K/256M (1.8TB, ST1800MM0129)",2026-06-01
6526384,"Seagate Exos 10E2400 SAS/10K/256M (2.4TB, ST2400MM0129)",2026-06-01
65224205,"Synology Plus Series 5400/256M/해외구매 (4TB, HAT3300-4T)",2026-06-01
6521135,"Western Digital WD RED Pro 7200/256M (4TB, WD4003FFBX)",2026-06-01
6453429,"Seagate Exos 10E2400 SAS/10K/256M (1.2TB, ST1200MM0129)",2026-06-01
6453319,"Seagate Exos 5E8 5400/256M/해외구매 (8TB, ST8000AS0003)",2026-06-01
6453294,"Seagate Exos 7E2 7200/128M/해외구매 (ST1000NM0008, 1TB)",2026-06-01
6453131,"Seagate Enterprise Capacity SAS/7200/256M/해외구매 (ST6000NM0095, 6TB)",2026-06-01
6453119,"Seagate Exos 7E8 SAS/7200/256M/해외구매 (8TB, ST8000NM0075)",2026-06-01
6453052,"Seagate Exos 7E8 7200/256M/해외구매 (8TB, ST8000NM0055)",2026-06-01
6452131,"Seagate BarraCuda 5400/256M/해외구매 (3TB, ST3000DM007)",2026-06-01
6451870,"Seagate BarraCuda 5400/128M/노트북용/해외구매 (5TB, ST5000LM000)",2026-06-01
6443865,"Western Digital Ultrastar DC HC320 7200/256M (8TB, HUS728T8TALE6L4)",2026-06-01
6443797,"Western Digital Ultrastar DC HC310 7200/256M (4TB, HUS726T4TALA6L4)",2026-06-01
64380278,"Synology Plus Series 5400/256M (2TB, HAT3300-2T)",2026-06-01
63809528,"Seagate IronWolf 7200/256M/해외구매 (10TB, ST10000VN000)",2026-06-01
63562157,"Seagate SkyHawk AI 7200/256M/해외구매 (20TB, ST20000VE002)",2026-06-01
63561530,"Seagate Exos X24 7200/512M/해외구매 (20TB, ST20000NM002H)",2026-06-01
63420605,"Seagate IronWolf 5400/256M/해외구매 (8TB, ST8000VN002)",2026-06-01
63270380,Seagate IronWolf Pro 패키지 7200/256M ST10000NT001 (10x10TB),2026-06-01
63270326,Seagate IronWolf Pro 패키지 7200/256M ST10000NT001 (16x10TB),2026-06-01
63270323,Seagate IronWolf Pro 패키지 7200/256M ST10000NT001 (12x10TB),2026-06-01
63270311,Seagate IronWolf Pro 패키지 7200/256M ST10000NT001 (8x10TB),2026-06-01
63270305,Seagate IronWolf Pro 패키지 7200/256M ST10000NT001 (6x10TB),2026-06-01
63270299,Seagate IronWolf Pro 패키지 7200/256M ST10000NT001 (5x10TB),2026-06-01
63270290,Seagate IronWolf Pro 패키지 7200/256M ST10000NT001 (3x10TB),2026-06-01
63088043,Seagate IronWolf 패키지 5400/256M ST6000VN006 (12x6TB),2026-06-01
63088040,Seagate IronWolf 패키지 5400/256M ST6000VN006 (10x6TB),2026-06-01
63088037,Seagate IronWolf 패키지 5400/256M ST6000VN006 (8x6TB),2026-06-01
63088034,Seagate IronWolf 패키지 5400/256M ST6000VN006 (6x6TB),2026-06-01
63088025,Seagate IronWolf 패키지 5400/256M ST6000VN006 (5x6TB),2026-06-01
63088004,Seagate IronWolf 패키지 5400/256M ST6000VN006 (4x6TB),2026-06-01
63087998,Seagate IronWolf 패키지 5400/256M ST6000VN006 (3x6TB),2026-06-01
63087995,Seagate IronWolf 패키지 5400/256M ST6000VN006 (2x6TB),2026-06-01
62793665,"Seagate SkyHawk 5400/256M/해외구매 (8TB, ST8000VX010)",2026-06-01
62653484,Seagate IronWolf 패키지 5400/256M ST8000VN002 (3x8TB),2026-06-01
62653481,Seagate IronWolf 패키지 5400/256M ST8000VN002 (2x8TB),2026-06-01
62652644,Seagate IronWolf 패키지 5400/256M ST4000VN006 (10x4TB),2026-06-01
62652641,Seagate IronWolf 패키지 5400/256M ST4000VN006 (8x4TB),2026-06-01
62652635,Seagate IronWolf 패키지 5400/256M ST4000VN006 (6x4TB),2026-06-01
62652632,Seagate IronWolf 패키지 5400/256M ST4000VN006 (5x4TB),2026-06-01
62652629,Seagate IronWolf 패키지 5400/256M ST4000VN006 (4x4TB),2026-06-01
62652623,Seagate IronWolf 패키지 5400/256M ST4000VN006 (3x4TB),2026-06-01
62652617,Seagate IronWolf 패키지 5400/256M ST4000VN006 (2x4TB),2026-06-01
62652602,Seagate IronWolf 패키지 7200/256M ST10000VN000 (10x10TB),2026-06-01
62652599,Seagate IronWolf 패키지 7200/256M ST10000VN000 (8x10TB),2026-06-01
62652596,Seagate IronWolf 패키지 7200/256M ST10000VN000 (6x10TB),2026-06-01
62652590,Seagate IronWolf 패키지 7200/256M ST10000VN000 (5x10TB),2026-06-01
62652578,Seagate IronWolf 패키지 7200/256M ST10000VN000 (3x10TB),2026-06-01
62652566,Seagate IronWolf 패키지 7200/256M ST10000VN000 (4x10TB),2026-06-01
62652551,Seagate IronWolf 패키지 7200/256M ST10000VN000 (2x10TB),2026-06-01
62565236,"Western Digital WD Purple 5640/256M (8TB, WD85PURZ)",2026-06-01
61769660,"Seagate IronWolf Pro 7200/256M/해외구매 (8TB, ST8000NT001)",2026-06-01
6108250,"Seagate BarraCuda Pro 7200/128M/노트북용 (500GB, ST500LM034)",2026-06-01
60309929,"도시바 N300 7200/512M/해외구매 (18TB, HDWG51J)",2026-06-01
5993148,"Western Digital WD Purple 5400/64M (6TB, WD60PURZ)",2026-06-01
5993132,"Western Digital WD Purple 5400/128M (8TB, WD80PURZ)",2026-06-01
59928923,"Western Digital WD RED Plus 5640/256M/해외구매 (8TB, WD80EFPX)",2026-06-01
59928887,"Western Digital WD RED Plus 5640/256M (8TB, WD80EFPX)",2026-06-01
59928815,"Western Digital WD RED Plus 5400/256M/해외구매 (3TB, WD30EFPX)",2026-06-01
5862779,"Western Digital WD MOBILE Blue 5400/128M/노트북용 (2TB, WD20SPZX)",2026-06-01
5814316,"Western Digital WD Purple 5400/64M (4TB, WD40PURZ)",2026-06-01
5814289,"Western Digital WD Purple 5400/64M (3TB, WD30PURZ)",2026-06-01
5814214,"Western Digital WD Purple 5400/64M (1TB, WD10PURZ)",2026-06-01
5814177,"Western Digital WD Purple 5400/64M (2TB, WD20PURZ)",2026-06-01
5764992,"Seagate BarraCuda 5400/256M (8TB, ST8000DM004)",2026-06-01
5764951,"Seagate BarraCuda 5400/256M (6TB, ST6000DM003)",2026-06-01
5752736,"Seagate IronWolf 7200/256M (6TB, ST6000VN0033)",2026-06-01
57295163,"Western Digital WD RED Pro 7200/256M (6TB, WD6005FFBX)",2026-06-01
5657614,"Seagate BarraCuda 5400/256M (3TB, ST3000DM007)",2026-06-01
5639108,"Seagate SkyHawk 7200/256M/해외구매 (6TB, ST6000VX0023)",2026-06-01
5639106,"Seagate SkyHawk 5900/64M/해외구매 (4TB, ST4000VX007)",2026-06-01
5639105,"Seagate SkyHawk 5900/64M/해외구매 (1TB, ST1000VX005)",2026-06-01
5639099,"Seagate Enterprise Performance SAS/10K/128M/해외구매 (1.2TB, ST1200MM0088)",2026-06-01
5639092,"Seagate BarraCuda 5400/128M/노트북용/해외구매 (500GB, ST500LM030)",2026-06-01
5639088,"Seagate BarraCuda Pro 7200/256M/해외구매 (10TB, ST10000DM0004)",2026-06-01
5639086,"Seagate IronWolf 5900/64M/해외구매 (2TB, ST2000VN004)",2026-06-01
5639085,"Seagate BarraCuda 5900/64M/해외구매 (ST4000DM005, 4TB)",2026-06-01
5639084,"Seagate IronWolf 5900/64M/해외구매 (3TB, ST3000VN007)",2026-06-01
5639081,"Seagate IronWolf 5900/64M/해외구매 (1TB, ST1000VN002)",2026-06-01
5639077,"Seagate IronWolf 7200/128M/해외구매 (6TB, ST6000VN0041)",2026-06-01
5639066,"Seagate IronWolf 7200/256M/해외구매 (10TB, ST10000VN0004)",2026-06-01
5639062,"Seagate IronWolf 7200/256M/해외구매 (8TB, ST8000VN0022)",2026-06-01
5639055,"Seagate IronWolf 5900/64M/해외구매 (4TB, ST4000VN008)",2026-06-01
5639043,"Seagate BarraCuda 5400/128M/노트북용/해외구매 (2TB, ST2000LM015)",2026-06-01
5639004,"Seagate BarraCuda 5400/128M/노트북용/해외구매 (1TB, ST1000LM048)",2026-06-01
5638974,"Seagate BarraCuda 7200/64M/해외구매 (1TB, ST1000DM010)",2026-06-01
5638941,"Seagate BarraCuda 5400/256M/해외구매 (4TB, ST4000DM004)",2026-06-01
5638421,"Western Digital WD GOLD 7200/256M/해외구매 (10TB, WD101KRYZ)",2026-06-01
5638334,"Western Digital WD RED Pro 7200/64M/해외구매 (2TB, WD2002FFSX)",2026-06-01
55800002,Seagate IronWolf Pro 패키지 7200/256M ST20000NT001 (3x20TB),2026-06-01
5563098,"Seagate IronWolf 7200/256M (12TB, ST12000VN0007)",2026-06-01
55458860,Seagate IronWolf Pro 패키지 7200/256M ST6000NT001 (8x6TB),2026-06-01
55458857,Seagate IronWolf Pro 패키지 7200/256M ST6000NT001 (5x6TB),2026-06-01
55458854,Seagate IronWolf Pro 패키지 7200/256M ST6000NT001 (6x6TB),2026-06-01
55458851,Seagate IronWolf Pro 패키지 7200/256M ST6000NT001 (3x6TB),2026-06-01
5537055,"Seagate BarraCuda 7200/64M/해외구매 (2TB, ST2000DM006)",2026-06-01
54966713,Seagate IronWolf Pro 7200/512M 패키지 ST24000NT002 (8x24TB),2026-06-01
54966710,Seagate IronWolf Pro 7200/512M 패키지 ST24000NT002 (6x24TB),2026-06-01
54966704,Seagate IronWolf Pro 7200/512M 패키지 ST24000NT002 (4x24TB),2026-06-01
54966701,Seagate IronWolf Pro 7200/512M 패키지 ST24000NT002 (3x24TB),2026-06-01
54966698,Seagate IronWolf Pro 7200/512M 패키지 ST24000NT002 (2x24TB),2026-06-01
5487628,"도시바 P300 7200/64M/해외구매 (3TB, HDWD130)",2026-06-01
5386514,"Western Digital WD MOBILE Blue 5400/128M/노트북용 (1TB, WD10SPZX)",2026-06-01
53782220,"Seagate IronWolf Pro 7200/512M/해외구매 (24TB, ST24000NT002)",2026-06-01
5271955,"Western Digital WD Blue 7200/32M/해외구매 (500GB, WD5000AZLX)",2026-06-01
5202018,"도시바 MG05 Enterprise 7200/128M (8TB, MG05ACA800)",2026-06-01
5198822,"Western Digital WD RED 5400/256M (10TB, WD100EFAX)",2026-06-01
5173062,"Seagate BarraCuda 5400/256M (4TB, ST4000DM004)",2026-06-01
5127056,"Western Digital WD Purple 5400/256M (10TB, WD100PURZ)",2026-06-01
50129756,Seagate IronWolf Pro 7200/512M 패키지 ST22000NT001 (16x22TB),2026-06-01
50129753,Seagate IronWolf Pro 7200/512M 패키지 ST22000NT001 (12x22TB),2026-06-01
50129750,Seagate IronWolf Pro 7200/512M 패키지 ST22000NT001 (10x22TB),2026-06-01
50129747,Seagate IronWolf Pro 7200/512M 패키지 ST22000NT001 (8x22TB),2026-06-01
50129744,Seagate IronWolf Pro 7200/512M 패키지 ST22000NT001 (6x22TB),2026-06-01
50129741,Seagate IronWolf Pro 7200/512M 패키지 ST22000NT001 (5x22TB),2026-06-01
4989211,"Seagate BarraCuda 7200/64M/병행수입 (1TB, ST1000DM010)",2026-06-01
4937566,"도시바 DT01 7200/32M/리퍼비시 (1TB, DT01ACA100)",2026-06-01
4897585,HGST Deskstar NAS 패키지 7200/128M HDN726060ALE614 (6TB),2026-06-01
4897498,HGST Deskstar NAS 패키지 7200/128M HDN726040ALE614 (4TB),2026-06-01
4854615,HGST Deskstar NAS 패키지 7200/128M HDN726040ALE614 (2x4TB),2026-06-01
4825210,"Western Digital WD MOBILE Blue 5400/16M/노트북용 (500GB, WD5000LPCX)",2026-06-01
4816900,Western Digital WD 320GB Caviar SE WD3200JB (EIDE/7200/8M/리퍼비시),2026-06-01
4785854,"HGST Ultrastar 7K6000 7200/128M (4TB, HUS726040ALA610)",2026-06-01
4660458,"Western Digital WD RED Pro 7200/64M (2TB, WD2002FFSX)",2026-06-01
46102532,Seagate IronWolf Pro 7200/512M 패키지 ST22000NT001 (3x22TB),2026-06-01
4607468,"Seagate BarraCuda 5400/128M/노트북용 (2TB, ST2000LM015)",2026-06-01
4607460,"Seagate BarraCuda 5400/128M/노트북용 (1TB, ST1000LM048)",2026-06-01
4607449,"Seagate BarraCuda 5400/128M/노트북용 (500GB, ST500LM030)",2026-06-01
4556071,"Seagate BarraCuda 7200/32M (500GB, ST500DM009)",2026-06-01
4555849,"Seagate IronWolf 5900/64M (2TB, ST2000VN004)",2026-06-01
4555795,"Seagate IronWolf 5900/64M (4TB, ST4000VN008)",2026-06-01
4555609,"Seagate SkyHawk 5900/64M (1TB, ST1000VX005)",2026-06-01
4555592,"Seagate SkyHawk 5900/64M (2TB, ST2000VX008)",2026-06-01
4555584,"Seagate SkyHawk 5900/64M (3TB, ST3000VX010)",2026-06-01
4555564,"Seagate SkyHawk 5900/64M (4TB, ST4000VX007)",2026-06-01
4555543,"Seagate SkyHawk 7200/256M (6TB, ST6000VX0023)",2026-06-01
4555508,"Seagate SkyHawk 7200/256M (8TB, ST8000VX0022)",2026-06-01
4490034,"Seagate BarraCuda 7200/64M (1TB, ST1000DM010)",2026-06-01
44765327,Western Digital Ultrastar DC HC580 박스 패키지 7200/512M WUH722424ALE6L4 (4x24TB),2026-06-01
4457477,"도시바 DT01-V 5940/64M (3TB, DT01ABA300V)",2026-06-01
4449847,"HGST Ultrastar 7K2 7200/128M (1TB, HUS722T1TALA604)",2026-06-01
4411794,"Seagate IronWolf 7200/256M (10TB, ST10000VN0004)",2026-06-01
4411634,"Seagate SkyHawk 7200/256M (10TB, ST10000VX0004)",2026-06-01
43947065,"Seagate Exos X24 SAS/7200/512M/해외구매 (24TB, ST24000NM007H)",2026-06-01
43934615,Western Digital Ultrastar DC HC580 박스 패키지 7200/512M WUH722424ALE6L4 (2x24TB),2026-06-01
43931435,Western Digital Ultrastar DC HC580 박스 패키지 7200/512M WUH722424ALE6L4 (24TB),2026-06-01
43923137,"Western Digital Ultrastar DC HC580 7200/512M (24TB, WUH722424ALE6L4)",2026-06-01
4289602,"Western Digital WD RED Pro 7200/128M (4TB, WD4002FFWX)",2026-06-01
42286526,"Western Digital WD Blue 5640/256M/해외구매 (8TB, WD80EAAZ)",2026-06-01
42286460,"Western Digital WD Blue 5640/256M (8TB, WD80EAAZ)",2026-06-01
42205340,"도시바 MG10ACA Enterprise 7200/512M (20TB, MG10ACA20T)",2026-06-01
4097416,MARSHAL MAL21000SA-T54 SATA/5400/8M/노트북용/리퍼비시 (1TB),2026-06-01
4097297,MARSHAL MAL32000SA-T72 SATA/64M/리퍼비시 (2TB),2026-06-01
3992343,"Western Digital WD Gold 7200/128M/해외구매 (4TB, WD4002FYYZ)",2026-06-01
3971860,"Western Digital WD RED Pro 7200/128M (6TB, WD6002FFWX)",2026-06-01
3951901,"Western Digital WD RED 5400/128M (8TB, WD80EFZX)",2026-06-01
3940951,MARSHAL MAL34000SA-T72 7200/64M/리퍼비시 (4TB),2026-06-01
3940879,MARSHAL 2TB MAL22000SA-T54H2 (SATA/5400/8M/노트북용/리퍼비시),2026-06-01
38345558,"Synology Plus Series 7200/512M (16TB, HAT3310-16T)",2026-06-01
37827968,"Western Digital WD RED Pro 7200/512M (14TB, WD142KFGX)",2026-06-01
36793505,"Seagate SkyHawk AI 7200/512M (24TB, ST24000VE002)",2026-06-01
36645527,"Seagate IronWolf Pro 7200/512M (24TB, ST24000NT002)",2026-06-01
3566036,"HGST Ultrastar 7K6000 7200/128M (6TB, HUS726060ALE610)",2026-06-01
3531731,"Western Digital WD RED Pro 7200/128M (6TB, WD6001FFWX)",2026-06-01
3491321,"도시바 MG04ACA Enterprise 7200/128M (6TB, MG04ACA600)",2026-06-01
3491306,"도시바 MC04ACA 7200/128M (6TB, MC04ACA600)",2026-06-01
3474055,"Western Digital WD Blue 5400/64M (2TB, WD20EZRZ)",2026-06-01
34372835,"Seagate SkyHawk AI 7200/512M/해외구매 (24TB, ST24000VE002)",2026-06-01
33823007,"Seagate Exos X24 SAS/7200/512M (24TB, ST24000NM007H)",2026-06-01
33813077,"Seagate Exos X24 7200/512M/해외구매 (24TB, ST24000NM002H)",2026-06-01
33802007,"Seagate Exos X24 7200/512M (24TB, ST24000NM002H)",2026-06-01
3375717,"Western Digital WD MOBILE Blue 5400/8M/노트북용/벌크 (500GB, WD5000LPVX)",2026-06-01
3354216,"HGST Travelstar 7K1000 7200/32M/해외구매 (1TB, HTS721010A9E630)",2026-06-01
3351961,"HGST Travelstar 5K750 SATA2/5400/8M/해외구매 (640GB, HTS547564A9E384)",2026-06-01
33443276,"Seagate BarraCuda 7200/256M (1TB, ST1000DM014)",2026-06-01
33440654,"Synology Plus Series 7200/256M/해외구매 (8TB, HAT3310-8T)",2026-06-01
33440615,"Synology Plus Series 7200/512M/해외구매 (12TB, HAT3310-12T)",2026-06-01
33421079,"Synology Plus Series 7200/512M (12TB, HAT3310-12T)",2026-06-01
33421007,"Synology Plus Series 7200/256M (8TB, HAT3310-8T)",2026-06-01
3337884,"삼성전자 SpinPoint SATA2/7200/8M/해외구매 (80GB, HD080HJ)",2026-06-01
3335803,"Seagate SpinPoint F3 SATA2/7200/16M/해외구매 (ST500DM005, 500GB)",2026-06-01
3328405,"HGST Deskstar 7K3000 7200/64M/해외구매 (2TB, HDS723020BLA642)",2026-06-01
3323013,"Seagate Cheetah 10K.7 SCSI/10K/8M/해외구매 (73GB, ST373207LC)",2026-06-01
3320146,"Seagate BarraCuda EIDE/7200/2M/해외구매 (ST320011A, 20GB)",2026-06-01
3315977,Western Digital WD WD3200BUCT SATA2/5400/16M/해외구매 (320GB),2026-06-01
3314895,"Seagate Enterprise Capacity SAS/7200/128M/해외구매 (1TB, ST1000NX0333)",2026-06-01
3314745,"Western Digital WD MOBILE BLACK 7200/32M/노트북용/해외구매 (500GB, WD5000LPLX)",2026-06-01
3310656,"Seagate BarraCuda 7200/64M/해외구매 (2TB, ST32000641AS)",2026-06-01
3310096,"Seagate Enterprise Capacity 7200/128M/해외구매 (1TB, ST1000NX0313)",2026-06-01
32889653,"Seagate FireCuda 7200/256M/해외구매 (8TB, ST8000DX001)",2026-06-01
3286546,"Seagate Video SATA/5900/64M/해외구매 (4TB, ST4000VM000)",2026-06-01
32849114,"Seagate IronWolf Pro 7200/256M/해외구매 (10TB, ST10000NT001)",2026-06-01
3275224,"Seagate Cheetah 15K.5 SAS/15K/16/해외구매 (ST3300655SS, 300GB)",2026-06-01
3273131,"Seagate Constellation2 SAS/7200/64/해외구매 (ST91000640SS, 1TB)",2026-06-01
3273005,"Seagate Constellation.2 SATA/7200/64/해외구매 (ST91000640NS, 1TB)",2026-06-01
32071091,"Western Digital Ultrastar DC HC580 7200/512M/해외구매 (24TB, WUH722424ALE6L4)",2026-06-01
31998719,"Western Digital WD GOLD 7200/512M/해외구매 (20TB, WD202KRYZ)",2026-06-01
3177694,"Seagate Savvio 10K.6 SAS/10K/64M/해외구매 (900GB, ST900MM0026)",2026-06-01
3177154,"Seagate Savvio 10K.6 SAS/10K/64M/해외구매 (300GB, ST300MM0026)",2026-06-01
31477805,"Western Digital WD Blue 5400/64M (2TB, WD20EARZ)",2026-06-01
3125334,"도시바 DT01 7200/64M/해외구매 (3TB, DT01ACA300)",2026-06-01
3106788,"HGST Ultrastar 7K4000 7200/64M/해외구매 (2TB, HUS724020ALA640)",2026-06-01
3081033,"도시바 DT01 7200/32M/리퍼비시 (500GB, DT01ACA050)",2026-06-01
30142289,"Seagate FireCuda 7200/256M/해외구매 (4TB, ST4000DX005)",2026-06-01
2998413,"HGST Ultrastar 7K6000 7200/128MB (5TB, HUS726050ALE614)",2026-06-01
29931239,"Seagate Exos X18 7200/256M/해외구매 (16TB, ST16000NM000J)",2026-06-01
2989408,"Western Digital WD Scorpio Blue SATA2/5400/8M/노트북용/해외구매 (250GB, WD2500BPVT)",2026-06-01
2989260,"Seagate Savvio 10K.6 SAS/10K/64M/해외구매 (1.2TB, ST1200MM0017)",2026-06-01
2984007,"Seagate Enterprise Capacity SAS/7200/128M/해외구매 (6TB, ST6000NM0034)",2026-06-01
2983550,"도시바 MG04ACA Enterprise 7200/128M (4TB, MG04ACA400)",2026-06-01
2983542,"도시바 MG04ACA Enterprise 7200/128M (2TB, MG04ACA200)",2026-06-01
2978834,"도시바 DT01 7200/32M/해외구매 (500GB, DT01ACA050)",2026-06-01
2976546,"Western Digital WD Scorpio Blue SATA2/5400/8M/노트북용/해외구매 (320GB, WD3200BPVT)",2026-06-01
2958051,"Seagate Surveillance 5900/64M/해외구매 (4TB, ST4000VX000)",2026-06-01
2943785,"Western Digital WD Caviar Black 7200/64M/해외구매 (WD1002FAEX, 1TB)",2026-06-01
2936147,"Western Digital WD Caviar Blue 7200/16M/리퍼비시 (500GB, WD5000AAKX)",2026-06-01
2935970,"Seagate BarraCuda 7200/64M/리퍼비시 (1TB, ST1000DM003)",2026-06-01
2934332,"Seagate Savvio 10K.6 SAS/10K/64M/해외구매 (600GB, ST600MM0026)",2026-06-01
2934077,"Seagate Desktop HDD.15 5900/64M/해외구매 (ST4000DM000, 4TB)",2026-06-01
2926256,"Seagate Video 5900/64M/해외구매 (1TB, ST1000VM002)",2026-06-01
2925602,"Western Digital WD Purple 64M/해외구매 (6TB, WD60PURX)",2026-06-01
2925525,"Western Digital WD Purple 64M/해외구매 (2TB, WD20PURX)",2026-06-01
2924870,"Western Digital WD RED Pro 7200/64M/해외구매 (4TB, WD4001FFSX)",2026-06-01
2903498,"Seagate Enterprise Capacity 7200/128M/해외구매 (6TB, ST6000NM0024)",2026-06-01
2897842,"도시바 MC04ACA 7200/128M (4TB, MC04ACA400)",2026-06-01
2897832,"도시바 MC04ACA 7200/128M (2TB, MC04ACA200)",2026-06-01
2897797,"도시바 DT01-V 5940/32M (3TB, DT01ABA300V)",2026-06-01
28920998,"Western Digital WD Purple Pro 7200/256M (12TB, WD121PURP)",2026-06-01
2885838,"Western Digital WD BLACK 7200/64M/해외구매 (WD2003FZEX, 2TB)",2026-06-01
2851949,"삼성전자 SpinPoint M8 SATA2/5400/8M/노트북용/해외구매 (1TB, HN-M101MBB)",2026-06-01
2851936,"Seagate Momentus SATA2/5400/8M/노트북용/해외구매 (1TB, ST1000LM024)",2026-06-01
2849738,"삼성전자 Spinpoint F3 SATA2/7200/16M/리퍼비시 (500GB, HD502HJ)",2026-06-01
2849665,"Western Digital WD Scorpio Blue SATA3/5400/8M/노트북용/해외구매 (1TB, WD10JPVX)",2026-06-01
28415234,"Western Digital WD RED Plus 5400/256M/해외구매 (4TB, WD40EFPX)",2026-06-01
2823758,"Seagate Laptop HDD 5400/32M/노트북용 (2TB, ST2000LM003)",2026-06-01
28064063,"Seagate Exos 7E10 SAS/7200/256M (6TB, ST6000NM005B)",2026-06-01
2804074,"Seagate BarraCuda 7200/16M/리퍼비시 (500GB, ST500DM002)",2026-06-01
28021712,"Western Digital WD RED Plus 5400/64M (2TB, WD20EFPX)",2026-06-01
27952289,"Western Digital WD Purple Pro 7200/512M (14TB, WD141PURP)",2026-06-01
27922619,"Seagate Exos 7E10 SAS/7200/256M (6TB, ST6000NM001B)",2026-06-01
27921536,"Seagate Exos 7E10 SAS/7200/256M (2TB, ST2000NM001B)",2026-06-01
27919571,"Seagate Exos 7E8 7200/256M (2TB, ST2000NM001A)",2026-06-01
27735518,Seagate IronWolf Pro 7200/512M 패키지 ST22000NT001 (4x22TB),2026-06-01
27734816,Seagate IronWolf Pro 7200/512M 패키지 ST22000NT001 (2x22TB),2026-06-01
2718031,"Western Digital WD RED Pro 7200/64M (4TB, WD4001FFSX)",2026-06-01
2711325,"Seagate BarraCuda 7200/64M/해외구매 (1TB, ST1000DM003)",2026-06-01
2708937,"Seagate Constellation ES.3 7200/128M/해외구매 (4TB, ST4000NM0033)",2026-06-01
2703681,"Western Digital WD Scorpio Blue EIDE/5400/8M/노트북용/해외구매 (WD800BEVE, 80GB)",2026-06-01
2703466,"Western Digital WD Caviar Blue 7200/64M/해외구매 (1TB, WD10EZEX)",2026-06-01
2703454,"Seagate Momentus 5400.3 EIDE/5400/8M/노트북용/해외구매 (ST9160821A, 160GB)",2026-06-01
2701678,"Western Digital WD Scorpio Blue SATA2/5400/8M/노트북용/해외구매 (500GB, WD5000BPVT)",2026-06-01
2701528,"Western Digital WD Caviar Blue 7200/16M/해외구매 (WD5000AAKX, 500GB)",2026-06-01
2664020,"도시바 MQ01ABF 5400/8M/노트북용 (500GB, MQ01ABF050)",2026-06-01
25936832,"Western Digital WD Blue 5400/256M (3TB, WD30EZAX)",2026-06-01
2570473,"도시바 MQ01ABF SATA2/5400/8M/노트북용 (500GB, MQ01ABF050)",2026-06-01
2324371,"HGST Deskstar 7K1000.C SATA2/7200/16M/리퍼비시 (500GB, HDS721050CLA362)",2026-06-01
2307177,"Western Digital WD BLACK 7200/64M (1TB, WD1003FZEX)",2026-06-01
2233367,"도시바 DT01 7200/32M/해외구매 (1TB, DT01ACA100)",2026-06-01
2227477,"Seagate NAS HDD 64M/해외구매 (ST2000VN000, 2TB)",2026-06-01
2227320,"Seagate NAS HDD 5900/64M (3TB, ST3000VN000)",2026-06-01
21589067,"Western Digital WD RED Pro 7200/512M/해외구매 (22TB, WD221KFGX)",2026-06-01
21588758,"Western Digital WD RED Pro 7200/512M (22TB, WD221KFGX)",2026-06-01
21496127,"Seagate IronWolf 5400/256M/해외구매 (1TB, ST1000VN008)",2026-06-01
20704208,"MARSHAL FFF 7200/256M/리퍼비시 (14TB, MAL314000SA)",2026-06-01
20674850,"Sebap BUSCAR CCTV 5400/64M/리퍼비시 (6TB, SVP1600RS)",2026-06-01
20540903,"Western Digital Ultrastar DC HC560 7200/512M/해외구매 (20TB, WUH722020ALE6L4)",2026-06-01
20540768,"Seagate SkyHawk 5400/256M/해외구매 (4TB, ST4000VX016)",2026-06-01
20540660,"Seagate SkyHawk AI 7200/256M/해외구매 (10TB, ST10000VE001)",2026-06-01
20480792,Seagate IronWolf 패키지 7200/256M ST12000VN0008 (12x12TB),2026-06-01
20480771,Seagate IronWolf 패키지 7200/256M ST12000VN0008 (10x12TB),2026-06-01
20480753,Seagate IronWolf 패키지 7200/256M ST12000VN0008 (8x12TB),2026-06-01
20480732,Seagate IronWolf 패키지 7200/256M ST12000VN0008 (6x12TB),2026-06-01
20480705,Seagate IronWolf 패키지 7200/256M ST12000VN0008 (5x12TB),2026-06-01
20480654,Seagate IronWolf 패키지 7200/256M ST12000VN0008 (3x12TB),2026-06-01
20441531,"Synology Plus Series 7200/256M (12TB, HAT3300-12T)",2026-06-01
20441486,"Synology Plus Series 5400/256M (8TB, HAT3300-8T)",2026-06-01
20441432,"Synology Plus Series 5400/256M (6TB, HAT3300-6T)",2026-06-01
20441291,"Synology Plus Series 5400/256M (4TB, HAT3300-4T)",2026-06-01
20318171,Western Digital Ultrastar DC HC520 패키지 7200/256M HUH721212ALE600 (6x12TB),2026-06-01
20318135,Western Digital Ultrastar DC HC520 패키지 7200/256M HUH721212ALE600 (8x12TB),2026-06-01
20276816,"Western Digital Ultrastar DC HC550 7200/512M/해외구매 (18TB, WUH721818ALE6L4)",2026-06-01
20191886,"Seagate IronWolf Pro 7200/256M/해외구매 (12TB, ST12000NT001)",2026-06-01
20191877,"Seagate IronWolf Pro 7200/256M/해외구매 (12TB, ST12000NE0007)",2026-06-01
20191796,"Seagate IronWolf Pro 7200/256M/해외구매 (18TB, ST18000NT001)",2026-06-01
20188826,"도시바 X300 Refresh 7200/256M/해외구매 (8TB, HDWR480)",2026-06-01
2018614,"Seagate BarraCuda 7200/64M/비품 (1TB, ST1000DM003)",2026-06-01
20163935,"Western Digital WD RED Plus 5640/128M/해외구매 (8TB, WD80EFZZ)",2026-06-01
20098586,"Seagate Exos X12 7200/256M/해외구매 (12TB, ST12000NM0008)",2026-06-01
20056361,"Western Digital WD Purple 5400/256M (6TB, WD64PURZ)",2026-06-01
20056325,"Western Digital WD Purple 5400/256M (4TB, WD43PURZ)",2026-06-01
20056277,"Western Digital WD Purple 5400/256M (3TB, WD33PURZ)",2026-06-01
20056172,"Western Digital WD Purple 5400/64M (2TB, WD23PURZ)",2026-06-01
20056088,"Western Digital WD Purple 5400/256M (2TB, WD22PURZ)",2026-06-01
20055920,"Western Digital WD Purple 5400/64M (1TB, WD11PURZ)",2026-06-01
20036969,"Western Digital WD RED Pro 7200/512M/해외구매 (20TB, WD201KFGX)",2026-06-01
20033990,"Western Digital WD Blue 5400/256M (6TB, WD60EZAX)",2026-06-01
20020865,"Seagate Exos X22 7200/512M/해외구매 (22TB, ST22000NM001E)",2026-06-01
19965044,"Western Digital WD Blue 5400/256M (4TB, WD40EZAX)",2026-06-01
19963682,"Seagate IronWolf Pro 7200/256M/해외구매 (16TB, ST16000NT001)",2026-06-01
19952798,Western Digital Ultrastar DC HC570 패키지 7200/512M WUH722222ALE6L4 (4x22TB),2026-06-01
19952792,Western Digital Ultrastar DC HC570 패키지 7200/512M WUH722222ALE6L4 (2x22TB),2026-06-01
19948601,"Seagate IronWolf Pro 7200/512M/해외구매 (22TB, ST22000NT001)",2026-06-01
19948454,"Western Digital WD Blue 5400/256M/해외구매 (3TB, WD30EZAX)",2026-06-01
19948424,"Western Digital WD Blue 5400/256M/해외구매 (6TB, WD60EZAX)",2026-06-01
19948346,"Western Digital WD Blue 5400/256M/해외구매 (4TB, WD40EZAX)",2026-06-01
19945115,Western Digital Ultrastar DC HC550 패키지 SAS/7200/512M WUH721818AL5204 (4x18TB),2026-06-01
19945049,Western Digital Ultrastar DC HC550 패키지 SAS/7200/512M WUH721818AL5204 (2x18TB),2026-06-01
19943450,Western Digital Ultrastar DC HC550 패키지 SAS/7200/512M WUH721816AL5204 (4x16TB),2026-06-01
19942148,Western Digital Ultrastar DC HC520 패키지 SAS/7200/256M HUH721212AL5204 (4x12TB),2026-06-01
19939535,Western Digital Ultrastar DC HC520 패키지 7200/256M HUH721212ALE600 (4x12TB),2026-06-01
19939520,Western Digital Ultrastar DC HC520 패키지 7200/256M HUH721212ALE600 (2x12TB),2026-06-01
19937729,Western Digital Ultrastar DC HC320 패키지 SAS/7200/256M HUS728T8TAL5204 (4x8TB),2026-06-01
19925291,Western Digital Ultrastar DC HC310 패키지 7200/256M HUS726T6TALE6L4 (2x6TB),2026-06-01
19924961,Western Digital Ultrastar DC HC310 패키지 7200/256M HUS726T4TALA6L4 (4x4TB),2026-06-01
19924859,Western Digital Ultrastar DC HC310 패키지 7200/256M HUS726T4TALA6L4 (2x4TB),2026-06-01
19913969,Western Digital Ultrastar DC HA210 패키지 7200/128M HUS722T2TALA604 (4x2TB),2026-06-01
19913945,Western Digital Ultrastar DC HA210 패키지 7200/128M HUS722T2TALA604 (2x2TB),2026-06-01
19879883,"Western Digital WD Purple 5400/256M/해외구매 (6TB, WD63PURZ)",2026-06-01
19834310,"Seagate Exos X22 SAS/7200/512M (22TB, ST22000NM000E)",2026-06-01
19834277,"Seagate Exos X22 7200/512M (22TB, ST22000NM001E)",2026-06-01
19830551,"Seagate IronWolf Pro 7200/256M/해외구매 (20TB, ST20000NT001)",2026-06-01
19790105,"Seagate IronWolf Pro 7200/512M (22TB, ST22000NT001)",2026-06-01
19667138,Seagate IronWolf Pro 패키지 7200/256M ST4000NT001 (5x4TB),2026-06-01
19629158,"Seagate Exos X20 7200/256M/해외구매 (20TB, ST20000NM007D)",2026-06-01
19618580,"Western Digital WD RED Plus 5400/256M/해외구매 (6TB, WD60EFPX)",2026-06-01
19618481,"Western Digital WD RED Plus 5400/256M (6TB, WD60EFPX)",2026-06-01
1943077,"HGST Travelstar Z7K500 7200/32M/노트북용 (500GB, HTS725050A7E630)",2026-06-01
19321856,"Western Digital Ultrastar DC HC570 7200/512M/해외구매 (22TB, WUH722222ALE6L4)",2026-06-01
1920195,"Western Digital WD Caviar Blue 7200/64M/리퍼비시 (1TB, WD10EZEX)",2026-06-01
19012232,"Seagate IronWolf 5400/256M/해외구매 (4TB, ST4000VN006)",2026-06-01
18859622,"Seagate Exos X10 7200/256M/해외구매 (10TB, ST10000NM0086)",2026-06-01
18796049,Seagate IronWolf Pro 패키지 7200/256M ST4000NT001 (3x4TB),2026-06-01
18772316,"Seagate BarraCuda 7200/64M/병행수입 (2TB, ST2000DM001)",2026-06-01
18737864,"Seagate Exos X18 7200/256M/해외구매 (12TB, ST12000NM000J)",2026-06-01
18734894,Seagate IronWolf 패키지 5900/64M ST4000VN008 (4x4TB),2026-06-01
18734891,Seagate IronWolf 패키지 5900/64M ST4000VN008 (2x4TB),2026-06-01
18680978,"Seagate Exos X18 7200/256M (14TB, ST14000NM000J)",2026-06-01
18680582,"Seagate Exos 7E10 SAS/7200/256M (6TB, ST6000NM020B)",2026-06-01
18680411,"Seagate Exos 7E10 SAS/7200/256M (8TB, ST8000NM018B)",2026-06-01
18679376,"Seagate Exos 7E10 SAS/7200/256M (4TB, ST4000NM025B)",2026-06-01
18678632,"Seagate Exos 7E10 SAS/7200/256M (2TB, ST2000NM018B)",2026-06-01
18638732,"Seagate SkyHawk 5400/256M/해외구매 (4TB, ST4000VX013)",2026-06-01
18637436,"도시바 N300 7200/256M (8TB, HDWG480)",2026-06-01
18542177,"Western Digital WD BLACK 7200/128M/해외구매 (8TB, WD8002FZWX)",2026-06-01
18541871,"Western Digital WD Purple 5400/256M/해외구매 (4TB, WD42PURZ)",2026-06-01
18541712,"Western Digital WD Purple 5400/256M (4TB, WD42PURZ)",2026-06-01
18532622,"Western Digital Ultrastar DC HC560 SAS/7200/512M (20TB, WUH722020BL5204)",2026-06-01
18486584,"Seagate IronWolf 5400/256M (2TB, ST2000VN003)",2026-06-01
18486368,"Seagate IronWolf 5400/256M (6TB, ST6000VN006)",2026-06-01
18486122,"Seagate IronWolf 5400/256M (8TB, ST8000VN002)",2026-06-01
18477653,"Seagate SkyHawk 5400/256M (1TB, ST1000VX013)",2026-06-01
18477623,"Seagate SkyHawk 5400/256M (2TB, ST2000VX017)",2026-06-01
18477242,"Seagate SkyHawk 5400/256M (8TB, ST8000VX010)",2026-06-01
18477173,"Seagate SkyHawk 5400/256M (6TB, ST6000VX009)",2026-06-01
18450623,Seagate IronWolf Pro 패키지 7200/256M ST2000NT001 (4x2TB),2026-06-01
18450587,Seagate IronWolf Pro 패키지 7200/256M ST2000NT001 (2x2TB),2026-06-01
18450506,Seagate IronWolf Pro 패키지 7200/256M ST4000NT001 (4x4TB),2026-06-01
18450467,Seagate IronWolf Pro 패키지 7200/256M ST4000NT001 (2x4TB),2026-06-01
18450362,Seagate IronWolf Pro 패키지 7200/256M ST6000NT001 (4x6TB),2026-06-01
18450329,Seagate IronWolf Pro 패키지 7200/256M ST6000NT001 (2x6TB),2026-06-01
18450152,Seagate IronWolf Pro 패키지 7200/256M ST8000NT001 (4x8TB),2026-06-01
18450128,Seagate IronWolf Pro 패키지 7200/256M ST8000NT001 (2x8TB),2026-06-01
18449930,Seagate IronWolf Pro 패키지 7200/256M ST10000NT001 (4x10TB),2026-06-01
18449912,Seagate IronWolf Pro 패키지 7200/256M ST10000NT001 (2x10TB),2026-06-01
18449891,Seagate IronWolf Pro 패키지 7200/256M ST10000NT001 (1x10TB),2026-06-01
18449792,Seagate IronWolf Pro 패키지 7200/256M ST12000NT001 (4x12TB),2026-06-01
18449777,Seagate IronWolf Pro 패키지 7200/256M ST12000NT001 (2x12TB),2026-06-01
18449681,Seagate IronWolf Pro 패키지 7200/256M ST14000NT001 (4x14TB),2026-06-01
18449657,Seagate IronWolf Pro 패키지 7200/256M ST14000NT001 (2x14TB),2026-06-01
18449624,Seagate IronWolf Pro 패키지 7200/256M ST14000NT001 (1x14TB),2026-06-01
18449444,Seagate IronWolf Pro 패키지 7200/256M ST16000NT001 (4x16TB),2026-06-01
18449429,Seagate IronWolf Pro 패키지 7200/256M ST16000NT001 (2x16TB),2026-06-01
18449318,Seagate IronWolf Pro 패키지 7200/256M ST18000NT001 (2x18TB),2026-06-01
18449120,Seagate IronWolf Pro 패키지 7200/256M ST20000NT001 (4x20TB),2026-06-01
18449081,Seagate IronWolf Pro 패키지 7200/256M ST20000NT001 (2x20TB),2026-06-01
18438002,"Seagate Exos X18 SAS/7200/256M (12TB, ST12000NM004J)",2026-06-01
18437876,"Seagate Exos X18 SAS/7200/256M (14TB, ST14000NM004J)",2026-06-01
18207194,"Seagate IronWolf Pro 7200/256M (20TB, ST20000NT001)",2026-06-01
18207026,"Seagate IronWolf Pro 7200/256M (16TB, ST16000NT001)",2026-06-01
18206927,"Seagate IronWolf Pro 7200/256M (12TB, ST12000NT001)",2026-06-01
18206876,"Seagate IronWolf Pro 7200/256M (10TB, ST10000NT001)",2026-06-01
18146048,"Seagate IronWolf Pro 7200/256M (8TB, ST8000NT001)",2026-06-01
18146030,"Seagate IronWolf Pro 7200/256M (6TB, ST6000NT001)",2026-06-01
18145997,"Seagate IronWolf Pro 7200/256M (4TB, ST4000NT001)",2026-06-01
18145979,"Seagate IronWolf Pro 7200/256M (2TB, ST2000NT001)",2026-06-01
18059456,"Seagate Exos X18 7200/256M (12TB, ST12000NM000J)",2026-06-01
17979194,"Seagate Exos 7E10 7200/256M (6TB, ST6000NM019B)",2026-06-01
17944598,Seagate IronWolf Pro 패키지 7200/256M ST20000NE000 (4x20TB),2026-06-01
17944532,Seagate IronWolf Pro 패키지 7200/256M ST20000NE000 (2x20TB),2026-06-01
17944349,Seagate IronWolf Pro 패키지 7200/256M ST12000NE0008 (2x12TB),2026-06-01
1790810,"도시바 DT01 7200/64M (2TB, DT01ACA200)",2026-06-01
17841362,"도시바 N300 7200/512M (18TB, HDWG51J)",2026-06-01
17745989,"도시바 N300 7200/256M 해외구매 (4TB, HDWG440)",2026-06-01
17726555,Seagate IronWolf Pro 패키지 7200/256M ST2000NE001 (4x2TB),2026-06-01
17726294,"Seagate IronWolf Pro 7200/256M (2TB, ST2000NE001)",2026-06-01
17668034,Western Digital Ultrastar DC HC570 박스 패키지 7200/512M WUH722222ALE6L4 (22TB),2026-06-01
17646044,"Western Digital Ultrastar DC HC570 SAS/7200/512M (22TB, WUH722222AL5204)",2026-06-01
17645645,Western Digital Ultrastar DC HC570 박스 패키지 7200/512M WUH722222ALE6L4 (4x22TB),2026-06-01
17645510,Western Digital Ultrastar DC HC570 박스 패키지 7200/512M WUH722222ALE6L4 (2x22TB),2026-06-01
17645129,"Western Digital Ultrastar DC HC570 7200/512M (22TB, WUH722222ALE6L4)",2026-06-01
17565635,"도시바 N300 7200/256M (6TB, HDWG460)",2026-06-01
17565416,"도시바 N300 7200/256M (4TB, HDWG440)",2026-06-01
17557196,"Western Digital WD Purple Pro 7200/256M (10TB, WD101PURP)",2026-06-01
17556995,"Western Digital WD Purple Pro 7200/512M (18TB, WD181PURP)",2026-06-01
17494853,"Seagate Exos 7E10 SAS/7200/256M (10TB, ST10000NM018B)",2026-06-01
17494373,"Seagate Exos 7E10 7200/256M (10TB, ST10000NM017B)",2026-06-01
17494322,"Seagate Exos 7E10 7200/256M (4TB, ST4000NM024B)",2026-06-01
17494301,"Seagate Exos 7E10 7200/256M (8TB, ST8000NM017B)",2026-06-01
17253821,"도시바 P300 7200/256M (2TB, HDWD320)",2026-06-01
1706996,"Western Digital WD Blue 7200/64M (1TB, WD10EZEX)",2026-06-01
17059112,"Western Digital WD Purple 5640/128M (8TB, WD84PURZ)",2026-06-01
17059109,"Western Digital WD Purple 5400/256M (6TB, WD63PURZ)",2026-06-01
17054525,Seagate IronWolf Pro 패키지 7200/256M ST16000NE000 (2x16TB),2026-06-01
17054213,Seagate IronWolf 패키지 7200/256M ST16000VN001 (2x16TB),2026-06-01
17054174,Seagate IronWolf 패키지 7200/256M ST16000VN001 (4x16TB),2026-06-01
17053979,Seagate IronWolf Pro 패키지 7200/256M ST18000NE000 (2x18TB),2026-06-01
17053949,Seagate IronWolf Pro 패키지 7200/256M ST18000NE000 (4x18TB),2026-06-01
17053793,Seagate IronWolf Pro 패키지 7200/256M ST4000NE001 (2x4TB),2026-06-01
17053781,Seagate IronWolf Pro 패키지 7200/256M ST4000NE001 (4x4TB),2026-06-01
17053604,Seagate IronWolf 패키지 7200/256M ST12000VN0008 (2x12TB),2026-06-01
17053457,Seagate IronWolf 패키지 7200/256M ST12000VN0008 (4x12TB),2026-06-01
1704035,"Seagate BarraCuda 7200/64M/리퍼비시 (3TB, ST3000DM001)",2026-06-01
17003267,"Western Digital WD Blue 5640/128M/해외구매 (8TB, WD80EAZZ)",2026-06-01
16930205,"Seagate IronWolf 5400/256M (4TB, ST4000VN006)",2026-06-01
16881029,"Western Digital WD RED Plus 5640/128M (8TB, WD80EFZZ)",2026-06-01
16880939,"Western Digital WD RED Pro 7200/512M (20TB, WD201KFGX)",2026-06-01
16880870,"Western Digital WD RED Pro 7200/512M (18TB, WD181KFGX)",2026-06-01
16880765,"Western Digital WD RED Pro 7200/512M (16TB, WD161KFGX)",2026-06-01
16741385,"Seagate SkyHawk AI 7200/256M (20TB, ST20000VE002)",2026-06-01
16664240,"Seagate SkyHawk 5400/256M (4TB, ST4000VX016)",2026-06-01
16664114,"Seagate SkyHawk 5400/256M (3TB, ST3000VX015)",2026-06-01
16638548,Western Digital Ultrastar DC HC560 박스 패키지 7200/512M WUH722020ALE6L4 (4x20TB),2026-06-01
16638539,Western Digital Ultrastar DC HC560 박스 패키지 7200/512M WUH722020ALE6L4 (2x20TB),2026-06-01
16638500,Western Digital Ultrastar DC HC560 박스 패키지 7200/512M WUH722020ALE6L4 (20TB),2026-06-01
16601195,"Seagate IronWolf Pro 7200/256M (10TB, ST10000NE000)",2026-06-01
16553759,"Seagate IronWolf 7200/256M (10TB, ST10000VN000)",2026-06-01
16534316,"Western Digital Ultrastar DC HC560 7200/512M (20TB, WUH722020ALE6L4)",2026-06-01
16517627,"Seagate Exos X20 SAS/7200/256M (20TB, ST20000NM002D)",2026-06-01
16407728,"Seagate Exos X20 7200/256M (20TB, ST20000NM007D)",2026-06-01
16234802,"Seagate Exos 7E10 7200/256M (2TB, ST2000NM000B)",2026-06-01
16010507,"Seagate IronWolf Pro 7200/256M (20TB, ST20000NE000)",2026-06-01
15966869,"Seagate SkyHawk AI 7200/256M 해외구매 (12TB, ST12000VE001)",2026-06-01
15965906,"Seagate SkyHawk AI 7200/256M (10TB, ST10000VE001)",2026-06-01
15965894,"Seagate SkyHawk AI 7200/256M (12TB, ST12000VE001)",2026-06-01
15765761,"Western Digital WD Blue 5640/128M (8TB, WD80EAZZ)",2026-06-01
15755300,"도시바 MG07SCA Enterprise SAS/7200/256M/병행수입 (12TB, MG07SCA12T)",2026-06-01
15727463,"Western Digital WD MOBILE BLACK 7200/64M/노트북용/해외구매 (1TB, WD10SPSX)",2026-06-01
15727391,"Western Digital WD Purple Pro 7200/512M/해외구매 (14TB, WD141PURP)",2026-06-01
15727238,"Western Digital WD Purple Pro 7200/256M/해외구매 (10TB, WD101PURP)",2026-06-01
15727088,"Western Digital WD Purple Pro 7200/256M/해외구매 (8TB, WD8001PURP)",2026-06-01
15687641,"도시바 X300 Refresh 7200/256M (6TB, HDWR460)",2026-06-01
15687542,"도시바 X300 Refresh 7200/256M (8TB, HDWR480)",2026-06-01
15652292,"도시바 MG09ACA Enterprise 7200/512M (18TB, MG09ACA18T)",2026-06-01
15544748,"Western Digital WD GOLD 7200/512M/해외구매 (14TB, WD141KRYZ)",2026-06-01
15544676,"Western Digital WD GOLD 7200/512M/해외구매 (16TB, WD161KRYZ)",2026-06-01
15544631,"Western Digital WD GOLD 7200/256M/해외구매 (12TB, WD121KRYZ)",2026-06-01
15544403,"Western Digital WD GOLD 7200/256M/해외구매 (8TB, WD8004FRYZ)",2026-06-01
15544388,"Western Digital WD GOLD 7200/256M/해외구매 (6TB, WD6003FRYZ)",2026-06-01
15544358,"Western Digital WD GOLD 7200/256M/해외구매 (4TB, WD4003FRYZ)",2026-06-01
15544226,"Western Digital WD GOLD 7200/128M 해외구매 (2TB, WD2005FBYZ)",2026-06-01
15537851,"Western Digital WD RED Pro 7200/512M/해외구매 (16TB, WD161KFGX)",2026-06-01
15529193,"Western Digital Ultrastar DC HC550 SAS/7200/512M/해외구매 (16TB, WUH721816AL5204)",2026-06-01
15528644,"Western Digital WD RED Pro 7200/256M/해외구매 (10TB, WD102KFBX)",2026-06-01
15467918,Western Digital Ultrastar DC HC550 패키지 7200/512M WUH721818ALE6L4 (8x18TB),2026-06-01
15467915,Western Digital Ultrastar DC HC550 패키지 7200/512M WUH721818ALE6L4 (6x18TB),2026-06-01
15467909,Western Digital Ultrastar DC HC550 패키지 7200/512M WUH721818ALE6L4 (4x18TB),2026-06-01
15467897,Western Digital Ultrastar DC HC550 패키지 7200/512M WUH721818ALE6L4 (2x18TB),2026-06-01
1529280,"Seagate BarraCuda 7200.12 SATA2/7200/16M/리퍼비시 (500GB, ST3500418AS)",2026-06-01
15271301,"Western Digital WD Blue 5400/64M/해외구매 (1TB, WD10EZRZ)",2026-06-01
15270644,"Western Digital WD Blue 5400/64M/해외구매 (500GB, WD5000AZRZ)",2026-06-01
15269792,"Western Digital WD RED Pro 7200/256M/해외구매 (12TB, WD121KFBX)",2026-06-01
15269081,"Western Digital WD RED Pro 7200/256M/해외구매 (8TB, WD8003FFBX)",2026-06-01
15269000,"Western Digital WD RED Pro 7200/256M/해외구매 (4TB, WD4003FFBX)",2026-06-01
15248567,"Western Digital WD RED Pro 7200/256M/해외구매 (6TB, WD6003FFBX)",2026-06-01
15247688,"Western Digital WD RED Plus 5400/128M/해외구매 (3TB, WD30EFZX)",2026-06-01
15246191,"Western Digital WD RED Plus 5640/128M/해외구매 (6TB, WD60EFZX)",2026-06-01
15246008,"Western Digital WD RED Plus 5640/128M (6TB, WD60EFZX)",2026-06-01
15245507,"Western Digital WD RED Plus 7200/256M/해외구매 (8TB, WD80EFBX)",2026-06-01
15245387,"Western Digital WD RED Plus 7200/256M/해외구매 (10TB, WD101EFBX)",2026-06-01
15149138,"HGST Ultrastar He10 SAS/7200/256M/해외구매 (10TB, HUH721010AL5200)",2026-06-01
15138146,"Western Digital WD RED Plus 7200/256M/해외구매 (12TB, WD120EFBX)",2026-06-01
15137738,"Western Digital WD RED Plus 5400/64M/해외구매 (1TB, WD10EFRX)",2026-06-01
15137519,"Western Digital WD RED Plus 5400/64M/해외구매 (3TB, WD30EFRX)",2026-06-01
15129452,"Western Digital WD RED Plus 5400/128M/해외구매 (2TB, WD20EFZX)",2026-06-01
15116249,"Western Digital WD MOBILE Blue 5400/128M/노트북용/해외구매 (500GB, WD5000LPZX)",2026-06-01
15097169,"도시바 N300 7200/512M (16TB, HDWG31G)",2026-06-01
15021236,"Western Digital Ultrastar DC HC530 7200/512M/해외구매 (14TB, WUH721414ALE6L4)",2026-06-01
15018929,"Western Digital WD RED 5400/256M/해외구매 (2TB, WD20EFAX)",2026-06-01
15017924,"Western Digital WD RED 5400/256M/해외구매 (4TB, WD40EFAX)",2026-06-01
15017837,"Western Digital WD RED 5400/256M/해외구매 (6TB, WD60EFAX)",2026-06-01
15017687,"Western Digital WD RED 5400/256M/해외구매 (8TB, WD80EFAX)",2026-06-01
15016814,"Western Digital WD RED Plus 7200/256M (12TB, WD120EFBX)",2026-06-01
15016688,"Western Digital WD RED Plus 7200/256M (10TB, WD101EFBX)",2026-06-01
14995535,"Sebap BUSCAR CCTV 5400/64M/리퍼비시 (2TB, SVP1200RS)",2026-06-01
14995499,"Sebap BUSCAR CCTV 5400/64M/리퍼비시 (3TB, SVP1300RS)",2026-06-01
14995415,"Sebap BUSCAR CCTV 5400/64M/리퍼비시 (4TB, SVP1400RS)",2026-06-01
14979767,"Seagate SkyHawk AI 7200/256M/해외구매 (16TB, ST16000VE002)",2026-06-01
14979527,"Seagate SkyHawk AI 7200/256M (16TB, ST16000VE002)",2026-06-01
14963315,"도시바 N300 7200/256M 해외구매 (14TB, HDWG21E)",2026-06-01
14963150,"Seagate BarraCuda Pro 7200/128M/노트북용/해외구매 (500GB, ST500LM034)",2026-06-01
14963147,"Seagate BarraCuda Pro 7200/128M/노트북용/해외구매 (1TB, ST1000LM049)",2026-06-01
14962541,"도시바 P300 5400/128M/해외구매 (4TB, HDWD240)",2026-06-01
14962247,"Seagate IronWolf Pro 7200/256M/해외구매 (6TB, ST6000NE000)",2026-06-01
14962205,"Seagate IronWolf Pro 7200/256M/해외구매 (8TB, ST8000NE0004)",2026-06-01
14927732,"Western Digital WD Purple Pro 7200/256M (8TB, WD8001PURP)",2026-06-01
14860733,"Western Digital WD BLACK 7200/256M/해외구매 (4TB, WD4005FZBX)",2026-06-01
14852447,"Western Digital WD BLACK 7200/256M/해외구매 (8TB, WD8001FZBX)",2026-06-01
14852321,"Western Digital WD MOBILE Blue 5400/128M/노트북용/해외구매 (1TB, WD10SPZX)",2026-06-01
14785757,"Western Digital WD Purple 5400/64M/해외구매 (1TB, WD10PURZ)",2026-06-01
14785754,"Western Digital WD Purple 5400/64M/해외구매 (2TB, WD20PURZ)",2026-06-01
14785748,"Western Digital WD Purple 5400/64M/해외구매 (3TB, WD30PURZ)",2026-06-01
14785742,"Western Digital WD Purple 5400/64M/해외구매 (4TB, WD40PURZ)",2026-06-01
14785739,"Western Digital WD Purple 5640/128M/해외구매 (6TB, WD62PURZ)",2026-06-01
14785727,"Seagate IronWolf 7200/256M/해외구매 (6TB, ST6000VN0033)",2026-06-01
14785337,"Seagate BarraCuda 7200/64M/해외구매 (3TB, ST3000DM008)",2026-06-01
14785154,"Western Digital WD Blue 5400/256M/해외구매 (6TB, WD60EZAZ)",2026-06-01
14750687,"Seagate SkyHawk AI 7200/256M/해외구매 (16TB, ST16000VE000)",2026-06-01
14733734,"Western Digital WD Blue 7200/256M/해외구매 (2TB, WD20EZBX)",2026-06-01
14725808,"도시바 N300 7200/256M 해외구매 (10TB, HDWG11A)",2026-06-01
14725775,"도시바 N300 7200/256M 해외구매 (12TB, HDWG21C)",2026-06-01
14725751,"Western Digital Ultrastar DC HA210 7200/128M 해외구매 (1TB, HUS722T1TALA604)",2026-06-01
14725112,"Seagate SkyHawk 7200/256M/해외구매 (8TB, ST8000VX004)",2026-06-01
14725070,"Seagate SkyHawk 7200/256M/해외구매 (10TB, ST10000VX0004)",2026-06-01
14083211,"Western Digital Ultrastar DC HC550 7200/512M/해외구매 (16TB, WUH721816ALE6L4)",2026-06-01
13951568,"Seagate Exos X18 SAS/7200/256M (16TB, ST16000NM004J)",2026-06-01
13951460,"Seagate Exos X18 7200/256M (16TB, ST16000NM000J)",2026-06-01
13940384,"Seagate Exos X18 7200/256M/해외구매 (18TB, ST18000NM000J)",2026-06-01
13860743,"도시바 MG08ACA Enterprise 7200/512M (16TB, MG08ACA16T)",2026-06-01
13808963,"Western Digital WD Blue 5400/64M/해외구매 (4TB, WD40EZRZ)",2026-06-01
13779485,"Seagate IronWolf Pro 7200/256M/해외구매 (14TB, ST14000NE0008)",2026-06-01
13779188,"Seagate IronWolf Pro 7200/256M/해외구매 (16TB, ST16000NE000)",2026-06-01
13753763,"Western Digital WD Purple 5640/128M (6TB, WD62PURZ)",2026-06-01
13737254,"Seagate Exos 7E8 7200/256M (1TB, ST1000NM000A)",2026-06-01
13737218,"Seagate Exos 7E8 7200/256M (2TB, ST2000NM000A)",2026-06-01
13659284,"Western Digital WD Blue 5400/256M/해외구매 (4TB, WD40EZAZ)",2026-06-01
13657916,"Western Digital WD MOBILE Blue 5400/128M/노트북용/해외구매 (2TB, WD20SPZX)",2026-06-01
13600025,"Western Digital WD RED 5400/64M 해외구매 (1TB, WD10EFRX)",2026-06-01
13599719,"Western Digital WD RED Plus 7200/256M (8TB, WD80EFBX)",2026-06-01
13522751,"Western Digital WD Blue 7200/256M (2TB, WD20EZBX)",2026-06-01
13427174,"Western Digital WD GOLD 7200/128M 해외구매 (1TB, WD1005FBYZ)",2026-06-01
13426676,"Western Digital WD RED Plus 5400/128M/해외구매 (4TB, WD40EFZX)",2026-06-01
13233350,HP Proliant SAS/10000/해외구매 (300GB 653955-001),2026-06-01
13230890,"Western Digital WD RED Pro 7200/256M (10TB, WD102KFBX)",2026-06-01
13230674,"Seagate IronWolf 7200/256M/해외구매 (10TB, ST10000VN0008)",2026-06-01
13229861,"Seagate Exos 7E2000 7200/128M (1TB, ST1000NX0313)",2026-06-01
13229828,"Seagate Exos 7E2000 SAS/7200/128M (1TB, ST1000NX0333)",2026-06-01
13229438,"Seagate IronWolf Pro 7200/256M/해외구매 (4TB, ST4000NE001)",2026-06-01
13228889,"Seagate Exos X16 SAS/7200/256M/해외구매 (16TB, ST16000NM002G)",2026-06-01
13228649,"Seagate Exos X16 SAS/7200/256M/해외구매 (12TB, ST12000NM002G)",2026-06-01
13228622,"Seagate Exos X16 7200/256M/해외구매 (12TB, ST12000NM001G)",2026-06-01
13228031,"Seagate Exos 10E2400 SAS/10K/256M/해외구매 (1.8TB, ST1800MM0129)",2026-06-01
13227497,"Western Digital Ultrastar DC HC520 7200/256M/해외구매 (12TB, HUH721212ALE600)",2026-06-01
13227035,"Western Digital Ultrastar DC HC320 SAS/7200/256M/해외구매 (8TB, HUS728T8TAL5204)",2026-06-01
13226939,"Western Digital Ultrastar DC HC550 SAS/7200/512M/해외구매 (18TB, WUH721818AL5204)",2026-06-01
13226873,"Seagate IronWolf 5400/256M/해외구매 (6TB, ST6000VN001)",2026-06-01
13226837,"Seagate Exos X16 7200/256M/해외구매 (10TB, ST10000NM001G)",2026-06-01
13226789,"Seagate Exos X16 7200/256M/해외구매 (14TB, ST14000NM001G)",2026-06-01
13226762,"Seagate Exos X16 7200/256M/해외구매 (16TB, ST16000NM001G)",2026-06-01
13224968,"Seagate SkyHawk AI 7200/256M/해외구매 (14TB, ST14000VE0008)",2026-06-01
13223291,"Seagate IronWolf Pro 7200/256M/해외구매 (18TB, ST18000NE000)",2026-06-01
13222718,"Seagate IronWolf 7200/256M/해외구매 (8TB, ST8000VN004)",2026-06-01
13222157,"Western Digital Ultrastar DC HC330 7200/256M/해외구매 (10TB, WUS721010ALE6L4)",2026-06-01
13220960,"Seagate IronWolf Pro 7200/256M/해외구매 (8TB, ST8000NE001)",2026-06-01
13220849,"Seagate IronWolf Pro 7200/256M/해외구매 (10TB, ST10000NE0008)",2026-06-01
13220795,"Seagate IronWolf Pro 7200/256M/해외구매 (12TB, ST12000NE0008)",2026-06-01
13212737,"Seagate Exos X12 7200/256M (12TB, ST12000NM0008)",2026-06-01
13212209,"Western Digital Ultrastar DC HC320 7200/256M/해외구매 (8TB, HUS728T8TALE6L4)",2026-06-01
13211987,"Seagate SkyHawk AI 7200/256M/해외구매 (18TB, ST18000VE002)",2026-06-01
13211957,"Seagate SkyHawk AI 7200/256M/해외구매 (12TB, ST12000VE0008)",2026-06-01
13205063,"Western Digital WD Purple 7200/256M/해외구매 (10TB, WD102PURZ)",2026-06-01
13204517,"Western Digital WD Purple 5400/256M (8TB, WD81PURZ)",2026-06-01
13204103,"Western Digital WD Purple 5400/128M 해외구매 (8TB, WD80PURZ)",2026-06-01
13199918,"Seagate IronWolf 7200/256M/해외구매 (14TB, ST14000VN0008)",2026-06-01
13196594,"Seagate IronWolf 7200/256M/해외구매 (16TB, ST16000VN001)",2026-06-01
12834416,"Western Digital WD MOBILE BLACK 7200/64M/노트북용 (1TB, WD10SPSX)",2026-06-01
12719516,"Seagate Exos X18 SAS/7200/256M (18TB, ST18000NM004J)",2026-06-01
12719456,"Seagate Exos X18 7200/256M (18TB, ST18000NM000J)",2026-06-01
12700472,"Seagate Exos 7E2000 7200/128M (2TB, ST2000NX0253)",2026-06-01
12700412,"Seagate Exos 7E2000 SAS/7200/128M (2TB, ST2000NX0273)",2026-06-01
12639086,"Seagate SkyHawk AI 7200/256M (18TB, ST18000VE002)",2026-06-01
122658235,"Western Digital Ultrastar DC HC590 SAS/7200/512M (24TB, WUH722624AL5204)",2026-06-01
122658228,"Western Digital WD Ultrastar DC HC555 SAS/7200/512M (20TB, WUH722020CL5204)",2026-06-01
122657735,"Western Digital WD Ultrastar DC HC555 SAS/7200/512M (12TB, WUH722012CL5204)",2026-06-01
12090602,Western Digital Ultrastar DC HC550 박스 패키지 7200/512M WUH721818ALE6L4 (4x18TB),2026-06-01
12090584,Western Digital Ultrastar DC HC550 박스 패키지 7200/512M WUH721818ALE6L4 (2x18TB),2026-06-01
12090569,Western Digital Ultrastar DC HC550 박스 패키지 7200/512M WUH721816ALE6L4 (4x16TB),2026-06-01
12090554,Western Digital Ultrastar DC HC550 박스 패키지 7200/512M WUH721816ALE6L4 (2x16TB),2026-06-01
12068615,Western Digital Ultrastar DC HC550 박스 패키지 7200/512M WUH721818ALE6L4 (18TB),2026-06-01
12068573,Western Digital Ultrastar DC HC550 박스 패키지 7200/512M WUH721816ALE6L4 (16TB),2026-06-01
12068492,"Western Digital Ultrastar DC HC550 SAS/7200/512M (18TB, WUH721818AL5204)",2026-06-01
12068483,"Western Digital Ultrastar DC HC550 SAS/7200/512M (16TB, WUH721816AL5204)",2026-06-01
12068405,"Western Digital Ultrastar DC HC550 7200/512M (18TB, WUH721818ALE6L4)",2026-06-01
12068387,"Western Digital Ultrastar DC HC550 7200/512M (16TB, WUH721816ALE6L4)",2026-06-01
12008966,"도시바 P300 5400/128M (6TB, HDWD260)",2026-06-01
12008960,"도시바 P300 5400/128M (4TB, HDWD240)",2026-06-01
11778139,"Seagate Exos X16 SAS/7200/256M (12TB, ST12000NM002G)",2026-06-01
11778091,"Seagate Exos X16 SAS/7200/256M (10TB, ST10000NM002G)",2026-06-01
11778007,"Seagate Exos 7E8 SAS/7200/256M (2TB, ST2000NM004A)",2026-06-01
11777944,"Seagate Exos 7E8 SAS/7200/256M (8TB, ST8000NM001A)",2026-06-01
11777884,"Seagate Exos 7E8 SAS/7200/256M (6TB, ST6000NM029A)",2026-06-01
11777671,"Seagate Exos 7E8 SAS/7200/256M (4TB, ST4000NM005A)",2026-06-01
11777467,"Seagate Exos X16 7200/256M (12TB, ST12000NM001G)",2026-06-01
11777341,"Seagate Exos X16 7200/256M (10TB, ST10000NM001G)",2026-06-01
11776717,"Seagate Exos 7E8 7200/256M (8TB, ST8000NM000A)",2026-06-01
11776690,"Seagate Exos 7E8 7200/256M (6TB, ST6000NM021A)",2026-06-01
11776489,"Seagate Exos 7E8 7200/256M (4TB, ST4000NM002A)",2026-06-01
11452572,"Seagate Exos X16 SAS/7200/256M (14TB, ST14000NM002G)",2026-06-01
11397288,"Seagate IronWolf 5400/256M (6TB, ST6000VN001)",2026-06-01
11291397,도시바 N300 패키지 7200/256M HDWG21E (4x14TB),2026-06-01
11291385,도시바 N300 패키지 7200/256M HDWG21C (4x12TB),2026-06-01
11291367,도시바 N300 패키지 7200/256M HDWG11A (4x10TB),2026-06-01
11291349,도시바 N300 패키지 7200/256M HDWG180 (4x8TB),2026-06-01
11291313,도시바 N300 패키지 7200/128M HDWQ140 (4x4TB),2026-06-01
11290551,도시바 N300 패키지 7200/256M HDWG21E (2x14TB),2026-06-01
11290533,도시바 N300 패키지 7200/256M HDWG21C (2x12TB),2026-06-01
11290323,도시바 N300 패키지 7200/256M HDWG11A (2x10TB),2026-06-01
11286462,Western Digital WD Purple 패키지 7200/256M WD121PURZ (2x12TB),2026-06-01
11286450,Western Digital WD Purple 패키지 7200/256M WD102PURZ (2x10TB),2026-06-01
11286435,Western Digital WD Purple 패키지 5400/64M WD60PURZ (2x6TB),2026-06-01
11286420,Western Digital WD Purple 패키지 5400/64M WD40PURZ (2x4TB),2026-06-01
11286378,Western Digital WD Purple 패키지 5400/64M WD30PURZ (2x3TB),2026-06-01
11286369,Western Digital WD Purple 패키지 5400/64M WD20PURZ (2x2TB),2026-06-01
11286315,Western Digital WD Purple 패키지 5400/64M WD10PURZ (2x1TB),2026-06-01
11244042,Western Digital WD Purple 패키지 7200/256M WD121PURZ (4x12TB),2026-06-01
11243877,Western Digital WD Purple 패키지 7200/256M WD102PURZ (4x10TB),2026-06-01
11243799,Western Digital WD Purple 패키지 5400/64M WD60PURZ (4x6TB),2026-06-01
11243718,Western Digital WD Purple 패키지 5400/64M WD40PURZ (4x4TB),2026-06-01
11243607,Western Digital WD Purple 패키지 5400/64M WD30PURZ (4x3TB),2026-06-01
11243559,Western Digital WD Purple 패키지 5400/64M WD20PURZ (4x2TB),2026-06-01
11243493,Western Digital WD Purple 패키지 5400/64M WD10PURZ (4x1TB),2026-06-01
11236512,"Western Digital WD Purple 7200/256M (10TB, WD102PURZ)",2026-06-01
11212449,"Western Digital WD Purple 7200/256M (10TB, WD101PURZ)",2026-06-01
108388523,"Western Digital WD Purple 5400/128M (3TB, WD34PURZ)",2026-06-01
10780305,"Western Digital WD RED 5400/256M (4TB, WD40EFAX)",2026-06-01
107769839,"Western Digital WD RED Pro 7200/512M (24TB, WD241KFGX)",2026-06-01
106785635,Seagate IronWolf Pro 패키지 7200/256M ST8000NE001 (2x8TB),2026-06-01
106763552,"Western Digital WD RED Plus 5400/128M/해외구매 (4TB, WD40EFZZ)",2026-06-01
106735586,"Western Digital WD Purple 5400/128M/해외구매 (4TB, WD44PURZ)",2026-06-01
10616712,Western Digital Ultrastar DC HC510 박스 패키지 7200/256M HUH721008ALE600 (8TB),2026-06-01
104966996,Seagate SkyHawk AI 7200/512M 패키지 ST32000VE000 (4x32TB),2026-06-01
104966987,Seagate SkyHawk AI 7200/512M 패키지 ST32000VE000 (2x32TB),2026-06-01
104939354,Seagate IronWolf Pro 7200/512M 패키지 ST32000NT000 (4x32TB),2026-06-01
104939345,Seagate IronWolf Pro 7200/512M 패키지 ST32000NT000 (2x32TB),2026-06-01
10445298,Western Digital Ultrastar DC HC330 박스 패키지 7200/256M WUS721010ALE6L4 (4x10TB),2026-06-01
10445292,Western Digital Ultrastar DC HC330 박스 패키지 7200/256M WUS721010ALE6L4 (2x10TB),2026-06-01
10445247,Western Digital Ultrastar DC HC330 박스 패키지 7200/256M WUS721010ALE6L4 (10TB),2026-06-01
104374406,"Western Digital WD Blue 5400/128M (4TB, WD40EZZX)",2026-06-01
104224631,"Western Digital WD Purple 5400/128M (4TB, WD44PURZ)",2026-06-01
103811504,"Seagate Exos 7200/512M (32TB, ST32000NM004K)",2026-06-01
103811207,"Seagate SkyHawk AI 7200/512M (32TB, ST32000VE000)",2026-06-01
103811198,"Seagate IronWolf Pro 7200/512M (32TB, ST32000NT000)",2026-06-01
103808015,"Western Digital WD Purple 5640/256M/해외구매 (8TB, WD85PURZ)",2026-06-01
10339344,"Western Digital Ultrastar DC HC330 7200/256M (10TB, WUS721010ALE6L4)",2026-06-01
102550253,"Western Digital WD RED Plus 5400/128M (4TB, WD40EFZZ)",2026-06-01
102005369,"Western Digital WD Ultrastar DC HC555 SAS/7200/512M (14TB, WUH722014CL5204)",2026-06-01
102005171,"Western Digital Ultrastar DC HC580 SAS/7200/512M (22TB, WUH722422AL5204)",2026-06-01
100618535,"Western Digital WD BLACK 7200/256M/해외구매 (6TB, WD6004FZBX)",2026-06-01
10059927,"Western Digital Ultrastar DC HC530 SAS/7200/512M (14TB, WUH721414AL5204)",2026-06-01
100326998,"Western Digital WD Blue 5400/64M (1TB, WD10EARZ)",2026-06-01
