product_code,product_name,2026-06-02,2026-06-01,2026-05-31,2026-05-30,2026-05-29,2026-05-28,2026-05-27,2026-05-26
13436012,3.2인치 TFT 터치 LCD For 라즈베리파이,25300,25300,,,,,,
16275866,A320 (중고),47480,47500,,,,,,
13165257,A520 (중고),51390,51410,,,,,,
98184140,ADVANTECH ASMB-807-00A1,1080150,1080150,,,,,,
101073890,ADVANTECH ASMB-816-00A1,1061000,1061000,,,,,,
108401501,ADVANTECH ASMB-817I-00A1 아이보라,1138990,1138990,,,,,,
103415894,ADVANTECH ASMB-818I-00A1,1224870,1224870,,,,,,
104989574,ADVANTECH ASMB-831T2-00A1 아이보라,1683770,1683770,,,,,,
96366245,ADVANTECH ASMB-925-00A1,1122530,1122530,,,,,,
99948020,ADVANTECH ASMB-927T2-00A1 아이보라,2077590,2077590,,,,,,
10864752,ASRock A320M-HDVP 디앤디컴,150000,150000,,,,,,
18403331,ASRock A520M-HDV 대원씨티에스,68980,68980,,,,,,
12092663,ASRock A520M-HDV 디앤디컴,67700,67690,,,,,,
12660353,ASRock A520M-HDV 디앤디컴 (벌크),66900,67320,,,,,,
12130286,ASRock A520M-HDV 에즈윈,65420,65420,,,,,,
25213067,ASRock A520M-HDV 에즈윈 (벌크),65120,65120,,,,,,
32110508,ASRock A520M-HDVP R2.0 에즈윈 (벌크),84000,84000,,,,,,
77706989,ASRock A520M-HVS 대원씨티에스,59220,59230,,,,,,
12121013,ASRock A520M-ITX/ac 디앤디컴,177180,177300,,,,,,
97565858,ASRock A620AI WiFi 대원씨티에스,225370,225630,,,,,,
94081679,ASRock A620AM-HVS + WiFi6E 랜카드 패키지 디앤디컴,130500,130500,,,,,,
92108180,ASRock A620AM-HVS 대원씨티에스,98600,98600,,,,,,
92149667,ASRock A620AM-HVS 디앤디컴,90620,90620,,,,,,
92360591,ASRock A620AM-HVS 에즈윈,92050,92050,,,,,,
94081583,ASRock A620AM-X + WiFi6E 랜카드 패키지 디앤디컴,163890,163890,,,,,,
90506507,ASRock A620AM-X 디앤디컴,103990,103970,,,,,,
20140877,ASRock A620M-HDV/M.2 + WiFi6E 모듈 패키지 디앤디컴,150500,150500,,,,,,
19827944,ASRock A620M-HDV/M.2 디앤디컴,109240,109240,,,,,,
35810231,ASRock A620M-HDV/M.2 에즈윈,131990,131990,,,,,,
1357994,ASRock A780GM-LE (중고),18050,18050,,,,,,
6017713,ASRock B360M PRO4 디앤디컴,146000,146000,,,,,,
6494014,ASRock B450 PRO4 디앤디컴,166000,166000,,,,,,
7015291,ASRock B450 스틸레전드 디앤디컴,166000,166000,,,,,,
7097008,ASRock B450M 스틸레전드 디앤디컴,155000,155000,,,,,,
11572991,ASRock B550M PRO4 에즈윈,539130,539130,,,,,,
93382583,ASRock B550M Phantom Gaming 4 + WiFi6E 랜카드 패키지 디앤디컴,142000,142000,,,,,,
122618520,ASRock B550M Phantom Gaming 4 + WiFi7 랜카드 패키지 디앤디컴,171000,171000,,,,,,
19627397,ASRock B550M Phantom Gaming 4 대원씨티에스,109870,110110,,,,,,
12487823,ASRock B550M Phantom Gaming 4 디앤디컴,114570,114570,,,,,,
12464213,ASRock B550M Phantom Gaming 4 에즈윈,113190,113190,,,,,,
49538822,ASRock B550M Pro RS + WiFi6E 랜카드 패키지 디앤디컴,171860,171890,,,,,,
122618538,ASRock B550M Pro RS + WiFi7 랜카드 패키지 디앤디컴,182970,182970,,,,,,
49995851,ASRock B550M Pro RS 대원씨티에스,120300,120310,,,,,,
49162646,ASRock B550M Pro RS 디앤디컴,132020,130710,,,,,,
49740182,ASRock B550M Pro RS 에즈윈,124770,124770,,,,,,
13289012,ASRock B560 PRO4 에즈윈,246000,246000,,,,,,
13289171,ASRock B560M PRO4 에즈윈,226000,226000,,,,,,
19649354,ASRock B650 PG Lightning + WiFi6E 모듈 패키지 디앤디컴,354790,354790,,,,,,
17971196,ASRock B650 PG Lightning 디앤디컴,323750,323750,,,,,,
19648718,ASRock B650 Pro RS + WiFi6E 모듈 패키지 디앤디컴,379320,379320,,,,,,
18718829,ASRock B650 Pro RS 대원씨티에스,310530,310530,,,,,,
17971202,ASRock B650 Pro RS 디앤디컴,379000,379000,,,,,,
17971247,ASRock B650 Pro RS 에즈윈,329000,329000,,,,,,
72304610,ASRock B650 스틸레전드 WiFi 대원씨티에스,262210,262200,,,,,,
64394135,ASRock B650 스틸레전드 WiFi 디앤디컴,242590,242590,,,,,,
18007478,ASRock B650E PG Riptide WiFi 대원씨티에스,355100,355100,,,,,,
18007499,ASRock B650E 스틸레전드 WiFi 대원씨티에스,438970,438970,,,,,,
30167879,ASRock B650M PG Lightning + WiFi6E 모듈 패키지 디앤디컴,141650,141610,,,,,,
30622283,ASRock B650M PG Lightning + WiFi6E 모듈 패키지 에즈윈,146380,146380,,,,,,
46742996,ASRock B650M PG Lightning WiFi 디앤디컴,170000,170000,,,,,,
30300260,ASRock B650M PG Lightning 대원씨티에스,114150,114140,,,,,,
29908775,ASRock B650M PG Lightning 디앤디컴,112890,113250,,,,,,
28603964,ASRock B650M PG Lightning 에즈윈,115000,115000,,,,,,
63478082,ASRock B650M PG Riptide WiFi White 대원씨티에스,259000,259000,,,,,,
63269363,ASRock B650M PG Riptide WiFi White 디앤디컴,248500,248500,,,,,,
94998482,ASRock B650M PG Riptide WiFi White 디앤디컴 (중고),211680,211680,,,,,,
62791640,ASRock B650M PG Riptide WiFi White 에즈윈,212860,212860,,,,,,
17971604,ASRock B650M PG Riptide 대원씨티에스,171680,171730,,,,,,
17971253,ASRock B650M PG Riptide 에즈윈,299000,299000,,,,,,
21627827,ASRock B650M Pro RS 대원씨티에스,165000,165000,,,,,,
122678326,ASRock B650M Pro X3D + WiFi6E 모듈 패키지 디앤디컴,,,,,,,,
93702833,ASRock B650M Pro X3D WiFi 대원씨티에스,172620,172620,,,,,,
77786621,ASRock B650M Pro X3D WiFi 디앤디컴,168690,168910,,,,,,
93317309,ASRock B650M Pro X3D WiFi 에즈윈,171460,171460,,,,,,
77706647,ASRock B650M Pro X3D 대원씨티에스,134990,134980,,,,,,
77786816,ASRock B650M Pro X3D 디앤디컴,142970,142970,,,,,,
76509641,ASRock B650M Pro X3D 에즈윈,144290,144640,,,,,,
19536692,ASRock B650M-HDV/M.2 에즈윈,186680,186680,,,,,,
16089554,ASRock B660M Pro RS D4 에즈윈,166000,166000,,,,,,
2951174,ASRock B75M (중고),25150,25170,,,,,,
4497752,ASRock B75M-GL (중고),31000,31000,,,,,,
20103287,ASRock B760M Pro RS D5 + WiFi6E 모듈 패키지 디앤디컴,177070,177070,,,,,,
30638927,ASRock B760M Pro RS D5 + WiFi6E 모듈 패키지 에즈윈,188360,188360,,,,,,
31959920,ASRock B760M Pro RS D5 + WiFi7 모듈 패키지 디앤디컴,199710,199230,,,,,,
19498640,ASRock B760M Pro RS D5 디앤디컴,153110,153110,,,,,,
19536062,ASRock B760M Pro RS D5 에즈윈,147970,148090,,,,,,
69469049,ASRock B760M Pro RS D5 인텍앤컴퍼니,169000,169000,,,,,,
40895255,ASRock B760M Pro-A 에즈윈,171500,171500,,,,,,
106717613,ASRock B760M Pro-A 에즈윈 (벌크),134470,134460,,,,,,
69468977,ASRock B760M Pro-A 인텍앤컴퍼니,133900,133900,,,,,,
122678463,ASRock B760M Pro-A/D4 + WiFi6E 모듈 패키지 디앤디컴,,,,,,,,
122678434,ASRock B760M Pro-A/D4 + WiFi7 모듈 패키지 디앤디컴,,,,,,,,
106749107,ASRock B760M Pro-A/D4 디앤디컴,137970,137970,,,,,,
109483313,ASRock B760M Pro-A/D4 에즈윈,136790,136800,,,,,,
30161945,ASRock B760M-HDVP D5 디앤디컴,176000,176000,,,,,,
20536331,ASRock B760M-HDVP D5 에즈윈 (벌크),126370,126360,,,,,,
90643637,ASRock B760M-HDVP D5 인텍앤컴퍼니 (벌크),130340,130320,,,,,,
99714806,ASRock B760M-X Gen5 에즈윈 (벌크),123910,123900,,,,,,
97702355,ASRock B850 Challenger WiFi 7 White 대원씨티에스,255390,255390,,,,,,
99054896,ASRock B850 Challenger WiFi 7 White 디앤디컴,248000,248360,,,,,,
100383200,ASRock B850 Challenger WiFi 7 White 에즈윈,265050,265050,,,,,,
97702418,ASRock B850 Challenger WiFi 7 대원씨티에스,239000,239000,,,,,,
74250353,ASRock B850 LiveMixer WiFi 대원씨티에스,282970,282970,,,,,,
75939005,ASRock B850 Pro RS WiFi 대원씨티에스,251300,251300,,,,,,
74340596,ASRock B850 Pro RS WiFi 디앤디컴,249830,249820,,,,,,
73952600,ASRock B850 Pro RS WiFi 에즈윈,240400,240400,,,,,,
73952525,ASRock B850 Pro RS 에즈윈,238720,238840,,,,,,
79410761,ASRock B850 Pro-A WiFi 디앤디컴,229420,229410,,,,,,
78990293,ASRock B850 Pro-A WiFi 에즈윈,227750,227750,,,,,,
74250455,ASRock B850 Pro-A 대원씨티에스,214650,214290,,,,,,
74341610,ASRock B850 Pro-A 디앤디컴,220760,220770,,,,,,
74999933,ASRock B850 Pro-A 에즈윈,220010,219780,,,,,,
74250557,ASRock B850 Riptide WiFi 대원씨티에스,294920,294980,,,,,,
107958404,ASRock B850 Rock WiFi 7 대원씨티에스,232040,232100,,,,,,
106717493,ASRock B850 Rock WiFi 7 에즈윈,227050,227050,,,,,,
74340710,ASRock B850 스틸레전드 WiFi 디앤디컴,278840,278960,,,,,,
77278937,ASRock B850 스틸레전드 WiFi 에즈윈,288050,288110,,,,,,
77278676,ASRock B850I Lightning WiFi 대원씨티에스,336890,336890,,,,,,
73952591,ASRock B850I Lightning WiFi 에즈윈,326100,326100,,,,,,
107956478,ASRock B850M Challenger WiFi 7 White 대원씨티에스,238130,238150,,,,,,
107768525,ASRock B850M Challenger WiFi 7 White 디앤디컴,223570,223670,,,,,,
106728485,ASRock B850M Challenger WiFi 7 White 에즈윈,242250,242250,,,,,,
93804581,ASRock B850M Pro Plus WiFi 디앤디컴,221320,221440,,,,,,
78534680,ASRock B850M Pro RS + WiFi6E 모듈 패키지 디앤디컴,253310,248740,,,,,,
94028396,ASRock B850M Pro RS WiFi WHITE 대원씨티에스,198040,198030,,,,,,
93803822,ASRock B850M Pro RS WiFi WHITE 디앤디컴,215130,215370,,,,,,
75600851,ASRock B850M Pro RS WiFi 디앤디컴,201970,202210,,,,,,
73952732,ASRock B850M Pro RS WiFi 에즈윈,202940,202940,,,,,,
75538394,ASRock B850M Pro RS 대원씨티에스,196890,196880,,,,,,
75600842,ASRock B850M Pro RS 디앤디컴,201470,201500,,,,,,
73952729,ASRock B850M Pro RS 에즈윈,200360,200360,,,,,,
75540665,ASRock B850M Pro-A WiFi 대원씨티에스,187000,187000,,,,,,
79553249,ASRock B850M Pro-A WiFi 디앤디컴,180900,180890,,,,,,
74341325,ASRock B850M Pro-A WiFi 에즈윈,190370,190720,,,,,,
75538754,ASRock B850M Pro-A 대원씨티에스,195000,195000,,,,,,
75724184,ASRock B850M Pro-A 디앤디컴,163030,163050,,,,,,
74341163,ASRock B850M Pro-A 에즈윈,163340,163350,,,,,,
77705072,ASRock B850M Riptide WiFi 대원씨티에스,241240,241240,,,,,,
107960645,ASRock B850M Rock WiFi 대원씨티에스,179050,179070,,,,,,
106717577,ASRock B850M Rock WiFi 에즈윈,189050,189050,,,,,,
77704688,ASRock B850M 스틸레전드 WiFi 대원씨티에스,235550,235910,,,,,,
78102476,ASRock B850M 스틸레전드 WiFi 디앤디컴,218730,218730,,,,,,
74341418,ASRock B850M 스틸레전드 WiFi 에즈윈,238780,238780,,,,,,
79556738,ASRock B850M-X R2.0 대원씨티에스,159760,159750,,,,,,
79553456,ASRock B850M-X R2.0 디앤디컴,147410,147660,,,,,,
82093181,ASRock B850M-X R2.0 에즈윈,154200,154190,,,,,,
74250659,ASRock B850M-X 대원씨티에스,166750,166750,,,,,,
74341787,ASRock B850M-X 디앤디컴,145780,145900,,,,,,
6145461,ASRock B85M (중고),23000,23000,,,,,,
5994057,ASRock B85M PRO4 (중고),33250,33250,,,,,,
4478863,ASRock B85M-DGS (중고),25810,25830,,,,,,
4488764,ASRock B85M-HDS (중고),26890,26910,,,,,,
74116181,ASRock B860 LiveMixer WiFi 인텍앤컴퍼니,272000,272000,,,,,,
75935651,ASRock B860 Pro RS WiFi 디앤디컴,249980,249970,,,,,,
74415509,ASRock B860 Pro RS WiFi 에즈윈,258120,258120,,,,,,
74415482,ASRock B860 Pro RS 에즈윈,250430,250420,,,,,,
82470941,ASRock B860 Pro-A WiFi 에즈윈,251290,251280,,,,,,
92360492,ASRock B860 Pro-A 에즈윈,227480,227480,,,,,,
106748744,ASRock B860 Rock WiFi 7 디앤디컴,219770,219770,,,,,,
106728086,ASRock B860 Rock WiFi 7 에즈윈,222100,222090,,,,,,
122642347,ASRock B860 Rock WiFi7 인텍앤컴퍼니,224480,224470,,,,,,
74116589,ASRock B860 스틸레전드 WiFi 인텍앤컴퍼니,324570,324570,,,,,,
75935729,ASRock B860I WiFi 디앤디컴,281900,278090,,,,,,
74491295,ASRock B860I WiFi 에즈윈,276070,276070,,,,,,
74116334,ASRock B860M LiveMixer WiFi 인텍앤컴퍼니,238840,238840,,,,,,
75935612,ASRock B860M Pro RS WiFi 디앤디컴,217910,217940,,,,,,
74415038,ASRock B860M Pro RS WiFi 에즈윈,210170,210530,,,,,,
74121977,ASRock B860M Pro RS WiFi 인텍앤컴퍼니,219000,219000,,,,,,
74422025,ASRock B860M Pro RS 디앤디컴,202070,199940,,,,,,
74013710,ASRock B860M Pro RS 에즈윈,194400,194400,,,,,,
102412697,ASRock B860M Pro-A 디앤디컴,170990,170990,,,,,,
98415419,ASRock B860M Pro-A 에즈윈,169440,169440,,,,,,
75856643,ASRock B860M Pro-A 인텍앤컴퍼니,178580,178570,,,,,,
106728191,ASRock B860M Rock WiFi 에즈윈,190620,190620,,,,,,
108456887,ASRock B860M Rock WiFi 인텍앤컴퍼니,192040,192030,,,,,,
75935675,ASRock B860M 스틸레전드 WiFi 디앤디컴,274000,274000,,,,,,
74116682,ASRock B860M 스틸레전드 WiFi 인텍앤컴퍼니,263520,263520,,,,,,
122620820,ASRock B860M-HDVP 에즈윈 (벌크),146550,146540,,,,,,
102412694,ASRock B860M-X Gen5 디앤디컴,162990,162990,,,,,,
104966246,ASRock B860M-X Gen5 에즈윈,155060,155060,,,,,,
103415765,ASRock B860M-X Gen5 에즈윈 (벌크),144790,144780,,,,,,
104628878,ASRock B860M-X Gen5 인텍앤컴퍼니,166120,166110,,,,,,
78307601,ASRock B860M-X 디앤디컴,169000,169000,,,,,,
74491253,ASRock B860M-X 에즈윈,173000,173000,,,,,,
74122352,ASRock B860M-X 인텍앤컴퍼니,166110,166100,,,,,,
17968601,ASRock C621A WS 에즈윈,1871000,1871000,,,,,,
4465818,ASRock G31M-S (중고),36580,36580,,,,,,
4467580,ASRock G41M-S3 (중고),26600,26600,,,,,,
6153694,ASRock H110M-HDV (중고),30880,30880,,,,,,
17021852,ASRock H310CM-HDVP 에즈윈,156000,156000,,,,,,
67372934,ASRock H510M-HDV/M.2 SE 디앤디컴,95440,95440,,,,,,
67373036,ASRock H510M-HDV/M.2 SE 디앤디컴 (벌크),96000,96000,,,,,,
55468811,ASRock H510M-HDV/M.2 SE 에즈윈,97190,97180,,,,,,
59826524,ASRock H610M-H2/M.2 D4 디앤디컴,75470,75720,,,,,,
59827064,ASRock H610M-H2/M.2 D4 디앤디컴 (벌크),76000,76020,,,,,,
58432343,ASRock H610M-H2/M.2 D4 에즈윈,80000,79990,,,,,,
58623128,ASRock H610M-H2/M.2 D4 에즈윈 (벌크),80730,80730,,,,,,
79559189,ASRock H610M-H2/M.2 D4 인텍앤컴퍼니,76500,76500,,,,,,
28183691,ASRock H610M-H2/M.2 D5 디앤디컴,81090,80630,,,,,,
28183721,ASRock H610M-H2/M.2 D5 디앤디컴 (벌크),81260,81250,,,,,,
96776582,ASRock H610M-H2/M.2 D5 에즈윈,82590,82570,,,,,,
28029617,ASRock H610M-H2/M.2 D5 에즈윈 (벌크),80950,80940,,,,,,
101069831,ASRock H610M-HDV/M.2 D5 Gen5 디앤디컴,98580,98580,,,,,,
101074493,ASRock H610M-HDV/M.2 D5 Gen5 디앤디컴 (벌크),99460,99450,,,,,,
99714851,ASRock H610M-HDV/M.2 D5 Gen5 에즈윈,98130,98110,,,,,,
17792948,ASRock H610M-HDV/M.2 R2.0 D4 디앤디컴,86680,86930,,,,,,
17831603,ASRock H610M-HDV/M.2 R2.0 D4 디앤디컴 (벌크),89150,89150,,,,,,
17847224,ASRock H610M-HDV/M.2 R2.0 D4 에즈윈,104330,104330,,,,,,
17847233,ASRock H610M-HDV/M.2 R2.0 D4 에즈윈 (벌크),87890,87890,,,,,,
27546074,ASRock H610M-HDV/M.2+ D5 대원씨티에스,90100,90090,,,,,,
27409910,ASRock H610M-HDV/M.2+ D5 디앤디컴,92690,92690,,,,,,
28059134,ASRock H610M-HDV/M.2+ D5 디앤디컴 (벌크),94290,94280,,,,,,
25866491,ASRock H610M-HDV/M.2+ D5 에즈윈,90810,90810,,,,,,
25869083,ASRock H610M-HDV/M.2+ D5 에즈윈 (벌크),93940,93930,,,,,,
90643316,ASRock H610M-HDVP/D5 R2.0 인텍앤컴퍼니 (벌크),102730,102730,,,,,,
29880134,ASRock H610M-HVS M.2 R2.0 D4 대원씨티에스,95000,95000,,,,,,
29880191,ASRock H610M-HVS M.2 R2.0 D4 대원씨티에스 (벌크),95000,95000,,,,,,
69468782,ASRock H610M-HVS M.2 R2.0 D4 인텍앤컴퍼니,97200,97200,,,,,,
17793371,ASRock H610M-HVS/M.2 R2.0 D4 디앤디컴,86220,86220,,,,,,
17847254,ASRock H610M-HVS/M.2 R2.0 D4 에즈윈 (벌크),83140,83140,,,,,,
104595728,ASRock H610M-X D5 Gen5 대원씨티에스,98580,98580,,,,,,
101069660,ASRock H610M-X D5 Gen5 디앤디컴,111970,111970,,,,,,
101074490,ASRock H610M-X D5 Gen5 디앤디컴 (벌크),113660,113440,,,,,,
103415738,ASRock H610M-X D5 Gen5 에즈윈,112210,112210,,,,,,
99714830,ASRock H610M-X D5 Gen5 에즈윈 (벌크),109610,109610,,,,,,
63087650,ASRock H610M-X D5 디앤디컴,95820,95820,,,,,,
63140087,ASRock H610M-X D5 디앤디컴 (벌크),95350,95340,,,,,,
61423463,ASRock H610M-X D5 에즈윈 (벌크),103200,103190,,,,,,
69468680,ASRock H610M-X D5 인텍앤컴퍼니 (벌크),104860,104850,,,,,,
103187837,ASRock H610TM-ITX 에즈윈 (120W 어댑터 포함),208890,208890,,,,,,
103187846,ASRock H610TM-ITX 에즈윈 (180W 어댑터 포함),205240,205600,,,,,,
103187819,ASRock H610TM-ITX 에즈윈 (벌크),165920,166270,,,,,,
4471514,ASRock H61M-DGS (B3) (중고),15010,15010,,,,,,
4494526,ASRock H61M-HVGS (B3) (중고),39500,39500,,,,,,
6343237,ASRock H77 Pro4/MVP (중고),71000,71000,,,,,,
13889696,ASRock H81 PRO BTC R2.0 (중고),75000,75000,,,,,,
92971409,ASRock H810M-H 인텍앤컴퍼니,104850,104850,,,,,,
105969083,ASRock H810M-HDVP 디앤디컴,130780,130770,,,,,,
106717637,ASRock H810M-HDVP 에즈윈 (벌크),132050,132050,,,,,,
106709246,ASRock H810M-P Gen5 + WiFi6E 랜카드 패키지 디앤디컴,136000,136000,,,,,,
106729403,ASRock H810M-P Gen5 + WiFi7 랜카드 패키지 디앤디컴,159630,159620,,,,,,
106689341,ASRock H810M-P Gen5 디앤디컴,107420,107420,,,,,,
106689347,ASRock H810M-P Gen5 디앤디컴 (벌크),110000,110000,,,,,,
106220351,ASRock H810M-P Gen5 에즈윈,105900,105900,,,,,,
106746197,ASRock H810M-P Gen5 인텍앤컴퍼니,109000,109000,,,,,,
106710032,ASRock H810M-X Gen5 + WiFi6E 랜카드 패키지 디앤디컴,155000,155000,,,,,,
106729391,ASRock H810M-X Gen5 + WiFi7 랜카드 패키지 디앤디컴,176890,176890,,,,,,
106689353,ASRock H810M-X Gen5 디앤디컴,128990,128990,,,,,,
106689356,ASRock H810M-X Gen5 디앤디컴 (벌크),129370,129370,,,,,,
104966219,ASRock H810M-X Gen5 에즈윈,128920,127560,,,,,,
122663744,ASRock H810M-X Gen5 에즈윈 (벌크),128140,128130,,,,,,
105184787,ASRock H810M-X Gen5 인텍앤컴퍼니,133987,133802,,,,,,
78307670,ASRock H810M-X WIFI 디앤디컴,149880,149770,,,,,,
78307739,ASRock H810M-X 디앤디컴,135500,135490,,,,,,
78312209,ASRock H810M-X 디앤디컴 (벌크),135310,135540,,,,,,
74885192,ASRock H810M-X 에즈윈,129800,129820,,,,,,
74885201,ASRock H810M-X 에즈윈 (벌크),131750,131740,,,,,,
78977822,ASRock H810M-X 인텍앤컴퍼니,129410,129410,,,,,,
108352127,ASRock H810TM-ITX 에즈윈 (벌크) (120W 어댑터 포함),218890,218890,,,,,,
108352133,ASRock H810TM-ITX 에즈윈 (벌크) (180W 어댑터 포함),228890,228890,,,,,,
103877579,ASRock H810TM-ITX 에즈윈 (벌크) (어댑터 미포함),173730,173850,,,,,,
5994682,ASRock H81M-DG4 (중고),20350,20590,,,,,,
4489542,ASRock H81M-DGS (중고),20350,20590,,,,,,
5994821,ASRock H81M-HDS (중고),23270,23290,,,,,,
6558463,ASRock H97 Performance (중고),45600,45600,,,,,,
5516497,ASRock Q87M vPRO (중고),170000,170000,,,,,,
71426399,ASRock Rack EC262D4U 명인일렉트로닉스,654210,654210,,,,,,
24703229,ASRock Rack ROME2D16-2T,1336000,1336000,,,,,,
73071959,ASRock Rack SP2C741D16X-2T 명인일렉트로닉스,2090000,2090000,,,,,,
73072130,ASRock Rack SPC741D8-2L2T/BCM 명인일렉트로닉스,1980990,1980990,,,,,,
105969170,ASRock Rack SPC741D8UD-2T/X550 명인일렉트로닉스,1469990,1469990,,,,,,
77784170,ASRock W790 WS R2.0 에즈윈,1276500,1276500,,,,,,
48647831,ASRock WRX90 WS EVO 대원씨티에스,1823990,1823990,,,,,,
68242124,ASRock X870 Pro RS WiFi 대원씨티에스,311320,311380,,,,,,
79410686,ASRock X870 Pro RS WiFi 디앤디컴,304970,304970,,,,,,
70101260,ASRock X870 Pro RS WiFi 에즈윈,320750,320750,,,,,,
68242145,ASRock X870 Pro RS 대원씨티에스,278000,278000,,,,,,
70875566,ASRock X870 Pro RS 디앤디컴,288510,288510,,,,,,
67695641,ASRock X870 Pro RS 에즈윈,284110,284110,,,,,,
98925365,ASRock X870 Pro-A WiFi 대원씨티에스,292410,292410,,,,,,
97224935,ASRock X870 Pro-A WiFi 디앤디컴,292800,292800,,,,,,
75541040,ASRock X870 Riptide WiFi 대원씨티에스,366250,366240,,,,,,
98415254,ASRock X870 Taichi Creator 에즈윈,619510,619490,,,,,,
68242061,ASRock X870 스틸레전드 WiFi 대원씨티에스,315650,315640,,,,,,
68440103,ASRock X870 스틸레전드 WiFi 디앤디컴,360390,360390,,,,,,
70769987,ASRock X870E Nova WiFi 대원씨티에스,426540,426540,,,,,,
72757274,ASRock X870E Nova WiFi 디앤디컴,476960,477030,,,,,,
67852967,ASRock X870E Nova WiFi 에즈윈,474900,474900,,,,,,
73949189,ASRock X870E Taichi Lite (해외구매),388000,388000,,,,,,
68246816,ASRock X870E Taichi 대원씨티에스,768000,768000,,,,,,
67850639,ASRock X870E Taichi 에즈윈,753000,753000,,,,,,
32104016,ASRock Z790 PG Lightning D5 + WiFi6E 모듈 패키지 에즈윈,299000,299000,,,,,,
18052340,ASRock Z790 PG Lightning D5 에즈윈,289000,289000,,,,,,
90643517,ASRock Z790 PG Lightning D5 인텍앤컴퍼니,284000,284000,,,,,,
20012147,ASRock Z790 Pro RS D5 + WiFi6E 모듈 패키지 디앤디컴,386000,386000,,,,,,
31959437,ASRock Z790 Pro RS D5 + WiFi7 모듈 패키지 디앤디컴,405000,405000,,,,,,
18060353,ASRock Z790 Pro RS D5 디앤디컴,351000,351000,,,,,,
18052067,ASRock Z790 Pro RS D5 에즈윈,288420,288420,,,,,,
18485645,ASRock Z790 Pro RS WiFi D5 디앤디컴,354000,354000,,,,,,
18348485,ASRock Z790 Pro RS WiFi D5 에즈윈,389000,389000,,,,,,
71007920,ASRock Z890 Lightning WiFi 에즈윈,419610,419730,,,,,,
69868430,ASRock Z890 LiveMixer WiFi 인텍앤컴퍼니,351710,351710,,,,,,
69471320,ASRock Z890 Nova WiFi 에즈윈,529000,529000,,,,,,
69868301,ASRock Z890 Nova WiFi 인텍앤컴퍼니,529000,529000,,,,,,
71010251,ASRock Z890 Pro RS WiFi White 디앤디컴,338320,338560,,,,,,
68687816,ASRock Z890 Pro RS WiFi White 에즈윈,335300,335300,,,,,,
69868478,ASRock Z890 Pro RS WiFi 인텍앤컴퍼니,348350,348340,,,,,,
70006589,ASRock Z890 Pro RS 디앤디컴,338170,338280,,,,,,
68687615,ASRock Z890 Pro RS 에즈윈,324440,324440,,,,,,
78102458,ASRock Z890 Pro-A WiFi 디앤디컴,317310,317300,,,,,,
69053765,ASRock Z890 Pro-A WiFi 에즈윈,311560,311560,,,,,,
69868499,ASRock Z890 Pro-A WiFi 인텍앤컴퍼니,300000,300000,,,,,,
70006610,ASRock Z890 Pro-A 디앤디컴,299850,299930,,,,,,
68919209,ASRock Z890 Pro-A 에즈윈,309440,309430,,,,,,
69868004,ASRock Z890 Taichi AQUA 인텍앤컴퍼니,1419060,1419060,,,,,,
69868175,ASRock Z890 Taichi OCF 인텍앤컴퍼니,878970,878970,,,,,,
70000382,ASRock Z890 Taichi 디앤디컴,672920,672920,,,,,,
68776211,ASRock Z890 Taichi 에즈윈,671390,671390,,,,,,
69867902,ASRock Z890 Taichi 인텍앤컴퍼니,676410,676400,,,,,,
70006577,ASRock Z890 스틸레전드 WIFI 디앤디컴,376530,376530,,,,,,
69867761,ASRock Z890 스틸레전드 WIFI 인텍앤컴퍼니,369000,369000,,,,,,
69471116,ASRock Z890I Nova WiFi 에즈윈,503150,503270,,,,,,
95420366,ASUS B850M MAX GAMING WIFI STCOM,198460,198450,,,,,,
93071258,ASUS B850M MAX GAMING WIFI 대원씨티에스,187240,187600,,,,,,
103188218,ASUS B850M MAX GAMING WIFI 인텍앤컴퍼니,186390,186390,,,,,,
5679942,ASUS B85M-F (중고),28150,28270,,,,,,
4482977,ASUS B85M-G (중고),33870,33890,,,,,,
75536555,ASUS B860M AYW GAMING WIFI 인텍앤컴퍼니,174740,174740,,,,,,
7452148,ASUS EX A320M-GAMING 대원씨티에스,116000,116000,,,,,,
18652511,ASUS EX B760M-V5 D4 코잇,129000,129000,,,,,,
16260506,ASUS EX H610M-V3 D4 STCOM,95110,94030,,,,,,
3548546,ASUS H110M-K STCOM,121320,121330,,,,,,
3603620,ASUS H110M-K 아이보라,122280,122280,,,,,,
76463696,ASUS H810M AYW GAMING WIFI STCOM,158960,158950,,,,,,
77083265,ASUS H810M AYW GAMING WIFI 코잇,153880,153880,,,,,,
76463777,ASUS H810M AYW GAMING WIFI-CSM STCOM,160990,160980,,,,,,
2976233,ASUS H81M-A (중고),19480,19480,,,,,,
5713431,ASUS H81M-D PLUS (중고),23890,23890,,,,,,
2976067,ASUS H81M-E (중고),22290,22410,,,,,,
3266921,ASUS H81M-K (벌크),119980,119980,,,,,,
4483142,ASUS H81M-K (중고),21990,21990,,,,,,
2976087,ASUS H87-PLUS (중고),37870,31290,,,,,,
6145321,ASUS H97-PLUS (중고),96000,96000,,,,,,
6643243,ASUS P11C-X 아이보라,711000,711000,,,,,,
14872736,ASUS P11C-X 인텍앤컴퍼니,455050,455050,,,,,,
19927871,ASUS P12R-I STCOM,359000,358990,,,,,,
96059018,ASUS P13R-E,798900,798900,,,,,,
4470793,ASUS P5G41T-M LX (중고),19310,19430,,,,,,
4471893,ASUS P5KPL-AM (중고),95000,95000,,,,,,
4489619,ASUS P7H55-M LX (중고),22330,22330,,,,,,
4489674,ASUS P8B75-M LX (중고),24500,24500,,,,,,
14267837,ASUS P8H61-M PLUS2 (B3) (중고),38000,38000,,,,,,
3032975,ASUS P8H61-MX (B3) (중고),20900,20900,,,,,,
6449392,ASUS P8H67 B3 (중고),25890,25910,,,,,,
3226637,ASUS P9D-MH/10G-DUAL STCOM,512490,514990,,,,,,
16284179,ASUS PRIME A520M-A II 대원씨티에스,83530,83780,,,,,,
12060293,ASUS PRIME A520M-K STCOM,68890,68400,,,,,,
12069566,ASUS PRIME A520M-K 대원씨티에스,62050,62290,,,,,,
12067610,ASUS PRIME A520M-K 아이보라,70000,72500,,,,,,
122643555,ASUS PRIME A520M-K 인텍앤컴퍼니,66430,66430,,,,,,
104989559,ASUS PRIME A620AM-A STCOM,124860,124850,,,,,,
106703432,ASUS PRIME A620AM-A 대원씨티에스,103410,103410,,,,,,
106703318,ASUS PRIME A620AM-K 대원씨티에스,106980,103400,,,,,,
19924310,ASUS PRIME A620M-A STCOM,128000,128000,,,,,,
19926611,ASUS PRIME A620M-A 대원씨티에스,125000,125000,,,,,,
21428693,ASUS PRIME A620M-K 대원씨티에스,124330,119180,,,,,,
11574458,ASUS PRIME B550M-A 대원씨티에스,127060,127430,,,,,,
105968858,ASUS PRIME B550M-K ARGB STCOM,117980,117990,,,,,,
105968849,ASUS PRIME B550M-K ARGB 대원씨티에스,113900,113900,,,,,,
18128375,ASUS PRIME B650-PLUS STCOM,340000,340000,,,,,,
96712895,ASUS PRIME B650EM-A STCOM,146990,146980,,,,,,
97119959,ASUS PRIME B650EM-A 대원씨티에스,140890,141390,,,,,,
102004853,ASUS PRIME B650EM-A 인텍앤컴퍼니,136890,136890,,,,,,
19163258,ASUS PRIME B650M-A II STCOM,222230,222220,,,,,,
19691519,ASUS PRIME B650M-A II 대원씨티에스,129000,129000,,,,,,
19429325,ASUS PRIME B760-PLUS STCOM,259000,259000,,,,,,
19772519,ASUS PRIME B760-PLUS 인텍앤컴퍼니,279000,279000,,,,,,
19756130,ASUS PRIME B760-PLUS 코잇,249900,249900,,,,,,
18652898,ASUS PRIME B760M-A D4 STCOM,148400,148390,,,,,,
106708949,ASUS PRIME B760M-A D4 코잇,146820,146820,,,,,,
99733238,ASUS PRIME B760M-A II 코잇,153990,153990,,,,,,
19605602,ASUS PRIME B760M-A STCOM,156000,155990,,,,,,
19772375,ASUS PRIME B760M-A 인텍앤컴퍼니,148100,148460,,,,,,
19704527,ASUS PRIME B760M-A 코잇,145950,145950,,,,,,
18652895,ASUS PRIME B760M-K D4 STCOM,134990,134980,,,,,,
18652442,ASUS PRIME B760M-K D4 코잇,131250,131250,,,,,,
20317493,ASUS PRIME B760M-K STCOM,131280,131280,,,,,,
20710217,ASUS PRIME B760M-K 인텍앤컴퍼니,130000,130000,,,,,,
20343650,ASUS PRIME B760M-K 코잇,159630,159630,,,,,,
20612690,ASUS PRIME B760M-KS 코잇 (벌크),131500,131500,,,,,,
34372580,ASUS PRIME B760M-PLUS-CSM STCOM,227890,227890,,,,,,
34810925,ASUS PRIME B760M-PLUS-CSM 인텍앤컴퍼니,164420,164420,,,,,,
34815323,ASUS PRIME B760M-PLUS-CSM 코잇,200990,200990,,,,,,
73769357,ASUS PRIME B840-PLUS WIFI-CSM 대원씨티에스,291370,291490,,,,,,
73884143,ASUS PRIME B840M-A WIFI-CSM STCOM,239400,239400,,,,,,
73769318,ASUS PRIME B840M-A WIFI-CSM 대원씨티에스,247360,247370,,,,,,
73884173,ASUS PRIME B840M-A-CSM STCOM,221350,221350,,,,,,
73769342,ASUS PRIME B840M-A-CSM 대원씨티에스,150000,223110,,,,,,
74491244,ASUS PRIME B840M-A-CSM 인텍앤컴퍼니,147000,147000,,,,,,
95420537,ASUS PRIME B850M-A-CSM STCOM,199000,215700,,,,,,
93022751,ASUS PRIME B850M-A-CSM 대원씨티에스,199000,199000,,,,,,
101184890,ASUS PRIME B850M-A-CSM 인텍앤컴퍼니,194060,194060,,,,,,
74255120,ASUS PRIME B860-PLUS WIFI-CSM STCOM,318950,315150,,,,,,
74255114,ASUS PRIME B860-PLUS-CSM STCOM,298990,295910,,,,,,
74337014,ASUS PRIME B860-PLUS-CSM 코잇,278980,278980,,,,,,
74255033,ASUS PRIME B860M-A WIFI-CSM STCOM,268890,268880,,,,,,
74255204,ASUS PRIME B860M-A WIFI-CSM 인텍앤컴퍼니,211910,283000,,,,,,
100698416,ASUS PRIME B860M-A WIFI-CSM 코잇,209810,209810,,,,,,
74255060,ASUS PRIME B860M-A-CSM STCOM,188000,249000,,,,,,
74255321,ASUS PRIME B860M-A-CSM 인텍앤컴퍼니,174900,174900,,,,,,
74337680,ASUS PRIME B860M-A-CSM 코잇,180580,180580,,,,,,
74255084,ASUS PRIME B860M-K-CSM STCOM,185800,185790,,,,,,
6024335,ASUS PRIME H310M-K STCOM,156000,156000,,,,,,
16971290,ASUS PRIME H410M-A STCOM,120000,120000,,,,,,
28511822,ASUS PRIME H510M-K R2.0 STCOM,117000,116990,,,,,,
20027564,ASUS PRIME H510M-K R2.0 인텍앤컴퍼니,300000,300000,,,,,,
29393921,ASUS PRIME H610I-PLUS 코잇,202350,202350,,,,,,
16103177,ASUS PRIME H610M-A D4 STCOM,106940,106930,,,,,,
34739282,ASUS PRIME H610M-CS 2.5G 코잇,112990,112990,,,,,,
20344700,ASUS PRIME H610M-CS D4 코잇,80990,80990,,,,,,
29942195,ASUS PRIME H610M-D 코잇,110500,110500,,,,,,
16103297,ASUS PRIME H610M-E D4 아이보라,162990,162990,,,,,,
27572138,ASUS PRIME H610M-E 인텍앤컴퍼니,171900,171900,,,,,,
27675110,ASUS PRIME H610M-E 코잇,111950,111950,,,,,,
28857623,ASUS PRIME H610M-K ARGB 인텍앤컴퍼니,167940,167940,,,,,,
18523409,ASUS PRIME H610M-K D4 아이보라,88830,88830,,,,,,
16083650,ASUS PRIME H610M-K D4 인텍앤컴퍼니,84660,84660,,,,,,
28857518,ASUS PRIME H610M-K D5 인텍앤컴퍼니,69900,69900,,,,,,
74336033,ASUS PRIME H810M-A STCOM,130840,130830,,,,,,
74336888,ASUS PRIME H810M-A WIFI STCOM,153330,153320,,,,,,
77083238,ASUS PRIME H810M-A WIFI 코잇,140570,140570,,,,,,
74336894,ASUS PRIME H810M-A WIFI-CSM STCOM,158890,158880,,,,,,
75720068,ASUS PRIME H810M-A 인텍앤컴퍼니,123020,123020,,,,,,
77083181,ASUS PRIME H810M-A 코잇,122980,122980,,,,,,
74336102,ASUS PRIME H810M-A-CSM STCOM,141750,141740,,,,,,
100691990,ASUS PRIME H810M-E 코잇,111990,111990,,,,,,
104989499,ASUS PRIME H810M-K STCOM,123980,124000,,,,,,
104616128,ASUS PRIME H810M-K 인텍앤컴퍼니,113240,113240,,,,,,
108167225,ASUS PRIME H810M-X 2.5G Gen5 코잇,124900,124900,,,,,,
67693886,ASUS PRIME X870-P WIFI-CSM STCOM,354990,354990,,,,,,
67851653,ASUS PRIME X870-P WIFI-CSM 대원씨티에스,331880,331880,,,,,,
67693952,ASUS PRIME X870-P-CSM STCOM,345890,345890,,,,,,
67851971,ASUS PRIME X870-P-CSM 대원씨티에스,306950,306950,,,,,,
15638735,ASUS PRIME Z690-P WIFI D4 인텍앤컴퍼니,336700,336700,,,,,,
15609182,ASUS PRIME Z690-P WIFI D4 코잇,560000,560000,,,,,,
18054881,ASUS PRIME Z790-P WIFI-CSM 코잇,382950,382950,,,,,,
18054803,ASUS PRIME Z790-P-CSM 코잇,331800,345790,,,,,,
20079008,ASUS PRIME Z790M-PLUS-CSM 코잇,354980,354980,,,,,,
69661250,ASUS PRIME Z890-P WIFI-CSM STCOM,414000,414000,,,,,,
96711170,ASUS PRIME Z890-P WIFI-CSM STCOM (중고),333200,333200,,,,,,
69656816,ASUS PRIME Z890-P WIFI-CSM 인텍앤컴퍼니,398890,398890,,,,,,
69696089,ASUS PRIME Z890-P WIFI-CSM 코잇,389000,379000,,,,,,
69661526,ASUS PRIME Z890-P-CSM STCOM,366720,366360,,,,,,
69656858,ASUS PRIME Z890-P-CSM 인텍앤컴퍼니,328960,328960,,,,,,
69696269,ASUS PRIME Z890-P-CSM 코잇,354920,354920,,,,,,
70002455,ASUS PRIME Z890M-PLUS WIFI-CSM STCOM,379000,378990,,,,,,
69699770,ASUS PRIME Z890M-PLUS WIFI-CSM 인텍앤컴퍼니,427500,427500,,,,,,
69696464,ASUS PRIME Z890M-PLUS WIFI-CSM 코잇,364390,364390,,,,,,
99913676,ASUS PRO WS B850M-ACE SE STCOM,590450,590440,,,,,,
32043872,ASUS PRO WS TRX50-SAGE WiFi (해외구매),1548160,1548220,,,,,,
96259139,ASUS PRO WS TRX50-SAGE WiFi A 아이보라,1479440,1479440,,,,,,
32126690,ASUS PRO WS TRX50-SAGE WiFi STCOM,1387330,1392330,,,,,,
32487287,ASUS PRO WS TRX50-SAGE WiFi 대원씨티에스,1398830,1398830,,,,,,
75465857,ASUS PRO WS TRX50-SAGE WiFi 아이보라,1387290,1387290,,,,,,
19556732,ASUS PRO WS W680-ACE IPMI STCOM,699080,699070,,,,,,
19556996,ASUS PRO WS W680-ACE STCOM,591000,591000,,,,,,
25208807,ASUS PRO WS W790-ACE STCOM,1521000,1520990,,,,,,
90702200,ASUS PRO WS W790-ACE 아이보라,1449400,1449400,,,,,,
25129808,ASUS PRO WS W790E-SAGE SE STCOM,2198000,2197990,,,,,,
28780247,ASUS PRO WS W790E-SAGE SE 대원씨티에스,1980000,1980000,,,,,,
75373118,ASUS PRO WS W790E-SAGE SE 아이보라,2194000,2194000,,,,,,
33363434,ASUS PRO WS W790E-SAGE SE 코잇,1929000,1929000,,,,,,
92687522,ASUS PRO WS W880-ACE SE STCOM,760010,760010,,,,,,
122621970,ASUS PRO WS W890E-SAGE SE STCOM,2385400,2385390,,,,,,
38347157,ASUS PRO WS WRX90E-SAGE SE STCOM,2149000,2149000,,,,,,
45257993,ASUS PRO WS WRX90E-SAGE SE 대원씨티에스,2009780,2010000,,,,,,
75373061,ASUS PRO WS WRX90E-SAGE SE 아이보라,2365180,2365180,,,,,,
77382695,ASUS PRO WS Z890-ACE SE STCOM,853000,852990,,,,,,
96426692,ASUS Pro H610T-CSM D5 코잇 (벌크) (120W 어댑터 포함),201100,201460,,,,,,
96426704,ASUS Pro H610T-CSM D5 코잇 (벌크) (어댑터 미포함),173590,173950,,,,,,
17541950,ASUS Pro H610T/CSM D4 아이보라 (벌크) (기본),178120,178120,,,,,,
17193002,ASUS Pro H610T/CSM D4 코잇 (벌크) (120W 어댑터),201040,206160,,,,,,
17192960,ASUS Pro H610T/CSM D4 코잇 (벌크) (기본),170150,170390,,,,,,
103414778,ASUS Pro H810T-CSM (120W 어댑터 포함),206230,206590,,,,,,
103414784,ASUS Pro H810T-CSM (180W 어댑터 포함),212770,213130,,,,,,
103414754,ASUS Pro H810T-CSM (어댑터 미포함),177160,177280,,,,,,
122670803,ASUS ProArt B850-CREATOR WIFI NEO STCOM,372770,372760,,,,,,
122663533,ASUS ProArt B850-CREATOR WIFI NEO 인텍앤컴퍼니,,,,,,,,
67694132,ASUS ProArt X870E-CREATOR WIFI STCOM,814980,815000,,,,,,
70001147,ASUS ProArt Z890-CREATOR WIFI STCOM,790160,790150,,,,,,
76875365,ASUS ProArt Z890-CREATOR WIFI 대원씨티에스,816470,816590,,,,,,
69661214,ASUS ProArt Z890-CREATOR WIFI 인텍앤컴퍼니,796600,796960,,,,,,
69696563,ASUS ProArt Z890-CREATOR WIFI 코잇,796950,796950,,,,,,
12701975,ASUS ROG CROSSHAIR VIII DARK HERO STCOM,750000,750000,,,,,,
92971469,ASUS ROG CROSSHAIR X870E APEX STCOM,1016150,995150,,,,,,
93019088,ASUS ROG CROSSHAIR X870E APEX 대원씨티에스,957340,957350,,,,,,
104554913,ASUS ROG CROSSHAIR X870E DARK HERO STCOM,1099000,1099000,,,,,,
104989463,ASUS ROG CROSSHAIR X870E DARK HERO 대원씨티에스,1096920,1073300,,,,,,
93018986,ASUS ROG CROSSHAIR X870E EXTREME STCOM,1499000,1437530,,,,,,
93022430,ASUS ROG CROSSHAIR X870E EXTREME 대원씨티에스,1419820,1419880,,,,,,
97476398,ASUS ROG CROSSHAIR X870E HERO BTF STCOM,1077800,1087800,,,,,,
97705844,ASUS ROG CROSSHAIR X870E HERO BTF 대원씨티에스,1218690,1218810,,,,,,
67694456,ASUS ROG CROSSHAIR X870E HERO STCOM,921490,923990,,,,,,
67852211,ASUS ROG CROSSHAIR X870E HERO 대원씨티에스,925800,925800,,,,,,
77460956,ASUS ROG CROSSHAIR X870E HERO 인텍앤컴퍼니,923680,923740,,,,,,
13875599,ASUS ROG MAXIMUS XIII APEX 인텍앤컴퍼니,650000,650000,,,,,,
13980314,ASUS ROG MAXIMUS XIII EXTREME GLACIAL 코잇,1100000,1100000,,,,,,
16285538,ASUS ROG MAXIMUS Z690 EXTREME GLACIAL STCOM,2994000,2994000,,,,,,
15673778,ASUS ROG MAXIMUS Z690 EXTREME GLACIAL 아이보라,3230000,3230000,,,,,,
28803482,ASUS ROG MAXIMUS Z790 APEX ENCORE STCOM,897890,897890,,,,,,
18169316,ASUS ROG MAXIMUS Z790 HERO (해외구매),1541000,1541000,,,,,,
18059849,ASUS ROG MAXIMUS Z790 HERO STCOM,1186000,1186000,,,,,,
18254819,ASUS ROG MAXIMUS Z790 HERO 코잇,1038490,1038490,,,,,,
69661643,ASUS ROG MAXIMUS Z890 APEX STCOM,999000,998990,,,,,,
69566399,ASUS ROG MAXIMUS Z890 APEX 인텍앤컴퍼니,825000,825000,,,,,,
69696602,ASUS ROG MAXIMUS Z890 APEX 코잇,683060,682480,,,,,,
69566516,ASUS ROG MAXIMUS Z890 EXTREME 인텍앤컴퍼니,1890500,1890500,,,,,,
69696641,ASUS ROG MAXIMUS Z890 EXTREME 코잇,1538990,1538990,,,,,,
69661799,ASUS ROG MAXIMUS Z890 HERO STCOM,996660,997020,,,,,,
69566996,ASUS ROG MAXIMUS Z890 HERO 인텍앤컴퍼니,904940,905050,,,,,,
69696719,ASUS ROG MAXIMUS Z890 HERO 코잇,991500,994000,,,,,,
13924805,ASUS ROG STRIX B560-A GAMING WIFI STCOM,450000,450000,,,,,,
18044567,ASUS ROG STRIX B650-A GAMING WIFI STCOM,364000,364000,,,,,,
18021842,ASUS ROG STRIX B650-A GAMING WIFI 대원씨티에스,289720,289770,,,,,,
18044582,ASUS ROG STRIX B650E-E GAMING WIFI STCOM,365000,335000,,,,,,
18173051,ASUS ROG STRIX B650E-F GAMING WIFI STCOM,459000,459000,,,,,,
18265715,ASUS ROG STRIX B650E-F GAMING WIFI 대원씨티에스,593000,593000,,,,,,
16103126,ASUS ROG STRIX B660-F GAMING WIFI STCOM,402000,402000,,,,,,
19772675,ASUS ROG STRIX B760-G GAMING WIFI 인텍앤컴퍼니,236500,236500,,,,,,
19903481,ASUS ROG STRIX B760-G GAMING WIFI 코잇,223650,223650,,,,,,
18662789,ASUS ROG STRIX B760-I GAMING WIFI STCOM,400000,400000,,,,,,
18716924,ASUS ROG STRIX B760-I GAMING WIFI 코잇,376980,376980,,,,,,
73883867,ASUS ROG STRIX B850-A GAMING WIFI STCOM,400490,397980,,,,,,
73764137,ASUS ROG STRIX B850-A GAMING WIFI 대원씨티에스,393800,393800,,,,,,
78099548,ASUS ROG STRIX B850-A GAMING WIFI 인텍앤컴퍼니,402380,402740,,,,,,
122670765,ASUS ROG STRIX B850-A GAMING WIFI7 NEO STCOM,402420,402410,,,,,,
122663567,ASUS ROG STRIX B850-A GAMING WIFI7 NEO 인텍앤컴퍼니,,,,,,,,
77618858,ASUS ROG STRIX B850-E GAMING WIFI STCOM,550950,550940,,,,,,
73767836,ASUS ROG STRIX B850-E GAMING WIFI 대원씨티에스,540470,540510,,,,,,
77460890,ASUS ROG STRIX B850-E GAMING WIFI 인텍앤컴퍼니,434500,434500,,,,,,
73883918,ASUS ROG STRIX B850-F GAMING WIFI STCOM,412150,412150,,,,,,
73767989,ASUS ROG STRIX B850-F GAMING WIFI 대원씨티에스,422550,422550,,,,,,
76944080,ASUS ROG STRIX B850-F GAMING WIFI 인텍앤컴퍼니,439000,439000,,,,,,
122637941,ASUS ROG STRIX B850-F GAMING WIFI7 NEO STCOM,439460,439470,,,,,,
122642236,ASUS ROG STRIX B850-F GAMING WIFI7 NEO 대원씨티에스,434080,434070,,,,,,
122663559,ASUS ROG STRIX B850-F GAMING WIFI7 NEO 인텍앤컴퍼니,437360,437360,,,,,,
95420465,ASUS ROG STRIX B850-G GAMING WIFI STCOM,352000,352000,,,,,,
94815752,ASUS ROG STRIX B850-G GAMING WIFI 대원씨티에스,338530,338530,,,,,,
103182476,ASUS ROG STRIX B850-G GAMING WIFI 인텍앤컴퍼니,389670,389670,,,,,,
73883963,ASUS ROG STRIX B850-I GAMING WIFI STCOM,385000,389000,,,,,,
73768364,ASUS ROG STRIX B850-I GAMING WIFI 대원씨티에스,401000,401000,,,,,,
76946525,ASUS ROG STRIX B850-I GAMING WIFI 인텍앤컴퍼니,419000,419000,,,,,,
74254586,ASUS ROG STRIX B860-A GAMING WIFI STCOM,394330,394320,,,,,,
74255333,ASUS ROG STRIX B860-A GAMING WIFI 인텍앤컴퍼니,398990,398990,,,,,,
74337722,ASUS ROG STRIX B860-A GAMING WIFI 코잇,369000,369000,,,,,,
74253692,ASUS ROG STRIX B860-F GAMING WIFI STCOM,440940,441050,,,,,,
74255336,ASUS ROG STRIX B860-F GAMING WIFI 인텍앤컴퍼니,445000,449000,,,,,,
74338013,ASUS ROG STRIX B860-F GAMING WIFI 코잇,441860,446860,,,,,,
74338115,ASUS ROG STRIX B860-G GAMING WIFI 코잇,282780,282780,,,,,,
74253203,ASUS ROG STRIX B860-I GAMING WIFI STCOM,428070,428180,,,,,,
74255369,ASUS ROG STRIX B860-I GAMING WIFI 인텍앤컴퍼니,429000,429000,,,,,,
74338499,ASUS ROG STRIX B860-I GAMING WIFI 코잇,404820,404770,,,,,,
17926748,ASUS ROG STRIX X670E-A GAMING WIFI STCOM,440000,448000,,,,,,
17926787,ASUS ROG STRIX X670E-A GAMING WIFI 대원씨티에스,421960,421960,,,,,,
13158504,ASUS ROG STRIX X670E-F GAMING WIFI STCOM,749000,749000,,,,,,
67694840,ASUS ROG STRIX X870-A GAMING WIFI STCOM,541500,541500,,,,,,
67852265,ASUS ROG STRIX X870-A GAMING WIFI 대원씨티에스,524900,524900,,,,,,
77460980,ASUS ROG STRIX X870-A GAMING WIFI 인텍앤컴퍼니,546360,546480,,,,,,
67695545,ASUS ROG STRIX X870-F GAMING WIFI STCOM,675000,711990,,,,,,
67852793,ASUS ROG STRIX X870-F GAMING WIFI 대원씨티에스,646900,646900,,,,,,
67976948,ASUS ROG STRIX X870-I GAMING WIFI STCOM,759000,759000,,,,,,
67852946,ASUS ROG STRIX X870-I GAMING WIFI 대원씨티에스,749450,749510,,,,,,
122676913,ASUS ROG STRIX X870E-A GAMING WIFI7 NEO STCOM,691500,691490,,,,,,
122663659,ASUS ROG STRIX X870E-A GAMING WIFI7 NEO 인텍앤컴퍼니,,,,,,,,
67694921,ASUS ROG STRIX X870E-E GAMING WIFI STCOM,771000,771000,,,,,,
67852766,ASUS ROG STRIX X870E-E GAMING WIFI 대원씨티에스,789530,789530,,,,,,
122684807,ASUS ROG STRIX X870E-E GAMING WIFI7 NEO STCOM,,,,,,,,
122663619,ASUS ROG STRIX X870E-E GAMING WIFI7 NEO 인텍앤컴퍼니,,,,,,,,
97476215,ASUS ROG STRIX X870E-H GAMING WIFI7 STCOM,478890,486580,,,,,,
98544125,ASUS ROG STRIX X870E-H GAMING WIFI7 대원씨티에스,478670,478790,,,,,,
11210097,ASUS ROG STRIX Z490-E GAMING STCOM,500000,500000,,,,,,
13355441,ASUS ROG STRIX Z590-F GAMING WIFI 인텍앤컴퍼니,550000,550000,,,,,,
15604190,ASUS ROG STRIX Z690-A GAMING WIFI D4 코잇,755060,755060,,,,,,
69656168,ASUS ROG STRIX Z890-A GAMING WIFI 인텍앤컴퍼니,533570,533690,,,,,,
69662105,ASUS ROG STRIX Z890-E GAMING WIFI STCOM,750000,755000,,,,,,
69656276,ASUS ROG STRIX Z890-E GAMING WIFI 인텍앤컴퍼니,750000,750000,,,,,,
69696863,ASUS ROG STRIX Z890-E GAMING WIFI 코잇,751000,751000,,,,,,
69662114,ASUS ROG STRIX Z890-F GAMING WIFI STCOM,688890,688890,,,,,,
69656426,ASUS ROG STRIX Z890-F GAMING WIFI 인텍앤컴퍼니,715015,715015,,,,,,
69696959,ASUS ROG STRIX Z890-F GAMING WIFI 코잇,715960,715960,,,,,,
69662153,ASUS ROG STRIX Z890-I GAMING WIFI STCOM,738000,738000,,,,,,
74808266,ASUS ROG STRIX Z890-I GAMING WIFI 인텍앤컴퍼니,756350,756470,,,,,,
69697016,ASUS ROG STRIX Z890-I GAMING WIFI 코잇,731990,731990,,,,,,
12761789,ASUS ROG ZENITH EXTREME ALPHA 대원씨티에스,742230,742590,,,,,,
13396157,ASUS TUF B450M-PRO GAMING (해외구매),182770,182770,,,,,,
20318291,ASUS TUF Gaming A620-PRO WIFI STCOM,269100,269210,,,,,,
19925807,ASUS TUF Gaming A620M-PLUS STCOM,186000,186000,,,,,,
19926059,ASUS TUF Gaming A620M-PLUS WIFI STCOM,199920,199920,,,,,,
19927037,ASUS TUF Gaming A620M-PLUS WIFI 대원씨티에스,181000,181000,,,,,,
19926731,ASUS TUF Gaming A620M-PLUS 대원씨티에스,115900,115900,,,,,,
11571368,ASUS TUF Gaming B550M-PLUS STCOM,157860,157880,,,,,,
18398498,ASUS TUF Gaming B560M-PLUS WIFI (해외구매),254760,254760,,,,,,
13561976,ASUS TUF Gaming B560M-PLUS WIFI 인텍앤컴퍼니,330000,330000,,,,,,
34373075,ASUS TUF Gaming B650-E WIFI STCOM,326000,326000,,,,,,
18044558,ASUS TUF Gaming B650-PLUS WIFI STCOM,259360,380610,,,,,,
18021662,ASUS TUF Gaming B650-PLUS WIFI 대원씨티에스,377200,377200,,,,,,
95421218,ASUS TUF Gaming B650EM-E WIFI STCOM,185410,185480,,,,,,
93703418,ASUS TUF Gaming B650EM-E WIFI 대원씨티에스,175990,176030,,,,,,
99893756,ASUS TUF Gaming B650EM-E WIFI 인텍앤컴퍼니,178650,178770,,,,,,
48476933,ASUS TUF Gaming B650M-E STCOM,218880,218880,,,,,,
21427535,ASUS TUF Gaming B650M-E WIFI 대원씨티에스,229120,229120,,,,,,
18044519,ASUS TUF Gaming B650M-PLUS STCOM,125000,216650,,,,,,
18044522,ASUS TUF Gaming B650M-PLUS WIFI STCOM,258980,258990,,,,,,
18021491,ASUS TUF Gaming B650M-PLUS WIFI 대원씨티에스,242300,242300,,,,,,
16103087,ASUS TUF Gaming B660-PLUS WIFI D4 STCOM,220000,220000,,,,,,
16085327,ASUS TUF Gaming B660M-E D4 인텍앤컴퍼니,226900,226900,,,,,,
19306598,ASUS TUF Gaming B760-PLUS WIFI 인텍앤컴퍼니,442140,442140,,,,,,
19756199,ASUS TUF Gaming B760-PLUS WIFI 코잇,283500,283500,,,,,,
34815659,ASUS TUF Gaming B760M-PLUS II 코잇,161700,161700,,,,,,
19628207,ASUS TUF Gaming B760M-PLUS 코잇,190890,190890,,,,,,
96656717,ASUS TUF Gaming B850-BTF WIFI W STCOM,406170,400540,,,,,,
92678840,ASUS TUF Gaming B850-BTF WIFI W 인텍앤컴퍼니,402760,402880,,,,,,
73884083,ASUS TUF Gaming B850-PLUS WIFI STCOM,326490,321500,,,,,,
73763492,ASUS TUF Gaming B850-PLUS WIFI 대원씨티에스,317880,318230,,,,,,
77460911,ASUS TUF Gaming B850-PLUS WIFI 인텍앤컴퍼니,308500,308500,,,,,,
122670820,ASUS TUF Gaming B850-PRO WIFI7 W NEO STCOM,343120,343110,,,,,,
122663671,ASUS TUF Gaming B850-PRO WIFI7 W NEO 인텍앤컴퍼니,,,,,,,,
95988443,ASUS TUF Gaming B850M-E WIFI STCOM,253000,253000,,,,,,
97121303,ASUS TUF Gaming B850M-E WIFI 대원씨티에스,227040,227040,,,,,,
95988578,ASUS TUF Gaming B850M-PLUS II STCOM,233390,252630,,,,,,
97119116,ASUS TUF Gaming B850M-PLUS II 대원씨티에스,232230,232230,,,,,,
103188215,ASUS TUF Gaming B850M-PLUS II 인텍앤컴퍼니,238280,238280,,,,,,
73884029,ASUS TUF Gaming B850M-PLUS STCOM,254000,254000,,,,,,
73884041,ASUS TUF Gaming B850M-PLUS WIFI STCOM,261230,261230,,,,,,
73763909,ASUS TUF Gaming B850M-PLUS WIFI 대원씨티에스,276460,276580,,,,,,
74491250,ASUS TUF Gaming B850M-PLUS WIFI 인텍앤컴퍼니,254000,254000,,,,,,
95988710,ASUS TUF Gaming B850M-PLUS WIFI7 STCOM,276920,276930,,,,,,
95988944,ASUS TUF Gaming B850M-PLUS WIFI7 W STCOM,286980,286990,,,,,,
97120361,ASUS TUF Gaming B850M-PLUS WIFI7 W 대원씨티에스,271730,272090,,,,,,
101184935,ASUS TUF Gaming B850M-PLUS WIFI7 W 인텍앤컴퍼니,271020,271020,,,,,,
97118543,ASUS TUF Gaming B850M-PLUS WIFI7 대원씨티에스,263520,263880,,,,,,
99894263,ASUS TUF Gaming B850M-PLUS WIFI7 인텍앤컴퍼니,257990,257990,,,,,,
73883426,ASUS TUF Gaming B850M-PLUS 대원씨티에스,328890,328890,,,,,,
74491247,ASUS TUF Gaming B850M-PLUS 인텍앤컴퍼니,259000,259000,,,,,,
74254724,ASUS TUF Gaming B860-PLUS WIFI STCOM,365500,365490,,,,,,
74255378,ASUS TUF Gaming B860-PLUS WIFI 인텍앤컴퍼니,369000,369000,,,,,,
74338622,ASUS TUF Gaming B860-PLUS WIFI 코잇,298980,298980,,,,,,
74254832,ASUS TUF Gaming B860M-PLUS STCOM,247500,247500,,,,,,
74254814,ASUS TUF Gaming B860M-PLUS WIFI STCOM,278750,278750,,,,,,
102621374,ASUS TUF Gaming B860M-PLUS 코잇,245630,245630,,,,,,
67695563,ASUS TUF Gaming X870-PLUS WIFI STCOM,411500,437000,,,,,,
67852838,ASUS TUF Gaming X870-PLUS WIFI 대원씨티에스,381960,381960,,,,,,
74814188,ASUS TUF Gaming X870-PLUS WIFI 인텍앤컴퍼니,377000,377000,,,,,,
122621357,ASUS TUF Gaming X870-PRO WIFI7 W NEO STCOM,395190,395200,,,,,,
106746452,ASUS TUF Gaming X870-PRO WIFI7 W NEO 대원씨티에스,396070,396060,,,,,,
97475957,ASUS TUF Gaming X870E-PLUS WIFI7 STCOM,413970,426090,,,,,,
99288923,ASUS TUF Gaming X870E-PLUS WIFI7 대원씨티에스,413390,413390,,,,,,
103183034,ASUS TUF Gaming X870E-PLUS WIFI7 인텍앤컴퍼니,408780,408780,,,,,,
13587644,ASUS TUF Gaming Z590-PLUS 인텍앤컴퍼니,500000,500000,,,,,,
16425494,ASUS TUF Gaming Z690-PLUS WIFI 인텍앤컴퍼니,459000,459000,,,,,,
69697058,ASUS TUF Gaming Z890-PLUS WIFI 코잇,385400,385400,,,,,,
69662171,ASUS TUF Gaming Z890-PRO WIFI STCOM,438900,438900,,,,,,
11743040,ASUS Tinker Edge R (기본),111000,111000,,,,,,
54816743,ASUS Tinker Edge R (병행수입),188990,185990,,,,,,
28577999,ASUS Tinker Edge R (어댑터 포함),243990,243990,,,,,,
28581716,ASUS Tinker Edge T (어댑터 포함),135000,135000,,,,,,
10641108,ASUS Tinker Fanless Aluminum Case,22200,22200,,,,,,
92357948,ASUS WS C422 PRO/SE,1499000,1499000,,,,,,
5896041,ASUS WS X299 SAGE 아이보라,1313150,1313150,,,,,,
8345859,ASUS WS X299 SAGE/10G STCOM,1219000,1219000,,,,,,
42860537,ASUS Z13PE-D16 STCOM,1964380,1964380,,,,,,
75372923,ASUS Z13PE-D16 아이보라,1810000,1810000,,,,,,
2976245,ASUS Z87-PRO V (중고),180000,180000,,,,,,
69662327,ASUS Z890 AYW GAMING WIFI W STCOM,424990,424990,,,,,,
69661004,ASUS Z890 AYW GAMING WIFI W 인텍앤컴퍼니,368890,368890,,,,,,
69697280,ASUS Z890 AYW GAMING WIFI W 코잇,375900,375900,,,,,,
15498581,Arduino 아두이노 MQ135 유해가스 감지 센서 모듈,1800,1800,,,,,,
15498641,Arduino 아두이노 MQ9 일산화탄소 감지 센서 모듈,1800,1800,,,,,,
5686862,Arduino 아두이노 메가 부속품 (케이스),1490,1490,,,,,,
13057787,Arduino 아두이노 우노 R3 DIP타입 호환보드 DM70,15770,15770,,,,,,
3502710,Arduino 아두이노 우노 R3 부속품 (케이스),500,500,,,,,,
3502709,Arduino 아두이노 우노 R3 부속품 (호환보드),2900,2900,,,,,,
5682458,Arduino 아두이노 우노 R3 스타터 키트 (기본),35340,35340,,,,,,
15497969,Arduino 아두이노 우노 R3 호환보드 DM72,3400,3400,,,,,,
6897841,B150 M-ATX (중고),23900,23900,,,,,,
6898861,B250 ATX (중고),42990,44990,,,,,,
6898747,B250 M-ATX (중고),41900,41900,,,,,,
16276010,B350 (중고),49490,49530,,,,,,
11973377,B360 (중고),44150,44170,,,,,,
11973419,B365 (중고),52000,52240,,,,,,
13902929,B450 (중고),61300,61300,,,,,,
16275503,B460 (중고),66590,66830,,,,,,
16277339,B550 (중고),84790,84790,,,,,,
16275551,B560 (중고),99750,99750,,,,,,
17743769,B660 DDR4 (중고),156000,156000,,,,,,
108411866,BIOSTAR A520MSP 제이씨현,61420,61420,,,,,,
97903310,BIOSTAR A620MS-E 제이씨현,87920,87920,,,,,,
28807472,BIOSTAR B650MP-E PRO 이엠텍,134000,136500,,,,,,
29759561,BIOSTAR B650MT-E PRO 제이씨현,83400,83400,,,,,,
78102320,BIOSTAR B850MT-E PRO 제이씨현,147630,147630,,,,,,
95930900,BIOSTAR B850MT2-E DJ 제이씨현,109990,109990,,,,,,
4465664,BIOSTAR G31-M7 TE (중고),19000,19000,,,,,,
20178734,BIOSTAR H610MH D5 이엠텍,98050,98050,,,,,,
28248743,BIOSTAR H610MHD D5 제이씨현,84890,84890,,,,,,
96314975,BIOSTAR H610MHD D5 제이씨현 (중고),81000,81000,,,,,,
28248950,BIOSTAR H610MS 제이씨현,71540,71540,,,,,,
103694657,BIOSTAR H610MT-E D5 제이씨현,81500,81500,,,,,,
6192932,BIOSTAR H77MU3 소백 (중고) 이엠텍,75000,75000,,,,,,
122645671,BIOSTAR H810MT-E 2.0 제이씨현,109000,109000,,,,,,
6153801,BIOSTAR H81MDV3 (중고),23750,23750,,,,,,
5881295,BIOSTAR Hi-Fi B85S3+ (중고) 이엠텍,46000,46000,,,,,,
5232347,BIOSTAR TB250-BTC (해외구매),143300,143300,,,,,,
30311870,COLORFUL BATTLE-AX A520M-K M.2 V14 STCOM,165210,165210,,,,,,
106785044,COLORFUL BATTLE-AX A520M-K M.2 V14 도우정보,68000,68000,,,,,,
106784699,COLORFUL BATTLE-AX B650M-E PRO V14 도우정보,116000,116000,,,,,,
60151763,COLORFUL BATTLE-AX B650M-PLUS V14 STCOM,106390,106390,,,,,,
106785122,COLORFUL BATTLE-AX B760M-D PRO D4 V20 도우정보,125000,125000,,,,,,
20738630,COLORFUL BATTLE-AX B760M-K V20 D5 STCOM,121000,121000,,,,,,
18663323,COLORFUL BATTLE-AX B760M-PLUS V20 D5 STCOM,149640,149640,,,,,,
94129904,COLORFUL BATTLE-AX B850M-PLUS PRO WIFI V14 STCOM,179350,179350,,,,,,
106784549,COLORFUL BATTLE-AX B850M-T WIFI V14 도우정보,165000,165000,,,,,,
58115534,COLORFUL COLORFIRE B760M-MEOW WIFI D5 ORANGE STCOM,228870,229230,,,,,,
89861528,COLORFUL CVN X870 ARK FROZEN V14 STCOM,338520,338520,,,,,,
106785227,COLORFUL H610M-D V20A 도우정보,75000,75000,,,,,,
19523846,COLORFUL H610M-E M.2 V20 D4 STCOM,80990,80990,,,,,,
4489363,ECS DELUXE H81H3-M3 (중고),20850,20870,,,,,,
19753526,ECS DURATHON2 B760H7-M8 코잇,142470,142470,,,,,,
19673975,ECS DURATHON2 B760H7-M8 코잇 (벌크),142150,142150,,,,,,
10525335,ECS DURATHON2 GLKD-I-J4005 코잇 (벌크) (65W 어댑터),385700,385700,,,,,,
10525329,ECS DURATHON2 GLKD-I-J4005 코잇 (벌크) (기본),375990,375990,,,,,,
16388984,ECS DURATHON2 GLKD-I-N4020 코잇 (벌크) (65W 어댑터),395990,395990,,,,,,
16313690,ECS DURATHON2 GLKD-I-N4020 코잇 (벌크) (기본),375890,375890,,,,,,
17395088,ECS DURATHON2 H610H7-M2 코잇,99140,99500,,,,,,
5994884,ECS ESSENTIALS H81H3-M4 (중고),19470,19490,,,,,,
4470743,ECS G41T-M (중고),18050,18050,,,,,,
4468027,ECS G41T-M6 (중고),21850,21850,,,,,,
4496749,ECS H55H-M (중고),36000,36000,,,,,,
99125693,ECS H610H7-TI5 D5 V2.2 코잇 (120W 어댑터 포함),195880,195880,,,,,,
99125729,ECS H610H7-TI5 D5 V2.2 코잇 (150W 어댑터 포함),201330,201330,,,,,,
99125546,ECS H610H7-TI5 D5 V2.2 코잇 (어댑터 미포함),170650,170650,,,,,,
19240112,ECS H610H7-TI5 코잇 (기본),165000,165000,,,,,,
4471394,ECS H67H2-M3 (중고),51000,51000,,,,,,
122678230,ECS H810H8-TI 코잇,179000,179000,,,,,,
122678247,ECS H810H8-TI 코잇 (125W 어댑터 포함),206000,206000,,,,,,
122678251,ECS H810H8-TI 코잇 (152W 어댑터 포함),218000,218000,,,,,,
2951159,FOXCONN G31MX-K (중고),23750,23750,,,,,,
4494385,FOXCONN G41MX-K (중고),20000,20000,,,,,,
4471348,FOXCONN H55MXV (중고),12020,12090,,,,,,
4471379,FOXCONN H55MXV-LE (중고),36000,36000,,,,,,
4470578,FOXCONN H61MXL-K (중고),17000,17000,,,,,,
6500307,GIGABYTE A320M-H 듀러블에디션 피씨디렉트,110000,110000,,,,,,
20459081,GIGABYTE A520M K V2 제이씨현,56570,56570,,,,,,
19431530,GIGABYTE A520M K V2 피씨디렉트,56990,56990,,,,,,
12077093,GIGABYTE A520M S2H 듀러블에디션 제이씨현,109000,109000,,,,,,
19673600,GIGABYTE A620M GAMING X 제이씨현,153170,146960,,,,,,
19725299,GIGABYTE A620M GAMING X 피씨디렉트,160230,160230,,,,,,
106465508,GIGABYTE A620M H 피씨디렉트,100820,100820,,,,,,
20238110,GIGABYTE A620M S2H 제이씨현,111000,111000,,,,,,
11684576,GIGABYTE B550M AORUS ELITE 제이씨현,117850,117850,,,,,,
11751599,GIGABYTE B550M AORUS ELITE 피씨디렉트,119620,119620,,,,,,
18397403,GIGABYTE B560M AORUS PRO AX (해외구매),227890,258000,,,,,,
18112607,GIGABYTE B650 AERO G 피씨디렉트,389000,389000,,,,,,
30070400,GIGABYTE B650 AORUS ELITE AX ICE 제이씨현,246960,246960,,,,,,
32070719,GIGABYTE B650 AORUS ELITE AX V2 피씨디렉트,212730,212730,,,,,,
17970146,GIGABYTE B650 AORUS ELITE AX 피씨디렉트,231650,231650,,,,,,
32078006,GIGABYTE B650 AORUS ELITE V2 제이씨현,209000,297000,,,,,,
32071067,GIGABYTE B650 AORUS ELITE V2 피씨디렉트,201800,201800,,,,,,
18189497,GIGABYTE B650 AORUS ELITE 피씨디렉트,220350,220350,,,,,,
34741730,GIGABYTE B650E AORUS ELITE X AX ICE 제이씨현,251690,251690,,,,,,
34741700,GIGABYTE B650E AORUS ELITE X AX ICE 피씨디렉트,261430,261430,,,,,,
18344240,GIGABYTE B650M AORUS ELITE AX (해외구매),342000,342000,,,,,,
29863127,GIGABYTE B650M AORUS ELITE AX ICE 제이씨현,238170,238530,,,,,,
18113015,GIGABYTE B650M AORUS ELITE AX 피씨디렉트,260000,260000,,,,,,
17970338,GIGABYTE B650M AORUS ELITE 제이씨현,173500,170390,,,,,,
18165161,GIGABYTE B650M AORUS ELITE 피씨디렉트,249000,249000,,,,,,
20324882,GIGABYTE B650M K 제이씨현,112800,112800,,,,,,
94080773,GIGABYTE B650M K 제이씨현 (벌크),112980,112980,,,,,,
21727307,GIGABYTE B650M K 피씨디렉트,112800,112800,,,,,,
21731021,GIGABYTE B650M S2H 제이씨현,172900,172900,,,,,,
105817802,GIGABYTE B760M AORUS ELITE D4 GEN5 제이씨현,180390,180410,,,,,,
105813494,GIGABYTE B760M AORUS ELITE D4 GEN5 피씨디렉트,181110,181110,,,,,,
90271250,GIGABYTE B760M AORUS ELITE GEN5 제이씨현,162030,162030,,,,,,
90502931,GIGABYTE B760M AORUS ELITE GEN5 피씨디렉트,165000,165000,,,,,,
18649997,GIGABYTE B760M AORUS ELITE 제이씨현,183900,183900,,,,,,
18651431,GIGABYTE B760M AORUS ELITE 피씨디렉트,189990,189990,,,,,,
94888226,GIGABYTE B760M D2HX LITE SI GEN5 피씨디렉트 (벌크),110380,110380,,,,,,
106044725,GIGABYTE B760M DS3H D4 GEN5 제이씨현,140450,140600,,,,,,
109597367,GIGABYTE B760M DS3H D4 GEN5 피씨디렉트,141990,141990,,,,,,
18650483,GIGABYTE B760M DS3H D4 제이씨현,129880,129880,,,,,,
18651560,GIGABYTE B760M DS3H D4 피씨디렉트,128610,128610,,,,,,
91871951,GIGABYTE B760M DS3H GEN5 제이씨현,125700,125700,,,,,,
91872095,GIGABYTE B760M DS3H GEN5 피씨디렉트,137595,130860,,,,,,
106047329,GIGABYTE B760M DS3H WIFI6E D4 GEN5 제이씨현,163350,166130,,,,,,
105968915,GIGABYTE B760M DS3H WIFI6E D4 GEN5 피씨디렉트,161990,161990,,,,,,
18813608,GIGABYTE B760M DS3H 제이씨현,159890,159770,,,,,,
18781991,GIGABYTE B760M DS3H 피씨디렉트,147810,147810,,,,,,
28010348,GIGABYTE B760M E 피씨디렉트,127490,127490,,,,,,
73892279,GIGABYTE B850 AORUS ELITE WIFI7 ICE 제이씨현,307880,307880,,,,,,
73891778,GIGABYTE B850 AORUS ELITE WIFI7 ICE 피씨디렉트,306330,306330,,,,,,
73892309,GIGABYTE B850 AORUS ELITE WIFI7 제이씨현,290970,290970,,,,,,
73891739,GIGABYTE B850 AORUS ELITE WIFI7 피씨디렉트,295590,295590,,,,,,
93500939,GIGABYTE B850 AORUS STEALTH ICE 제이씨현,369880,369880,,,,,,
93442604,GIGABYTE B850 AORUS STEALTH ICE 피씨디렉트,374980,374980,,,,,,
108227489,GIGABYTE B850 AORUS STEALTH 제이씨현,379000,379000,,,,,,
104966336,GIGABYTE B850 AORUS STEALTH 피씨디렉트,377060,377060,,,,,,
99746582,GIGABYTE B850 EAGLE ICE 제이씨현,232390,232660,,,,,,
100192475,GIGABYTE B850 EAGLE ICE 피씨디렉트,228980,228980,,,,,,
77856971,GIGABYTE B850I AORUS PRO 피씨디렉트,337770,337770,,,,,,
73892423,GIGABYTE B850M AORUS ELITE WIFI6E ICE 제이씨현,226990,227230,,,,,,
97904327,GIGABYTE B850M AORUS ELITE WIFI6E ICE 제이씨현 (중고),222750,222750,,,,,,
73892000,GIGABYTE B850M AORUS ELITE WIFI6E ICE 피씨디렉트,224550,224550,,,,,,
78843671,GIGABYTE B850M AORUS ELITE WIFI6E 제이씨현,228480,228480,,,,,,
79000790,GIGABYTE B850M AORUS ELITE WIFI6E 피씨디렉트,232970,232970,,,,,,
99746822,GIGABYTE B850M AORUS ELITE WIFI7 ICE-P 제이씨현,250880,250880,,,,,,
99945386,GIGABYTE B850M AORUS ELITE WIFI7 ICE-P 피씨디렉트,256100,256100,,,,,,
106727312,GIGABYTE B850M AORUS PRO WIFI7 제이씨현,259380,259380,,,,,,
106695713,GIGABYTE B850M AORUS PRO WIFI7 피씨디렉트,261100,261100,,,,,,
77460818,GIGABYTE B850M DS3H ICE 제이씨현,175880,175940,,,,,,
77620880,GIGABYTE B850M DS3H ICE 피씨디렉트,175160,175160,,,,,,
73892354,GIGABYTE B850M DS3H 제이씨현,163920,163920,,,,,,
73892084,GIGABYTE B850M DS3H 피씨디렉트,168580,168580,,,,,,
106704263,GIGABYTE B850M FORCE V2 피씨디렉트,167330,167330,,,,,,
95280263,GIGABYTE B850M FORCE 제이씨현,152330,152330,,,,,,
95200499,GIGABYTE B850M FORCE 피씨디렉트,157190,157190,,,,,,
74250827,GIGABYTE B860 AORUS ELITE WIFI7 ICE 제이씨현,285180,285240,,,,,,
74255381,GIGABYTE B860 AORUS ELITE WIFI7 ICE 피씨디렉트,289840,289840,,,,,,
74250974,GIGABYTE B860M AORUS ELITE WIFI6E ICE 제이씨현,258560,258560,,,,,,
74255387,GIGABYTE B860M AORUS ELITE WIFI6E ICE 피씨디렉트,257940,257940,,,,,,
74251187,GIGABYTE B860M AORUS ELITE WIFI6E 제이씨현,261570,261700,,,,,,
74255390,GIGABYTE B860M AORUS ELITE WIFI6E 피씨디렉트,260270,260270,,,,,,
74251253,GIGABYTE B860M AORUS ELITE 제이씨현,226900,226940,,,,,,
74255384,GIGABYTE B860M AORUS ELITE 피씨디렉트,229110,229110,,,,,,
74251349,GIGABYTE B860M DS3H 제이씨현,167830,167830,,,,,,
74255393,GIGABYTE B860M DS3H 피씨디렉트,167830,167830,,,,,,
122676874,GIGABYTE B860M GAMING X 제이씨현,184950,184950,,,,,,
122669173,GIGABYTE B860M GAMING X 피씨디렉트,182990,182990,,,,,,
5997948,GIGABYTE GA-A320M-S2H 듀러블에디션 피씨디렉트,110000,110000,,,,,,
3025492,GIGABYTE GA-B75M-D3H (중고),27360,27360,,,,,,
4490813,GIGABYTE GA-B75M-D3V (중고),26090,26210,,,,,,
5994200,GIGABYTE GA-B85-HD3 (중고),28120,28120,,,,,,
5994380,GIGABYTE GA-B85M-D2V (중고),24880,25000,,,,,,
4490529,GIGABYTE GA-B85M-D3H (중고),55000,55000,,,,,,
4496138,GIGABYTE GA-B85M-DS3H (중고),29880,30530,,,,,,
6371155,GIGABYTE GA-B85M-DS3H-A (중고),31050,31170,,,,,,
4489009,GIGABYTE GA-B85M-HD3 (중고),25950,26070,,,,,,
4490850,GIGABYTE GA-G31M-ES2L (중고),33250,33250,,,,,,
6153564,GIGABYTE GA-H110-D3A BTC 듀러블에디션 (중고),132330,132330,,,,,,
6153517,GIGABYTE GA-H110M-DS2V 듀러블에디션 (중고),28700,28820,,,,,,
4470858,GIGABYTE GA-H61M-D2 (B3) (중고),23750,23750,,,,,,
4471621,GIGABYTE GA-H61M-DS2V (B3) (중고),15790,15910,,,,,,
4490623,GIGABYTE GA-H61M-S2V (B3) (중고),16430,16550,,,,,,
4497542,GIGABYTE GA-H77M-D3H (중고),75000,75000,,,,,,
4497687,GIGABYTE GA-H81M-D2V (중고),22490,22490,,,,,,
6179521,GIGABYTE GA-H81M-D3V (중고),25770,25770,,,,,,
4495710,GIGABYTE GA-H81M-DS2V (중고),21990,21990,,,,,,
6179481,GIGABYTE GA-H81M-HD2 (중고),24490,24490,,,,,,
4471645,GIGABYTE GA-H81M-S2PV (중고),21570,21590,,,,,,
6179549,GIGABYTE GA-H87M-HD3 (중고),90000,90000,,,,,,
5727101,GIGABYTE GA-P55A-UD3R (중고),71000,71000,,,,,,
19719305,GIGABYTE H310M HD2 2.0 듀러블에디션 (중고),156000,156000,,,,,,
6016659,GIGABYTE H370 HD3 듀러블에디션 피씨디렉트,200000,200000,,,,,,
13830011,GIGABYTE H510M H 듀러블에디션 제이씨현,950000,950000,,,,,,
17697992,GIGABYTE H610I D4 듀러블에디션 피씨디렉트,160270,160270,,,,,,
16102367,GIGABYTE H610M H D4 듀러블에디션 제이씨현,99750,99750,,,,,,
20462924,GIGABYTE H610M H V2 D4 제이씨현,93990,93990,,,,,,
27534158,GIGABYTE H610M H V2 D4 제이씨현 (벌크),102360,102360,,,,,,
20119583,GIGABYTE H610M H V2 D4 피씨디렉트,87100,87100,,,,,,
37286591,GIGABYTE H610M H V2 D4 피씨디렉트 (벌크),83150,83150,,,,,,
66046259,GIGABYTE H610M H V2 제이씨현,102880,102940,,,,,,
64375265,GIGABYTE H610M H V2 피씨디렉트,102990,102990,,,,,,
19619507,GIGABYTE H610M H 듀러블에디션 제이씨현,118000,118000,,,,,,
18670778,GIGABYTE H610M K D4 제이씨현,73590,73590,,,,,,
32002067,GIGABYTE H610M K D4 제이씨현 (벌크),71680,71680,,,,,,
18663455,GIGABYTE H610M K D4 피씨디렉트,74000,74000,,,,,,
37286501,GIGABYTE H610M K D4 피씨디렉트 (벌크),74200,74200,,,,,,
66046349,GIGABYTE H610M K V2 제이씨현,75810,83830,,,,,,
94080806,GIGABYTE H610M K V2 제이씨현 (벌크),75810,75810,,,,,,
67678283,GIGABYTE H610M K V2 피씨디렉트,85880,85880,,,,,,
19938515,GIGABYTE H610M K 제이씨현,88910,88910,,,,,,
19999916,GIGABYTE H610M K 피씨디렉트,89000,89000,,,,,,
37286687,GIGABYTE H610M K 피씨디렉트 (벌크),92000,92000,,,,,,
96314954,GIGABYTE H610M K 피씨디렉트 (중고),81000,81000,,,,,,
16102667,GIGABYTE H610M S2H D4 듀러블에디션 제이씨현,124000,124000,,,,,,
19242146,GIGABYTE H610M S2H V2 D4 듀러블에디션 제이씨현,112900,112900,,,,,,
19170107,GIGABYTE H610M S2H V2 D4 듀러블에디션 피씨디렉트,112090,112090,,,,,,
66046067,GIGABYTE H610M S2H V2 제이씨현,111960,111960,,,,,,
65307479,GIGABYTE H610M S2H V2 피씨디렉트,111510,111510,,,,,,
19610558,GIGABYTE H610M S2H 듀러블에디션 제이씨현,135000,135000,,,,,,
19834694,GIGABYTE H610M S2H 듀러블에디션 피씨디렉트,121000,121000,,,,,,
106454201,GIGABYTE H810M D2HX SI GEN5 제이씨현,128990,128990,,,,,,
106735550,GIGABYTE H810M D2HX SI GEN5 피씨디렉트,125910,125910,,,,,,
106045001,GIGABYTE H810M H GEN5 피씨디렉트,118760,118760,,,,,,
76941815,GIGABYTE H810M H 제이씨현,111390,111390,,,,,,
76942061,GIGABYTE H810M H 피씨디렉트,116060,116060,,,,,,
108401528,GIGABYTE H810M K GEN5 제이씨현,103850,103850,,,,,,
106045718,GIGABYTE H810M K GEN5 피씨디렉트,112260,112260,,,,,,
76941983,GIGABYTE H810M K 제이씨현,106800,106800,,,,,,
76942073,GIGABYTE H810M K 피씨디렉트,110970,110970,,,,,,
106688174,GIGABYTE H810M S2H GEN5 피씨디렉트,129520,129520,,,,,,
76941716,GIGABYTE H810M S2H 제이씨현,130830,130820,,,,,,
76942094,GIGABYTE H810M S2H 피씨디렉트,129120,129120,,,,,,
91870847,GIGABYTE MX34-BS0,593000,593000,,,,,,
63938699,GIGABYTE TRX50 AI TOP 제이씨현,1407910,1407910,,,,,,
64267934,GIGABYTE TRX50 AI TOP 피씨디렉트,1376720,1376780,,,,,,
75988922,GIGABYTE W790 AI TOP 제이씨현,1410000,1410000,,,,,,
75856148,GIGABYTE W790 AI TOP 피씨디렉트,1498830,1498830,,,,,,
17915426,GIGABYTE X670 AORUS ELITE AX 제이씨현,279000,279000,,,,,,
67845863,GIGABYTE X870 AORUS ELITE WIFI7 ICE 제이씨현,360120,360120,,,,,,
67847492,GIGABYTE X870 AORUS ELITE WIFI7 ICE 피씨디렉트,362990,362990,,,,,,
67845815,GIGABYTE X870 AORUS ELITE WIFI7 제이씨현,352190,352190,,,,,,
67847474,GIGABYTE X870 AORUS ELITE WIFI7 피씨디렉트,353990,353990,,,,,,
93073223,GIGABYTE X870 AORUS STEALTH ICE 제이씨현,448380,456600,,,,,,
93073367,GIGABYTE X870 AORUS STEALTH ICE 피씨디렉트,442830,442830,,,,,,
108227564,GIGABYTE X870 AORUS STEALTH 제이씨현,458320,458370,,,,,,
104966306,GIGABYTE X870 AORUS STEALTH 피씨디렉트,449870,449870,,,,,,
67846052,GIGABYTE X870 EAGLE WIFI7 제이씨현,307500,307500,,,,,,
67852706,GIGABYTE X870 EAGLE WIFI7 피씨디렉트,307920,307920,,,,,,
122662050,GIGABYTE X870E AERO X3D DARK WOOD 제이씨현,562200,562200,,,,,,
122681102,GIGABYTE X870E AERO X3D DARK WOOD 피씨디렉트,573810,573810,,,,,,
73949327,GIGABYTE X870E AORUS ELITE WIFI7 (해외구매),418200,418200,,,,,,
106767464,GIGABYTE X870E AORUS ELITE X3D ICE 제이씨현,436900,436900,,,,,,
106765016,GIGABYTE X870E AORUS ELITE X3D ICE 피씨디렉트,440310,440310,,,,,,
107989658,GIGABYTE X870E AORUS ELITE X3D 제이씨현,432940,432940,,,,,,
106764977,GIGABYTE X870E AORUS ELITE X3D 피씨디렉트,437170,437170,,,,,,
98227940,GIGABYTE X870E AORUS MASTER X3D ICE 제이씨현,831000,831000,,,,,,
98613731,GIGABYTE X870E AORUS MASTER X3D ICE 피씨디렉트,799000,799000,,,,,,
67845785,GIGABYTE X870E AORUS PRO ICE 제이씨현,432070,432430,,,,,,
67847609,GIGABYTE X870E AORUS PRO ICE 피씨디렉트,625320,625320,,,,,,
98229074,GIGABYTE X870E AORUS PRO X3D ICE 제이씨현,617180,617420,,,,,,
98543660,GIGABYTE X870E AORUS PRO X3D ICE 피씨디렉트,593490,593650,,,,,,
75600170,GIGABYTE X870E AORUS PRO 제이씨현,410660,410660,,,,,,
73560548,GIGABYTE X870E AORUS PRO 피씨디렉트,410430,410780,,,,,,
73770854,GIGABYTE X870E AORUS XTREME AI TOP 피씨디렉트,939000,939000,,,,,,
79402439,GIGABYTE X870I AORUS PRO ICE 제이씨현,484900,484900,,,,,,
77791190,GIGABYTE X870I AORUS PRO ICE 피씨디렉트,500550,500550,,,,,,
6508375,GIGABYTE Z390 AORUS ULTRA 제이씨현,350000,350000,,,,,,
13537568,GIGABYTE Z590 AORUS ULTRA 제이씨현,500000,500000,,,,,,
13448285,GIGABYTE Z590 AORUS ULTRA 피씨디렉트,500000,500000,,,,,,
15653582,GIGABYTE Z690 AORUS ELITE 피씨디렉트,450000,450000,,,,,,
15932150,GIGABYTE Z690 AORUS XTREME WATERFORCE 피씨디렉트,3200000,3200000,,,,,,
15601613,GIGABYTE Z690 UD D4 제이씨현,600000,600000,,,,,,
18343058,GIGABYTE Z790 AERO G (해외구매),484790,484790,,,,,,
18344078,GIGABYTE Z790 AORUS ELITE AX (해외구매),465590,465590,,,,,,
18264857,GIGABYTE Z790 AORUS ELITE AX 제이씨현,450000,450000,,,,,,
18261176,GIGABYTE Z790 AORUS ELITE AX 피씨디렉트,450000,450000,,,,,,
18112316,GIGABYTE Z790 AORUS ELITE 제이씨현,244920,244920,,,,,,
54326606,GIGABYTE Z790 AORUS XTREME X ICE + AORUS 지포스 RTX 4080 SUPER XTREME ICE 패키지 피씨디렉트,3111020,3111020,,,,,,
18460412,GIGABYTE Z790 AORUS XTREME 제이씨현,1550000,1550000,,,,,,
18397130,GIGABYTE Z790 GAMING X (해외구매),673930,673930,,,,,,
18265187,GIGABYTE Z790 UD 제이씨현,298000,298000,,,,,,
18261245,GIGABYTE Z790 UD 피씨디렉트,301500,304530,,,,,,
122618006,GIGABYTE Z890 AORUS ELITE DUO X 제이씨현,452880,452880,,,,,,
109680482,GIGABYTE Z890 AORUS ELITE DUO X 피씨디렉트,452990,452990,,,,,,
69699071,GIGABYTE Z890 AORUS ELITE WIFI7 ICE 제이씨현,353850,353850,,,,,,
69699599,GIGABYTE Z890 AORUS ELITE WIFI7 ICE 피씨디렉트,365830,365830,,,,,,
122618900,GIGABYTE Z890 AORUS ELITE WIFI7 PLUS 제이씨현,383880,383880,,,,,,
122617802,GIGABYTE Z890 AORUS ELITE WIFI7 PLUS 피씨디렉트,386500,392320,,,,,,
69699182,GIGABYTE Z890 AORUS ELITE WIFI7 제이씨현,348500,348500,,,,,,
69699671,GIGABYTE Z890 AORUS ELITE WIFI7 피씨디렉트,352500,352500,,,,,,
69699467,GIGABYTE Z890 AORUS MASTER 피씨디렉트,669000,669000,,,,,,
69698870,GIGABYTE Z890 AORUS PRO ICE 제이씨현,432880,432880,,,,,,
69699584,GIGABYTE Z890 AORUS PRO ICE 피씨디렉트,426880,426880,,,,,,
72227675,GIGABYTE Z890 AORUS XTREME AI TOP 피씨디렉트,1447020,1446950,,,,,,
69699317,GIGABYTE Z890 UD 제이씨현,313000,313000,,,,,,
69699425,GIGABYTE Z890 UD 피씨디렉트,317430,317430,,,,,,
69699389,GIGABYTE Z890I AORUS ULTRA 제이씨현,498630,498620,,,,,,
69699695,GIGABYTE Z890I AORUS ULTRA 피씨디렉트,483550,483610,,,,,,
122617854,GIGABYTE Z890M AORUS ELITE WIFI7 ICE 피씨디렉트,346620,346620,,,,,,
122617914,GIGABYTE Z890M AORUS ELITE WIFI7 피씨디렉트,318990,318990,,,,,,
6898267,H110 M-ATX (중고),18000,18000,,,,,,
6899626,H170 ATX (중고),39900,39900,,,,,,
6901537,H170 M-ATX (중고),47370,47490,,,,,,
6900835,H270 ATX (중고),45500,45500,,,,,,
11973338,H310 (중고),32890,32890,,,,,,
11973452,H370 (중고),58570,58690,,,,,,
16275521,H410 (중고),48000,48000,,,,,,
16275497,H470 (중고),47190,47430,,,,,,
16275566,H510 (중고),57990,57990,,,,,,
16275545,H570 (중고),108380,108740,,,,,,
28652501,H610 DDR5 (중고),59900,59900,,,,,,
15497894,HC-06 아두이노 블루투스 모듈,2400,2400,,,,,,
58103081,KHADAS VIM3 Pro 4GB,363000,363000,,,,,,
63478493,KHADAS VIM4 8GB,495000,495000,,,,,,
63478505,KHADAS VIM4 8GB (해외구매),335420,335420,,,,,,
13949627,LKino MEGA128 트레이닝 보드 LA18,97900,97900,,,,,,
14901068,LattePanda 라떼판다 알파 864s DFR0547,814000,814000,,,,,,
76948292,MAXSUN e스포츠 B650ITX WIFI ICE 디앤디컴,179990,179990,,,,,,
92043230,MAXSUN e스포츠 B850ITX WIFI ICE 디앤디컴,201500,201500,,,,,,
103452395,MAXSUN e스포츠 B850M WIFI ICE 디앤디컴,161590,161590,,,,,,
77283125,MAXSUN 아이크레프트 Z890 아크틱 디앤디컴,455760,455760,,,,,,
122616566,MAXSUN 아이크레프트 Z890 퍼시픽 디앤디컴,443780,443520,,,,,,
76948274,MAXSUN 챌린저 A620A 2.5G 디앤디컴,100640,100640,,,,,,
77313929,MAXSUN 챌린저 B760ITX D5 디앤디컴,189490,189490,,,,,,
58837484,MAXSUN 챌린저 H610ITX 2LAN 디앤디컴,145170,145170,,,,,,
43557464,MAXSUN 챌린저 H610M,128750,128750,,,,,,
102004862,MAXSUN 챌린저 H810ITX WIFI 디앤디컴,204000,204000,,,,,,
102004859,MAXSUN 챌린저 H810M 2.5G 디앤디컴,123450,123450,,,,,,
103130498,MAXSUN 챌린저 H810M-F 디앤디컴,107800,107800,,,,,,
43546877,MAXSUN 터미네이터 B760M D5,108900,108900,,,,,,
77319245,MAXSUN 터미네이터 Z890-A WIFI 디앤디컴,252170,252170,,,,,,
13411424,MSI A520M PRO (해외구매),114080,114080,,,,,,
12067598,MSI A520M-A PRO,66810,66810,,,,,,
13411379,MSI A520M-A PRO (해외구매),78000,78000,,,,,,
18036947,MSI B550M PRO-VDH WIFI,331290,331290,,,,,,
18036965,MSI B550M PRO-VDH WIFI (해외구매),61830,61830,,,,,,
53418977,MSI B650M 프로젝트 제로,208350,208350,,,,,,
6354378,MSI B75MA-E33 GEN3 (중고),31000,31000,,,,,,
53419463,MSI B760M 프로젝트 제로,234000,243990,,,,,,
122639563,MSI B850M 게이밍 플러스 WIFI6E,206450,206450,,,,,,
5994603,MSI B85M-E33 (중고),28480,28600,,,,,,
4468421,MSI G31TM-P21 (중고),19950,19950,,,,,,
19719872,MSI H110M PRO-VD PLUS (중고),73000,73000,,,,,,
13628021,MSI H510M-A PRO,150000,150000,,,,,,
5993711,MSI H81M-P33 (중고),19000,19000,,,,,,
13631252,MSI MAG B550 토마호크 (해외구매),284890,284890,,,,,,
17438588,MSI MAG B560 토피도 해외구매,339000,339000,,,,,,
17971181,MSI MAG B650 토마호크 WIFI,248810,248800,,,,,,
18223226,MSI MAG B650 토마호크 WIFI (해외구매),253200,289590,,,,,,
17971187,MSI MAG B650M 박격포 WIFI,204300,207950,,,,,,
16089002,MSI MAG B660M 박격포 DDR4,186000,186000,,,,,,
17662394,MSI MAG B660M 박격포 WIFI DDR4 (해외구매),432580,428010,,,,,,
18652865,MSI MAG B760 토마호크 WIFI,228850,228850,,,,,,
37226114,MSI MAG B760M 박격포 II,173430,173460,,,,,,
74814341,MSI MAG B850 토마호크 맥스 WIFI,328990,328980,,,,,,
97865969,MSI MAG B850 토마호크 맥스 WIFI (중고),298350,298350,,,,,,
91493696,MSI MAG B850M 박격포,245160,247740,,,,,,
79397648,MSI MAG B850M 박격포 WIFI,264270,267640,,,,,,
97848539,MSI MAG B850M 박격포 WIFI (중고),230780,230780,,,,,,
74340455,MSI MAG B860 토마호크 WIFI,282910,282900,,,,,,
122636609,MSI MAG B860M 박격포,245430,245430,,,,,,
74340266,MSI MAG B860M 박격포 WIFI,264000,267640,,,,,,
27475223,MSI MAG X670E 토마호크 WIFI,508490,508490,,,,,,
27576677,MSI MAG X670E 토마호크 WIFI (해외구매),442710,442710,,,,,,
67852370,MSI MAG X870 토마호크 WIFI,418090,418080,,,,,,
75857021,MSI MAG X870E 토마호크 WIFI,449310,449300,,,,,,
104325440,MSI MAG X870E 토마호크 맥스 WIFI PZ,528880,528870,,,,,,
18400013,MSI MAG Z790 토마호크 WIFI (해외구매),477640,477640,,,,,,
69697766,MSI MAG Z890 토마호크 WIFI,445840,445830,,,,,,
13612370,MSI MEG Z490I 유니파이 (해외구매),301190,301190,,,,,,
30621842,MSI MEG Z790 갓라이크 (해외구매),1187200,1187200,,,,,,
18342989,MSI MEG Z790 에이스 (해외구매),1411090,1411090,,,,,,
69697592,MSI MEG Z890 에이스,1278400,1278400,,,,,,
69698594,MSI MEG Z890 유니파이-X,695000,698920,,,,,,
18172115,MSI MPG B650 엣지 WIFI,329000,329000,,,,,,
18204728,MSI MPG B650 엣지 WIFI (해외구매),310800,397440,,,,,,
17971178,MSI MPG B650 카본 WIFI,849000,858000,,,,,,
18448628,MSI MPG B650I 엣지 WIFI,362380,362380,,,,,,
18449468,MSI MPG B650I 엣지 WIFI (해외구매),426150,426150,,,,,,
74814380,MSI MPG B850 엣지 TI WIFI,364900,368980,,,,,,
97121510,MSI MPG B850I 엣지 TI WIFI,378990,378980,,,,,,
97903817,MSI MPG B850I 엣지 TI WIFI (중고),334350,334350,,,,,,
9500100,MSI MPG X470 게이밍 플러스 맥스,186890,186890,,,,,,
17925728,MSI MPG X670E 카본 WiFi,1477300,1477300,,,,,,
97903919,MSI MPG X670E 카본 WiFi (중고),519200,519200,,,,,,
18222359,MSI MPG X670E 카본 WiFi (해외구매),547390,521260,,,,,,
75538472,MSI MPG X870E 엣지 TI WIFI,489880,489870,,,,,,
97855343,MSI MPG X870E 엣지 TI WIFI (중고),401200,401200,,,,,,
67852652,MSI MPG X870E 카본 WIFI,669000,669000,,,,,,
16513202,MSI MPG Z490 게이밍 플러스 (해외구매),209700,209700,,,,,,
15504146,MSI MPG Z590 게이밍 카본 WIFI (해외구매),500000,500000,,,,,,
17543330,MSI MPG Z690 엣지 WIFI (해외구매),896800,896800,,,,,,
18221786,MSI MPG Z790I 엣지 WIFI (해외구매),617500,617500,,,,,,
69698492,MSI MPG Z890 엣지 TI WIFI,548790,548780,,,,,,
69698066,MSI MPG Z890 카본 WIFI,580890,580880,,,,,,
4489472,MSI P55-CD53 (중고),66000,66000,,,,,,
100192175,MSI PRO A620AM-B EVO,94050,94050,,,,,,
39249221,MSI PRO A620M-C EX,118980,118980,,,,,,
19705316,MSI PRO A620M-E,143190,143190,,,,,,
62568890,MSI PRO B650M-A,147850,147840,,,,,,
17971184,MSI PRO B650M-A WIFI,159610,159610,,,,,,
57295043,MSI PRO B650M-B,110440,110550,,,,,,
20108249,MSI PRO B650M-P,128190,128190,,,,,,
18222278,MSI PRO B660M-A WIFI (해외구매),458900,458900,,,,,,
18222194,MSI PRO B660M-A WIFI DDR4 (해외구매),325660,325660,,,,,,
27474755,MSI PRO B760M-A DDR4 II,143900,144100,,,,,,
19241759,MSI PRO B760M-A WIFI,153540,153530,,,,,,
97904522,MSI PRO B760M-A WIFI (중고),129200,129200,,,,,,
122637313,MSI PRO B760M-E DDR4,117470,117460,,,,,,
20171636,MSI PRO B760M-P,134990,134980,,,,,,
18652889,MSI PRO B760M-P DDR4,123870,123860,,,,,,
73948922,MSI PRO B840-P WIFI,196100,198990,,,,,,
93502442,MSI PRO B850M-A WIFI,183300,183290,,,,,,
98544692,MSI PRO B850M-P,170050,170050,,,,,,
74339975,MSI PRO B860M-A WIFI,202640,202640,,,,,,
16637543,MSI PRO H610M-C EX,111550,111540,,,,,,
97903688,MSI PRO H610M-C EX (중고),94000,94000,,,,,,
18109313,MSI PRO H610M-E DDR4,86860,87970,,,,,,
97837412,MSI PRO H610M-E DDR5,89890,89890,,,,,,
16314863,MSI PRO H610M-G DDR4,100000,100000,,,,,,
18301766,MSI PRO H610M-G DDR4 (해외구매),121340,121340,,,,,,
97121798,MSI PRO H810M-B,127900,128990,,,,,,
105969161,MSI PRO H810M-C EX,134970,134960,,,,,,
122675438,MSI PRO H810M-E,117470,117460,,,,,,
18222548,MSI PRO X670-P WiFi (해외구매),542110,542110,,,,,,
67852469,MSI PRO X870-P WIFI,392310,392370,,,,,,
18060380,MSI PRO Z790-A WIFI DDR4,395280,395280,,,,,,
69697916,MSI PRO Z890-A WIFI,388940,388930,,,,,,
71216543,MSI PRO Z890-P WIFI,345900,348920,,,,,,
13164092,MSI 프레스티지 X570 크리에이션 (해외구매),600000,600000,,,,,,
13571723,NE555P 타이머IC,,,,,,,,
17700305,NVIDIA Jetson AGX Orin Developer Kit (해외구매),2793880,2793880,,,,,,
16259744,NVIDIA Jetson AGX Xavier Developer Kit (해외구매),3450000,3450000,,,,,,
27691589,NVIDIA Jetson Orin Nano Developer Kit 용량확인필요 (해외구매),1190000,1190000,,,,,,
14200919,NVIDIA Jetson Xavier NX Developer Kit (해외구매),1449990,1449990,,,,,,
96981164,NZXT N7 B850 Black,478000,478000,,,,,,
96981215,NZXT N7 B850 White,307090,307090,,,,,,
90957212,NZXT N9 X870E Black,649000,649000,,,,,,
90957218,NZXT N9 X870E White,649000,649000,,,,,,
77460638,NZXT N9 Z890 Black,673200,673200,,,,,,
77460707,NZXT N9 Z890 White,673200,673200,,,,,,
2191233,PEGATRON IPMSB/H61 (B3) (중고) 인텍앤컴퍼니,25000,25000,,,,,,
54326471,Raspberry Pi 라즈베리 파이 4 모델 B (해외구매) (2GB),99090,99090,,,,,,
54326486,Raspberry Pi 라즈베리 파이 4 모델 B (해외구매) (4GB),115690,115690,,,,,,
54326459,Raspberry Pi 라즈베리 파이 4 모델 B (해외구매) (8GB),108950,108950,,,,,,
12647513,SG90 미니 서보모터,1110,1110,,,,,,
71502050,Supermicro H13SSL-NT R2.0 STCOM,1405000,1405000,,,,,,
20645075,Supermicro X13DEI-T STCOM,1980000,1980000,,,,,,
20226533,Supermicro X13SAQ STCOM,680000,680000,,,,,,
20226770,Supermicro X13SAZ-Q STCOM,684100,684100,,,,,,
20606708,Supermicro X13SRA-TF STCOM,1338000,1338000,,,,,,
16946948,W238 PWM 아두이노 초음파 거리센서,34700,34940,,,,,,
16946939,W238 UART 아두이노 초음파 거리센서,36990,36990,,,,,,
15497837,W302 USB 호스트 쉴드 보드 아두이노,57200,57200,,,,,,
18917408,X470 (중고),95000,95000,,,,,,
16276364,X570 (중고),254400,254400,,,,,,
6899308,Z170 ATX (중고),49890,49890,,,,,,
6900646,Z270 ATX (중고),79000,79000,,,,,,
11973272,Z370 (중고),61470,61490,,,,,,
11973482,Z390 (중고),76130,76150,,,,,,
16275491,Z490 (중고),93090,93090,,,,,,
16275539,Z590 (중고),196000,196000,,,,,,
13170663,Z690 DDR4 (중고),328900,328900,,,,,,
13170711,Z690 DDR5 (중고),280000,280000,,,,,,
28651910,Z790 (중고),149900,149900,,,,,,
17529074,라즈베리파이 3B 아크릴 케이스,2940,2940,,,,,,
12968927,라즈베리파이 실습용 프리미엄 키트 41종 (SZH-EK041),96140,96140,,,,,,
15497753,라즈베리파이 호환 18650 5V 4A UPS 충전모듈,49300,49300,,,,,,
15497636,리니어레일 슬라이드 아두이노 구동 부품 세트,45090,47990,,,,,,
60064028,마이크로틱 MikroTik L11UG-5HaxD,117990,117990,,,,,,
13607285,삼성전자 H61S1 (중고),12350,12350,,,,,,
92523728,싸이피아 아두이노 INA219 직류 전류 센서 모듈 DM2250,13490,13490,,,,,,
13435439,아두이노 0.96인치 OLED 모듈 3종,5200,5200,,,,,,
13889813,아두이노 16채널 12V 릴레이 모듈,9680,9680,,,,,,
16507886,아두이노 1채널 12V 릴레이 모듈,440,440,,,,,,
17529134,아두이노 CDS 조도 센서 GL5537,,,,,,,,
12971276,아두이노 CH341A USB EEOROM 롬라이터,3400,3320,,,,,,
13278866,아두이노 HM-10 블루투스 4.0 모듈,3950,3950,,,,,,
13949195,아두이노 MAX485 TTL to RS485 컨버터 모듈,330,330,,,,,,
15141536,아두이노 MG996R 180도 서보모터,3060,3060,,,,,,
13949078,아두이노 MP1584EN DC-DC 스텝다운,700,700,,,,,,
15140333,아두이노 Micro USB TP4056 리튬배터리 충전모듈,300,300,,,,,,
14749595,아두이노 PS2 조이스틱 모듈,440,440,,,,,,
13889939,아두이노 Pro Micro 보드,6600,6600,,,,,,
17054963,아두이노 RGB 3색 LED 4핀 센서,330,330,,,,,,
13058783,아두이노 RGB 모듈 5mm DM52,570,570,,,,,,
15497456,아두이노 S335 토양 습도 수분 감지 센서 Probe,5200,5200,,,,,,
13222421,아두이노 나노 V3.0 호환보드,3050,3050,,,,,,
14146994,아두이노 레오나르도 R3 호환보드,6200,6200,,,,,,
13165613,아두이노 센서 적외선 포토 인터럽트 C73,1100,1100,,,,,,
13057682,아두이노 압력 센서 FSR402,3840,3840,,,,,,
13435784,아두이노 완전정복 + 스타터 키트 라이트,86900,86900,,,,,,
13435838,아두이노 완전정복 + 스타터 키트 스탠다드,221090,221090,,,,,,
13435628,아두이노 우노 2.4인치 TFT 터치 LCD 쉴드,6050,6050,,,,,,
13435220,아두이노 적외선 PIR 인체감지센서 HC-SR501,780,780,,,,,,
13058087,아두이노 적외선 광센서 TCRT5000,,,,,,,,
14146880,아두이노 전압측정센서 모듈,170,170,,,,,,
13057562,아두이노 터치 센서 TTP223B,220,220,,,,,,
13949315,아두이노 텍스트 LCD 2004 (20X4),6040,6040,,,,,,
14146673,아이노비아 H81-BTC (중고),75000,75000,,,,,,
16145165,아툼 B250-P MINING (벌크),155000,155000,,,,,,
101956625,액슬 MBAIH310 R2 에즈윈,85600,85600,,,,,,
54481319,액슬 MBAIH310 에즈윈,88640,88640,,,,,,
16734461,에너지옵티머스 B250 BTC-12P (벌크),141000,141000,,,,,,
16991345,에너지옵티머스 B75USB BTC (벌크),103000,103000,,,,,,
5991341,코코아팹 오렌지보드 BLE (기본),24200,24200,,,,,,
5991461,코코아팹 오렌지보드 Nano (기본),15990,15990,,,,,,
99640991,타무즈 B760M-ID5 (벌크),105490,105490,,,,,,
92678384,타무즈 H610M-ID4,76620,76620,,,,,,
92678408,타무즈 H610M-ID5,77860,77860,,,,,,
