product_code,product_name
1013075,인텔 코어i7-1세대 860 (린필드) (중고)
10176534,AMD 라이젠5-2세대 3400G (피카소) (멀티팩 정품)
10187988,인텔 코어X-시리즈 i9-10940X (캐스케이드레이크) (정품)
103125350,인텔 코어i5-13세대 13600 (랩터레이크) (벌크)
103125386,인텔 코어i5-13세대 13600 (랩터레이크) (벌크+쿨러)
10370589,인텔 코어i5-9세대 9600KF (커피레이크-R) (해외구매)
104223188,AMD 라이젠5-5세대 7500X3D (라파엘) (멀티팩 정품)
104627873,AMD 라이젠7-6세대 9850X3D (그래니트 릿지) (멀티팩 정품)
104627927,AMD 라이젠7-6세대 9850X3D (그래니트 릿지) (정품)
10535205,인텔 펜티엄 골드 G5420 (커피레이크-R) (벌크)
106688090,AMD 라이젠5-4세대 5500 (세잔) (벌크 정품)
1068763,인텔 제온 X5570 (네할렘) (정품)
10728438,인텔 코어i5-9세대 9500 (커피레이크-R) (벌크)
10728462,인텔 코어i5-9세대 9500 (커피레이크-R) (벌크 + 쿨러)
108424286,인텔 코어 울트라7 시리즈2 270K Plus (애로우레이크 리프레시) (정품)
108424451,인텔 코어 울트라5 시리즈2 250K Plus (애로우레이크 리프레시) (정품)
108424457,인텔 코어 울트라5 시리즈2 250KF Plus (애로우레이크 리프레시) (정품)
108463445,인텔 코어 울트라7 시리즈2 270K Plus (애로우레이크 리프레시) (벌크)
108463448,인텔 코어 울트라5 시리즈2 250KF Plus (애로우레이크 리프레시) (벌크)
108463454,인텔 코어 울트라5 시리즈2 250K Plus (애로우레이크 리프레시) (벌크)
10861092,AMD 라이젠5-3세대 3600 (마티스) (멀티팩 정품)
10864506,인텔 코어i3-9세대 9100 (커피레이크-R) (벌크 + 쿨러)
10864521,인텔 코어i3-9세대 9100 (커피레이크-R) (벌크)
10946196,AMD 라이젠 스레드리퍼 2920X (콜팩스) (해외구매)
11016699,인텔 코어i5-9세대 9400 (커피레이크-R) (벌크 + 쿨러)
11016708,인텔 코어i5-9세대 9400 (커피레이크-R) (벌크)
11016720,인텔 코어i5-9세대 9400 (커피레이크-R) (해외구매)
11020131,AMD 라이젠5-3세대 3600 (마티스) (해외구매)
11021298,인텔 코어X-시리즈 i9-10900X (캐스케이드레이크) (벌크)
11021388,AMD 라이젠7-3세대 3700X (마티스) (해외구매)
11021694,AMD 라이젠3-2세대 3200G (피카소) (해외구매)
11022333,AMD 라이젠3-1세대 2200G (레이븐 릿지) (해외구매)
11022852,AMD 라이젠9-3세대 3900X (마티스) (해외구매)
11024358,AMD 라이젠5-3세대 3600X (마티스) (해외구매)
11025336,AMD 애슬론 3000G (레이븐 릿지) (해외구매)
11026104,AMD 라이젠5-2세대 2600X (피나클 릿지) (해외구매)
11026596,AMD 라이젠7-3세대 3800X (마티스) (해외구매)
11026701,AMD 라이젠9-3세대 3950X (마티스) (해외구매)
11026974,AMD 라이젠5-2세대 3400G (피카소) (해외구매)
11028270,AMD 애슬론 200GE (레이븐 릿지) (해외구매)
11035356,AMD 라이젠 스레드리퍼 3960X (캐슬 픽) (해외구매)
11035590,AMD 라이젠 스레드리퍼 1900X (화이트헤븐) (해외구매)
11035740,AMD 라이젠 스레드리퍼 2990WX (콜팩스) (해외구매)
11036082,AMD 라이젠7-2세대 2700 (피나클 릿지) (해외구매)
11036559,AMD 라이젠 스레드리퍼 2950X (콜팩스) (해외구매)
11036691,AMD 라이젠7-1세대 1700X (서밋 릿지) (중고)
11038053,AMD 라이젠 스레드리퍼 2970WX (콜팩스) (해외구매)
11082156,인텔 코어i3-9세대 9100F (커피레이크-R) (해외구매)
11082285,인텔 코어i7-9세대 9700F (커피레이크-R) (해외구매)
11083020,인텔 코어i7-9세대 9700KF (커피레이크-R) (해외구매)
11083779,인텔 코어i7-9세대 9700 (커피레이크-R) (해외구매)
11083932,인텔 코어i7-9세대 9700 (커피레이크-R) (중고)
11084403,인텔 코어i3-9세대 9100 (커피레이크-R) (해외구매)
11084685,인텔 코어i9-9세대 9900KF (커피레이크-R) (해외구매)
11084835,인텔 코어i5-9세대 9500F (커피레이크-R) (해외구매)
11086104,인텔 코어i9-9세대 9900 (커피레이크-R) (해외구매)
11086308,인텔 코어i5-9세대 9500 (커피레이크-R) (해외구매)
11086395,인텔 코어i5-9세대 9600 (커피레이크-R) (해외구매)
11171952,인텔 코어i5-9세대 9600 (커피레이크-R) (벌크 + 쿨러)
112301565,인텔 코어 울트라9 시리즈2 285K (애로우레이크) (벌크+쿨러)
112307758,인텔 코어 울트라7 시리즈2 265K (애로우레이크) (벌크+쿨러)
112785531,인텔 펜티엄 골드 G5420 (커피레이크 리프레시) (벌크)
113192682,인텔 펜티엄 G3460 (하스웰) (벌크)
1132682,인텔 코어i5-1세대 760 (린필드) (벌크)
11350773,인텔 코어X-시리즈 i9-10920X (캐스케이드레이크) (벌크)
11359383,인텔 코어i5-8세대 8500 (커피레이크) (중고)
113792199,인텔 제온 E 2124G (커피레이크) (벌크 + 쿨러)
11405337,인텔 코어i3-10세대 10100 (코멧레이크S) (정품)
114093594,인텔 제온 스케일러블 골드 6338N (벌크)
11479776,인텔 코어i7-10세대 10700K (코멧레이크S) (벌크)
11479950,인텔 코어i5-10세대 10400 (코멧레이크S) (벌크)
11480010,인텔 코어i5-10세대 10400 (코멧레이크S) (벌크 + 쿨러)
11480157,인텔 셀러론 G5900 (코멧레이크S) (벌크)
11480259,인텔 펜티엄 골드 G6400 (코멧레이크S) (벌크)
11480307,인텔 펜티엄 골드 G6400 (코멧레이크S) (벌크 + 쿨러)
11480433,인텔 코어i3-10세대 10100 (코멧레이크S) (벌크)
11480511,인텔 코어i3-10세대 10100 (코멧레이크S) (벌크 + 쿨러)
11480694,인텔 코어i5-10세대 10500 (코멧레이크S) (벌크)
11480766,인텔 코어i5-10세대 10500 (코멧레이크S) (벌크 + 쿨러)
11481531,인텔 코어i7-10세대 10700 (코멧레이크S) (벌크)
11481624,인텔 코어i7-10세대 10700 (코멧레이크S) (벌크 + 쿨러)
11481780,인텔 코어i5-10세대 10600K (코멧레이크S) (벌크)
11481858,인텔 코어i5-10세대 10600K (코멧레이크S) (벌크 + 쿨러)
11489973,인텔 코어i5-10세대 10400F (코멧레이크S) (정품)
11490279,인텔 코어i5-10세대 10400F (코멧레이크S) (벌크)
11490309,인텔 코어i5-10세대 10400F (코멧레이크S) (벌크 + 쿨러)
115193895,인텔 제온 스케일러블 골드 6338T (벌크)
116343190,인텔 코어i3-10세대 10100 (코멧레이크S) (중고)
116660895,인텔 코어i7-14세대 14100T (랩터레이크 리프레시) (벌크)
117205089,인텔 코어i3-10세대 10100F (코멧레이크S) (중고)
117612549,인텔 코어 울트라5 시리즈2 235 (애로우레이크) (벌크+쿨러)
117777649,인텔 코어i9-14세대 14900K (랩터레이크 리프레시) (벌크+쿨러)
11824861,인텔 코어i7-10세대 10700F (코멧레이크S) (벌크)
11824936,인텔 코어i9-10세대 10900F (코멧레이크S) (벌크 + 쿨러)
11824939,인텔 코어i9-10세대 10900F (코멧레이크S) (벌크)
11861530,인텔 코어i3-9세대 9100F (커피레이크-R) (중고)
11863444,인텔 코어i5-9세대 9600K (커피레이크-R) (중고)
11870920,인텔 코어i9-10세대 10900 (코멧레이크S) (벌크)
11870941,인텔 코어i9-10세대 10900 (코멧레이크S) (벌크 + 쿨러)
11876443,AMD 라이젠5 PRO 4650G (르누아르) (멀티팩 정품)
12110075,인텔 코어i7-10세대 10700KF (코멧레이크S) (벌크)
12110078,인텔 코어i7-10세대 10700KF (코멧레이크S) (벌크 + 쿨러)
12110735,인텔 코어i5-10세대 10600KF (코멧레이크S) (벌크)
12110750,인텔 코어i5-10세대 10600KF (코멧레이크S) (벌크 + 쿨러)
12111215,인텔 제온 E 2224 (커피레이크-R) (벌크)
12111233,인텔 제온 E 2224 (커피레이크-R) (벌크 + 쿨러)
12122969,인텔 셀러론 G5905 (코멧레이크S) (정품)
12200864,AMD 라이젠3-3세대 3100 (마티스) (해외구매)
122368730,인텔 제온 스케일러블 실버 4310 (아이스레이크) (벌크)
122621789,AMD 라이젠5 PRO 8500G (피닉스) (멀티팩 정품)
122634011,AMD 라이젠9-6세대 9950X3D2 (그래니트 릿지) (멀티팩 정품)
122634023,AMD 라이젠9-6세대 9950X3D2 (그래니트 릿지) (정품)
122711750,AMD 라이젠7-4세대 5800X3D AM4 10주년 기념 에디션 (버미어) (정품)
12309857,인텔 코어i9-10세대 10900K (코멧레이크S) (벌크 + 쿨러)
12309869,인텔 코어i9-10세대 10900K (코멧레이크S) (벌크)
123234946,AMD 라이젠7-5세대 7700X3D (라파엘) (멀티팩 정품)
12335654,인텔 펜티엄 골드 G6400 (코멧레이크S) (해외구매)
12335777,인텔 셀러론 G5900 (코멧레이크S) (해외구매)
12335819,인텔 셀러론 G5905 (코멧레이크S) (벌크)
12335876,인텔 셀러론 G5905 (코멧레이크S) (벌크 + 쿨러)
12335948,인텔 셀러론 G5920 (코멧레이크S) (해외구매)
12336056,인텔 코어i3-10세대 10100 (코멧레이크S) (해외구매)
12336347,인텔 코어i5-10세대 10400 (코멧레이크S) (해외구매)
12336560,인텔 코어i5-10세대 10400F (코멧레이크S) (해외구매)
12336623,인텔 코어i5-10세대 10400F (코멧레이크S) (중고)
12336701,인텔 코어i5-10세대 10500 (코멧레이크S) (중고)
12336977,인텔 코어i5-10세대 10600K (코멧레이크S) (중고)
12337217,인텔 코어i7-10세대 10700 (코멧레이크S) (해외구매)
12337430,인텔 코어i7-10세대 10700F (코멧레이크S) (해외구매)
12337529,인텔 코어i7-10세대 10700K (코멧레이크S) (해외구매)
12338411,인텔 코어i9-10세대 10900 (코멧레이크S) (해외구매)
12338717,인텔 코어i9-10세대 10900KF (코멧레이크S) (해외구매)
12338828,AMD 라이젠9-3세대 3900XT (마티스) (해외구매)
12338921,AMD 라이젠7-3세대 3800XT (마티스) (해외구매)
12338966,AMD 라이젠7-3세대 3800XT (마티스) (중고)
12339050,AMD 라이젠5-3세대 3600XT (마티스) (중고)
12339284,AMD 라이젠9-3세대 3900X (마티스) (중고)
12340073,AMD 라이젠5-3세대 3500 (마티스) (해외구매)
12340184,AMD 라이젠3-3세대 3300X (마티스) (해외구매)
123538035,AMD 라이젠7-5세대 7700X3D (라파엘) (정품)
12387029,인텔 셀러론 G5925 (코멧레이크S) (정품)
12401438,AMD 라이젠3-2세대 3200G (피카소) (멀티팩 정품)
12487424,인텔 코어i3-10세대 10100F (코멧레이크S) (정품)
12543974,인텔 코어i5-8세대 8400 (커피레이크) (중고)
12544268,인텔 셀러론 G4930 (커피레이크-R) (해외구매)
12544445,인텔 펜티엄 골드 G5420 (커피레이크-R) (해외구매)
12544535,인텔 펜티엄 골드 G5400 (커피레이크) (해외구매)
12544700,인텔 코어i3-10세대 10100F (코멧레이크S) (벌크)
12544742,인텔 코어i3-10세대 10100F (코멧레이크S) (벌크 + 쿨러)
12545093,인텔 코어i5-10세대 10600K (코멧레이크S) (해외구매)
12625094,AMD 라이젠3-3세대 3300X (마티스) (멀티팩 정품)
12625265,AMD 라이젠5-4세대 5600X (버미어) (멀티팩 정품)
12837425,AMD 라이젠9-4세대 5900X (버미어) (멀티팩 정품)
12872324,AMD 라이젠5-4세대 5600X (버미어) (해외구매)
12872369,AMD 라이젠7-4세대 5800X (버미어) (해외구매)
12872561,인텔 코어i3-10세대 10100F (코멧레이크S) (해외구매)
12872624,인텔 코어i9-10세대 10850K (코멧레이크S) (해외구매)
1290175,인텔 코어i5-2세대 2500 (샌디브릿지) (벌크)
12975302,AMD 라이젠9-4세대 5900X (버미어) (해외구매)
13053692,인텔 코어i9-10세대 10900K (코멧레이크S) (해외구매)
13059194,인텔 제온 E3-1231V3 (하스웰 리프레시) (중고)
13164782,인텔 코어i3-10세대 10100F (코멧레이크S) (병행수입 박스)
13165053,AMD 라이젠9-5세대 7950X (라파엘) (해외구매)
13165065,AMD 라이젠9-5세대 7900X (라파엘) (해외구매)
13165080,AMD 라이젠7-5세대 7700X (라파엘) (해외구매)
13165089,AMD 라이젠5-5세대 7600X (라파엘) (해외구매)
13172262,AMD 라이젠9-4세대 5950X (버미어) (벌크 병행)
13172325,AMD 라이젠3-3세대 3300X (마티스) (중고)
13173995,인텔 코어X-시리즈 i9-9940X (스카이레이크) (해외구매)
13174088,인텔 코어X-시리즈 i9-7920X (스카이레이크) (해외구매)
13192430,인텔 코어i5-10세대 10600KF (코멧레이크S) (해외구매)
13192628,인텔 코어i7-10세대 10700KF (코멧레이크S) (해외구매)
13192703,인텔 코어i9-10세대 10900 (코멧레이크S) (중고)
13193060,인텔 코어i5-8세대 8500 (커피레이크) (해외구매)
13193342,인텔 코어i9-10세대 10900F (코멧레이크S) (해외구매)
13220606,인텔 제온 스케일러블 골드 6242 (캐스케이드레이크) (벌크)
13220612,인텔 제온 스케일러블 골드 6242 (캐스케이드레이크) (해외구매)
13360262,인텔 제온 E3-1230V2 (아이비브릿지) (중고)
13360280,인텔 코어i7-8세대 8700 (커피레이크) (중고)
13393505,인텔 코어i7-8세대 8700K (커피레이크) (중고)
13395629,인텔 코어i7-2세대 2700K (샌디브릿지) (중고)
13431515,인텔 제온 E5-2603 (샌디브릿지-EP) (중고)
13484591,인텔 코어i7-10세대 10700KF (코멧레이크S) (중고)
13487003,인텔 제온 X5650 (웨스터미어) (중고)
13491257,AMD 라이젠 스레드리퍼 PRO 3955WX (캐슬 픽-W) (정품)
13501556,인텔 제온 X5680 (웨스터미어) (해외구매)
13501562,인텔 제온 X5680 (웨스터미어) (중고)
13540112,인텔 코어X-시리즈 i9-10980XE Extreme Edition (캐스케이드레이크) (벌크)
13542827,AMD 라이젠5-3세대 3600 (마티스) (벌크 병행)
13611845,인텔 코어i7-4세대 4770K (하스웰) (해외구매)
13619939,인텔 코어i5-11세대 11600K (로켓레이크S) (정품)
13620101,인텔 펜티엄 골드 G6405 (코멧레이크S 리프레시) (정품)
13753334,인텔 코어i3-10세대 10105F (코멧레이크S 리프레시) (정품)
13753481,인텔 코어i7-11세대 11700F (로켓레이크S) (정품)
13754411,인텔 코어i5-11세대 11400 (로켓레이크S) (해외구매)
13754444,인텔 코어i5-11세대 11600K (로켓레이크S) (해외구매)
13754471,인텔 코어i7-11세대 11700K (로켓레이크S) (해외구매)
1376038,인텔 펜티엄 G840 (샌디브릿지) (중고)
1376125,인텔 코어i3-2세대 2100 (샌디브릿지) (벌크)
1376157,인텔 펜티엄 G620 (샌디브릿지) (벌크)
1376231,인텔 코어i7-2세대 2600K (샌디브릿지) (벌크 + 쿨러)
13763867,AMD 라이젠5-4세대 5600X (버미어) (벌크 병행)
13809185,인텔 코어i5-11세대 11400 (로켓레이크S) (벌크)
13809203,인텔 코어i5-11세대 11400F (로켓레이크S) (해외구매)
13809269,인텔 코어i5-11세대 11500 (로켓레이크S) (벌크)
13809710,인텔 코어i5-11세대 11600K (로켓레이크S) (벌크)
13822442,AMD 라이젠5-1세대 1600 (서밋 릿지) (중고)
13824374,인텔 코어i5-11세대 11400F (로켓레이크S) (벌크)
13824422,인텔 코어i5-11세대 11400F (로켓레이크S) (벌크 + 쿨러)
13824704,인텔 코어i7-11세대 11700 (로켓레이크S) (벌크)
13824809,인텔 코어i7-11세대 11700F (로켓레이크S) (벌크 + 쿨러)
13824842,인텔 코어i7-11세대 11700F (로켓레이크S) (벌크)
13825037,인텔 코어i7-11세대 11700K (로켓레이크S) (벌크)
13825121,인텔 코어i7-11세대 11700KF (로켓레이크S) (벌크)
13825319,인텔 코어i9-11세대 11900F (로켓레이크S) (벌크 + 쿨러)
13825493,인텔 코어i9-11세대 11900 (로켓레이크S) (벌크)
13837388,AMD 라이젠7-2세대 2700X (피나클 릿지) (중고)
13851785,인텔 코어i3-10세대 10105F (코멧레이크S 리프레시) (벌크)
13851815,인텔 펜티엄 골드 G6405 (코멧레이크S 리프레시) (벌크)
13851932,AMD 라이젠9-4세대 5950X (버미어) (해외구매)
13851974,AMD 라이젠5-3세대 3600 (마티스) (중고)
13941236,인텔 코어i3-10세대 10105F (코멧레이크S 리프레시) (벌크 + 쿨러)
14000321,인텔 펜티엄 골드 G6405 (코멧레이크S 리프레시) (벌크 + 쿨러)
14004518,인텔 셀러론 G5905 (코멧레이크S) (해외구매)
14079716,AMD 라이젠 스레드리퍼 3970X (캐슬 픽) (해외구매)
14095871,인텔 코어i9-11세대 11900F (로켓레이크S) (해외구매)
14095985,인텔 코어i9-11세대 11900 (로켓레이크S) (해외구매)
14096045,인텔 코어i7-11세대 11700F (로켓레이크S) (해외구매)
14096219,인텔 코어i5-11세대 11600KF (로켓레이크S) (해외구매)
14162240,인텔 코어i7-11세대 11700KF (로켓레이크S) (해외구매)
14164442,인텔 코어i3-10세대 10105F (코멧레이크S 리프레시) (해외구매)
14186564,인텔 제온 E3-1220 (샌디브릿지) (중고)
14409386,인텔 코어i3-10세대 10105 (코멧레이크S 리프레시) (정품)
14409470,인텔 코어i3-10세대 10105 (코멧레이크S 리프레시) (병행수입 박스)
14409479,인텔 코어i3-10세대 10105 (코멧레이크S 리프레시) (벌크 + 쿨러)
14409497,인텔 코어i3-10세대 10105 (코멧레이크S 리프레시) (벌크)
14664326,인텔 코어i7-10세대 10700 (코멧레이크S) (중고)
14736539,인텔 펜티엄 골드 G6405 (코멧레이크S 리프레시) (해외구매)
14737721,인텔 펜티엄 골드 G5420 (커피레이크-R) (중고)
14740478,인텔 코어i3-9세대 9100 (커피레이크-R) (중고)
14748134,인텔 제온 스케일러블 실버 4110 (스카이레이크) (벌크)
1477490,인텔 코어i7-2세대 2600K (샌디브릿지) (중고)
14848337,인텔 코어i9-11세대 11900KF (로켓레이크S) (해외구매)
14867984,인텔 코어i9-11세대 11900K (로켓레이크S) (해외구매)
14927615,AMD 라이젠5-4세대 5600G (세잔) (정품)
14927675,AMD 라이젠5-4세대 5600G (세잔) (멀티팩 정품)
14927759,AMD 라이젠7-4세대 5700G (세잔) (멀티팩 정품)
14937365,AMD 라이젠7-4세대 5700G (세잔) (해외구매)
14937368,AMD 라이젠5-4세대 5600G (세잔) (해외구매)
15059780,인텔 제온 E 2124 (커피레이크) (벌크)
15059837,인텔 제온 E 2124G (커피레이크) (벌크)
15061958,인텔 제온 스케일러블 실버 4309Y (아이스레이크) (정품)
15062594,인텔 제온 스케일러블 실버 4310 (아이스레이크) (정품)
15062720,인텔 제온 스케일러블 실버 4314 (아이스레이크) (정품)
15062825,인텔 제온 스케일러블 실버 4316 (아이스레이크) (정품)
15063323,인텔 제온 스케일러블 골드 5320T (아이스레이크) (정품)
15063479,인텔 제온 스케일러블 골드 5318N (아이스레이크) (정품)
15063809,인텔 제온 스케일러블 골드 5318S (아이스레이크) (정품)
15064256,인텔 제온 스케일러블 골드 5318Y (아이스레이크) (정품)
15064316,인텔 제온 스케일러블 골드 5320 (아이스레이크) (정품)
15064370,인텔 제온 스케일러블 골드 5315Y (아이스레이크) (정품)
15064400,인텔 제온 스케일러블 골드 5317 (아이스레이크) (정품)
15064604,인텔 제온 스케일러블 골드 5318H (쿠퍼레이크) (정품)
15064730,인텔 제온 스케일러블 골드 5320H (쿠퍼레이크) (정품)
15064880,인텔 제온 스케일러블 골드 6328HL (쿠퍼레이크) (정품)
15065864,인텔 제온 스케일러블 골드 6348H (쿠퍼레이크) (정품)
15066089,인텔 제온 스케일러블 골드 6334 (아이스레이크) (정품)
15066179,인텔 제온 스케일러블 골드 6342 (아이스레이크) (정품)
15066359,인텔 제온 스케일러블 골드 6348 (아이스레이크) (정품)
15066551,인텔 제온 스케일러블 골드 6354 (아이스레이크) (정품)
15066656,인텔 제온 스케일러블 골드 6330 (아이스레이크) (정품)
15066728,인텔 제온 스케일러블 골드 6336Y (아이스레이크) (정품)
15066872,인텔 제온 스케일러블 골드 6312U (아이스레이크) (정품)
15066893,인텔 제온 스케일러블 골드 6314U (아이스레이크) (정품)
15068132,인텔 제온 스케일러블 플래티넘 8351N (아이스레이크) (정품)
15069152,인텔 제온 스케일러블 플래티넘 8368Q (아이스레이크) (정품)
15069191,인텔 제온 스케일러블 플래티넘 8352V (아이스레이크) (정품)
15069296,인텔 제온 스케일러블 플래티넘 8358P (아이스레이크) (정품)
15069395,인텔 제온 스케일러블 플래티넘 8352S (아이스레이크) (정품)
15069533,인텔 제온 스케일러블 플래티넘 8368 (아이스레이크) (정품)
15069791,인텔 제온 스케일러블 플래티넘 8380 (아이스레이크) (정품)
15069860,인텔 제온 스케일러블 플래티넘 8352Y (아이스레이크) (정품)
15069914,인텔 제온 스케일러블 플래티넘 8358 (아이스레이크) (정품)
15070088,인텔 제온 스케일러블 플래티넘 8360Y (아이스레이크) (정품)
15070211,인텔 제온 스케일러블 플래티넘 8353H (쿠퍼레이크) (정품)
15070241,인텔 제온 스케일러블 플래티넘 8354H (쿠퍼레이크) (정품)
15070439,인텔 제온 스케일러블 플래티넘 8356H (쿠퍼레이크) (정품)
15070607,인텔 제온 스케일러블 플래티넘 8360H (쿠퍼레이크) (정품)
15070616,인텔 제온 스케일러블 플래티넘 8360HL (쿠퍼레이크) (정품)
15070688,인텔 제온 스케일러블 플래티넘 8376HL (쿠퍼레이크) (정품)
15070712,인텔 제온 스케일러블 플래티넘 8380H (쿠퍼레이크) (정품)
15070739,인텔 제온 스케일러블 플래티넘 8380HL (쿠퍼레이크) (정품)
1511281,인텔 셀러론 G530 (샌디브릿지) (중고)
1512435,인텔 셀러론 G530 (샌디브릿지) (벌크 + 쿨러)
1513439,인텔 펜티엄 G860 (샌디브릿지) (중고)
15137684,AMD 라이젠5-4세대 5600X (버미어) (프리즘 멀티팩 정품)
15218675,인텔 셀러론 G5900 (코멧레이크S) (중고)
15252869,AMD 애슬론 3000G (레이븐 릿지) (중고)
15275936,인텔 펜티엄 골드 G6400 (코멧레이크S) (중고)
15276278,인텔 코어i5-10세대 10400 (코멧레이크S) (중고)
15276365,AMD 라이젠7 PRO 4750G (르누아르) (해외구매)
15276407,AMD 라이젠5 PRO 4650G (르누아르) (해외구매)
15280721,인텔 제온 E 2176G (커피레이크) (벌크)
15322559,인텔 제온 스케일러블 골드 6330H (쿠퍼레이크) (벌크)
15322631,인텔 제온 스케일러블 골드 6338 (아이스레이크) (벌크)
15322733,인텔 제온 스케일러블 골드 6330N (아이스레이크) (벌크)
15322769,인텔 제온 스케일러블 골드 6338N (아이스레이크) (벌크)
15322802,인텔 제온 스케일러블 골드 6338T (아이스레이크) (벌크)
15594638,인텔 코어i7-12세대 12700K (엘더레이크) (정품)
15594701,인텔 코어i7-12세대 12700KF (엘더레이크) (정품)
15594887,인텔 코어i9-12세대 12900K (엘더레이크) (정품)
15752435,인텔 코어i5-12세대 12600K (엘더레이크) (해외구매)
15752468,인텔 코어i5-12세대 12600K (엘더레이크) (벌크)
15752510,인텔 코어i5-12세대 12600K (엘더레이크) (벌크 + 쿨러)
15752546,인텔 코어i5-12세대 12600KF (엘더레이크) (벌크)
15752597,인텔 코어i5-12세대 12600KF (엘더레이크) (벌크 + 쿨러)
15752804,인텔 코어i7-12세대 12700K (엘더레이크) (해외구매)
15752897,인텔 코어i7-12세대 12700K (엘더레이크) (벌크 + 쿨러)
15752963,인텔 코어i7-12세대 12700KF (엘더레이크) (해외구매)
15753131,인텔 코어i9-12세대 12900K (엘더레이크) (해외구매)
15753161,인텔 코어i9-12세대 12900K (엘더레이크) (벌크 + 쿨러)
15753218,인텔 코어i9-12세대 12900KF (엘더레이크) (해외구매)
15764720,인텔 코어i7-12세대 12700K (엘더레이크) (벌크)
15764744,인텔 코어i7-12세대 12700KF (엘더레이크) (벌크 + 쿨러)
15764771,인텔 코어i9-12세대 12900K (엘더레이크) (벌크)
15764792,인텔 코어i9-12세대 12900KF (엘더레이크) (벌크 + 쿨러)
15764831,인텔 코어i9-12세대 12900KF (엘더레이크) (벌크)
15773684,인텔 셀러론 G5925 (코멧레이크S) (병행수입 박스)
15773711,인텔 셀러론 G5925 (코멧레이크S) (벌크)
15773747,인텔 셀러론 G5925 (코멧레이크S) (벌크 + 쿨러)
15788555,인텔 코어i7-12세대 12700KF (엘더레이크) (벌크)
15827978,인텔 코어i3-8세대 8100 (커피레이크) (중고)
15832694,인텔 펜티엄 G640 (샌디브릿지) (중고)
15833360,인텔 펜티엄 G2120 (아이비브릿지) (중고)
15833633,인텔 펜티엄 G2020 (아이비브릿지) (중고)
15892970,인텔 코어i5-12세대 12600KF (엘더레이크) (해외구매)
15984107,인텔 코어i5-11세대 11400 (로켓레이크S) (중고)
16101083,인텔 코어i3-12세대 12100 (엘더레이크) (정품)
16101179,인텔 코어i3-12세대 12100F (엘더레이크) (정품)
16101326,인텔 코어i5-12세대 12400 (엘더레이크) (정품)
16101353,인텔 코어i5-12세대 12400F (엘더레이크) (정품)
16101464,인텔 코어i7-12세대 12700F (엘더레이크) (정품)
16101545,인텔 코어i9-12세대 12900 (엘더레이크) (정품)
16116971,AMD 라이젠 스레드리퍼 PRO 3975WX (캐슬 픽-W) (해외구매)
16117067,AMD 라이젠 스레드리퍼 PRO 3955WX (캐슬 픽-W) (해외구매)
16140707,인텔 코어i5-12세대 12400 (엘더레이크) (해외구매)
16140743,인텔 코어i5-12세대 12400F (엘더레이크) (해외구매)
16140809,인텔 코어i7-12세대 12700 (엘더레이크) (정품)
16155401,인텔 코어i3-12세대 12100F (엘더레이크) (벌크)
16155473,인텔 코어i3-12세대 12100 (엘더레이크) (벌크)
16155656,인텔 코어i5-12세대 12400F (엘더레이크) (벌크)
16155824,인텔 코어i5-12세대 12400 (엘더레이크) (벌크)
16155992,인텔 코어i5-12세대 12500 (엘더레이크) (벌크)
16156169,인텔 코어i5-12세대 12600 (엘더레이크) (벌크)
16156232,인텔 코어i7-12세대 12700F (엘더레이크) (벌크)
16156580,인텔 코어i9-12세대 12900 (엘더레이크) (벌크)
16209680,인텔 셀러론 G6900 (엘더레이크) (벌크)
16209698,인텔 코어i9-12세대 12900F (엘더레이크) (해외구매)
16209704,인텔 코어i9-12세대 12900 (엘더레이크) (해외구매)
16209722,인텔 코어i7-12세대 12700F (엘더레이크) (해외구매)
16209731,인텔 코어i7-12세대 12700 (엘더레이크) (벌크)
16209749,인텔 코어i7-12세대 12700 (엘더레이크) (해외구매)
16211213,인텔 코어i5-12세대 12500 (엘더레이크) (해외구매)
16211645,인텔 코어i3-12세대 12100F (엘더레이크) (해외구매)
16211690,인텔 코어i3-12세대 12100 (엘더레이크) (해외구매)
16232738,인텔 코어i3-12세대 12100F (엘더레이크) (벌크 + 쿨러)
16232762,인텔 코어i3-12세대 12100 (엘더레이크) (벌크 + 쿨러)
16232792,인텔 코어i5-12세대 12400F (엘더레이크) (벌크 + 쿨러)
16232846,인텔 코어i5-12세대 12400 (엘더레이크) (벌크 + 쿨러)
16232900,인텔 코어i5-12세대 12500 (엘더레이크) (벌크 + 쿨러)
16233047,인텔 코어i7-12세대 12700F (엘더레이크) (벌크 + 쿨러)
16233104,인텔 코어i7-12세대 12700 (엘더레이크) (벌크 + 쿨러)
16233314,인텔 코어i9-12세대 12900F (엘더레이크) (벌크 + 쿨러)
16252427,인텔 코어i5-12세대 12600 (엘더레이크) (해외구매)
16276169,인텔 제온 스케일러블 플래티넘 8280L (캐스케이드레이크) (정품)
16316312,인텔 펜티엄 골드 G7400 (엘더레이크) (해외구매)
16393682,인텔 코어i3-12세대 12100T (엘더레이크) (벌크)
16393835,인텔 코어i5-12세대 12500T (엘더레이크) (벌크)
16393964,인텔 코어i7-12세대 12700T (엘더레이크) (벌크)
16394042,인텔 코어i9-12세대 12900T (엘더레이크) (벌크)
16414823,AMD 라이젠7-3세대 3700X (마티스) (중고)
16439756,인텔 셀러론 G6900 (엘더레이크) (해외구매)
16504412,인텔 펜티엄 골드 G7400 (엘더레이크) (벌크 + 쿨러)
16561238,AMD 애슬론 3000G (레이븐 릿지) (벌크 + 쿨러 정품)
16581206,인텔 코어i7-12세대 12700K (엘더레이크) (병행수입 박스)
16740590,AMD 라이젠3-3세대 4100 (르누아르-X) (멀티팩 정품)
16740674,AMD 라이젠5-3세대 4500 (르누아르-X) (멀티팩 정품)
16741211,AMD 라이젠5-4세대 5600 (버미어) (멀티팩 정품)
16741349,AMD 라이젠7-4세대 5700X (버미어) (멀티팩 정품)
1678801,인텔 코어i7-3세대 3770 (아이비브릿지) (중고)
1678802,인텔 코어i7-3세대 3770 (아이비브릿지) (벌크 + 쿨러)
1678803,인텔 코어i7-3세대 3770K (아이비브릿지) (벌크)
1678805,인텔 코어i5-3세대 3570K (아이비브릿지) (중고)
16797257,인텔 코어i9-12세대 12900KF (엘더레이크) (병행수입 박스)
16846118,인텔 코어i9-12세대 12900KS (엘더레이크) (해외구매)
16872089,AMD 라이젠7-4세대 5800X3D (버미어) (정품)
16909313,인텔 제온 E5-2696 v3 (하스웰-EP) (해외구매)
16950422,AMD 라이젠5-4세대 5500 (세잔) (해외구매)
16950473,AMD 라이젠5-4세대 5600 (버미어) (해외구매)
16950596,AMD 라이젠5-3세대 4500 (르누아르-X) (해외구매)
16951109,AMD 라이젠7-4세대 5700X (버미어) (해외구매)
17030189,인텔 셀러론 G4900 (커피레이크) (중고)
1704946,인텔 셀러론 G540 (샌디브릿지) (중고)
1705460,인텔 셀러론 G540 (샌디브릿지) (벌크 + 쿨러)
17157083,AMD 라이젠5-4세대 5600 (버미어) (정품)
17157863,인텔 펜티엄 G3430 (하스웰) (중고)
17157887,인텔 펜티엄 G3440 (하스웰 리프레시) (중고)
17198921,AMD 라이젠5-4세대 5600X (버미어) (중고)
1720040,인텔 코어i5-3세대 3570 (아이비브릿지) (벌크 + 쿨러)
17241737,인텔 제온 스케일러블 실버 4210R (캐스케이드레이크) (벌크)
1725177,인텔 코어i5-3세대 3470 (아이비브릿지) (중고)
1725179,인텔 코어i5-3세대 3570 (아이비브릿지) (벌크)
17262377,AMD 애슬론 3000G (레이븐 릿지) (벌크 병행)
17287790,AMD 라이젠5-3세대 4600G (르누아르) (해외구매)
17339861,인텔 셀러론 G5905 (코멧레이크S) (중고)
17379902,AMD 라이젠7-4세대 5800X3D (버미어) (해외구매)
17380925,인텔 코어i9-12세대 12900 (엘더레이크) (중고)
17409044,AMD 라이젠7-4세대 5800X (버미어) (중고)
17437220,AMD 라이젠5-2세대 2600X (피나클 릿지) (중고)
17439449,인텔 코어X-시리즈 i9-9920X (스카이레이크) (해외구매)
17439782,인텔 코어i5-9세대 9500 (커피레이크-R) (중고)
17570783,AMD 라이젠 스레드리퍼 PRO 5995WX (샤갈 프로) (정품)
17570807,AMD 라이젠 스레드리퍼 PRO 5975WX (샤갈 프로) (정품)
17570816,AMD 라이젠 스레드리퍼 PRO 5965WX (샤갈 프로) (정품)
17575589,인텔 코어i5-2세대 2300 (샌디브릿지) (중고)
17576381,AMD 라이젠9-4세대 5900X (버미어) (중고)
17744591,AMD 라이젠5-3세대 3500X (마티스) (중고)
1779781,인텔 셀러론 G550 (샌디브릿지) (중고)
1780774,인텔 코어i3-3세대 3220 (아이비브릿지) (벌크)
17811980,인텔 코어i5-12세대 12400T (엘더레이크) (벌크)
1783681,인텔 코어i3-3세대 3240 (아이비브릿지) (중고)
1783749,인텔 코어i5-3세대 3330 (아이비브릿지) (중고)
17858363,AMD 라이젠7-4세대 5700X (버미어) (벌크 병행)
17913311,AMD 라이젠5-5세대 7600X (라파엘) (정품)
17913980,AMD 라이젠9-5세대 7950X (라파엘) (정품)
18000296,AMD 라이젠 스레드리퍼 PRO 3995WX (캐슬 픽-W) (해외구매)
18039512,인텔 코어i9-13세대 13900KF (랩터레이크) (정품)
18039569,인텔 코어i9-13세대 13900K (랩터레이크) (정품)
18055697,AMD 라이젠 스레드리퍼 PRO 5975WX (샤갈 프로) (해외구매)
18055820,AMD 라이젠 스레드리퍼 PRO 5955WX (샤갈 프로) (정품)
18071105,인텔 코어i9-13세대 13900KF (랩터레이크) (해외구매)
18071186,인텔 코어i9-13세대 13900K (랩터레이크) (해외구매)
18071201,인텔 코어i7-13세대 13700KF (랩터레이크) (해외구매)
18071228,인텔 코어i7-13세대 13700K (랩터레이크) (해외구매)
18071246,인텔 코어i5-13세대 13600KF (랩터레이크) (해외구매)
18071333,인텔 코어i5-13세대 13600K (랩터레이크) (해외구매)
18144521,인텔 코어i7-13세대 13700KF (랩터레이크) (벌크)
18158378,인텔 제온 E3-1220V5 (스카이레이크) (해외구매)
18158432,인텔 제온 E3-1220V5 (스카이레이크) (중고)
18158507,인텔 제온 E3-1270V5 (스카이레이크) (해외구매)
18158663,인텔 제온 E3-1220V6 (카비레이크) (중고)
18158771,인텔 제온 E3-1270V6 (카비레이크) (중고)
18158795,인텔 제온 E3-1275V6 (카비레이크) (중고)
18158837,인텔 제온 스케일러블 브론즈 3104 (스카이레이크) (벌크)
18158891,인텔 제온 스케일러블 실버 4116 (스카이레이크) (중고)
18158927,인텔 제온 스케일러블 실버 4114 (스카이레이크) (해외구매)
18158957,인텔 제온 스케일러블 실버 4114 (스카이레이크) (벌크)
18158993,인텔 제온 스케일러블 실버 4112 (스카이레이크) (벌크)
18159026,인텔 제온 스케일러블 실버 4112 (스카이레이크) (해외구매)
18159089,인텔 제온 스케일러블 실버 4110 (스카이레이크) (해외구매)
18159158,인텔 제온 스케일러블 골드 6152 (스카이레이크) (벌크)
18159185,인텔 제온 스케일러블 골드 6152 (스카이레이크) (중고)
18159215,인텔 제온 스케일러블 골드 6152 (스카이레이크) (해외구매)
18159272,인텔 제온 스케일러블 골드 6134 (스카이레이크) (해외구매)
18163370,인텔 제온 E 2174G (커피레이크) (벌크)
18169127,인텔 코어i5-13세대 13600K (랩터레이크) (벌크 + 쿨러)
18169169,인텔 코어i5-13세대 13600K (랩터레이크) (벌크)
18169253,인텔 코어i5-13세대 13600KF (랩터레이크) (벌크 + 쿨러)
18169268,인텔 코어i5-13세대 13600KF (랩터레이크) (벌크)
18170813,AMD A4 7300 (리치랜드) (중고)
18171785,AMD 애슬론 200GE (레이븐 릿지) (중고)
18172421,AMD 라이젠3-1세대 2200G (레이븐 릿지) (중고)
18172463,AMD 라이젠5-1세대 1500X (서밋 릿지) (중고)
18172499,AMD 라이젠7-1세대 1800X (서밋 릿지) (중고)
18172535,AMD 라이젠3-2세대 3200G (피카소) (중고)
18184013,인텔 코어i7-13세대 13700KF (랩터레이크) (벌크 + 쿨러)
18198092,인텔 코어i9-13세대 13900K (랩터레이크) (벌크)
18198152,인텔 코어i9-13세대 13900K (랩터레이크) (벌크 + 쿨러)
18214907,인텔 코어i9-13세대 13900KF (랩터레이크) (벌크)
18214919,인텔 코어i9-13세대 13900KF (랩터레이크) (벌크 + 쿨러)
18224453,인텔 코어i7-13세대 13700K (랩터레이크) (벌크)
18224471,인텔 코어i7-13세대 13700K (랩터레이크) (벌크 + 쿨러)
1824690,인텔 펜티엄 G645 (샌디브릿지) (중고)
18581372,인텔 제온 E5-2680 v4 (브로드웰-EP) (중고)
18599837,인텔 제온 스케일러블 골드 6242R (캐스케이드레이크) (벌크)
18599864,인텔 제온 스케일러블 골드 6242R (캐스케이드레이크) (해외구매)
18614342,AMD 라이젠 스레드리퍼 PRO 3975WX (캐슬 픽-W) (벌크 병행)
18640106,인텔 코어i3-13세대 13100F (랩터레이크) (정품)
18640205,인텔 코어i3-13세대 13100 (랩터레이크) (정품)
18640286,인텔 코어i5-13세대 13400 (랩터레이크) (정품)
18640319,인텔 코어i5-13세대 13500 (랩터레이크) (정품)
18640379,인텔 코어i7-13세대 13700F (랩터레이크) (정품)
18640442,인텔 코어i9-13세대 13900F (랩터레이크) (정품)
18640472,인텔 코어i9-13세대 13900 (랩터레이크) (정품)
18665090,인텔 코어i3-13세대 13100T (랩터레이크) (벌크)
18665261,인텔 코어i5-13세대 13500T (랩터레이크) (벌크)
18665336,인텔 코어i7-13세대 13700T (랩터레이크) (벌크)
18702590,인텔 코어i3-13세대 13100F (랩터레이크) (벌크)
18702614,인텔 코어i3-13세대 13100F (랩터레이크) (벌크 + 쿨러)
18702722,인텔 코어i3-13세대 13100 (랩터레이크) (벌크)
18702812,인텔 코어i5-13세대 13400F (랩터레이크) (벌크)
18702827,인텔 코어i5-13세대 13400F (랩터레이크) (벌크 + 쿨러)
18703208,인텔 코어i5-13세대 13400 (랩터레이크) (벌크)
18703220,인텔 코어i5-13세대 13400 (랩터레이크) (벌크 + 쿨러)
18703382,인텔 코어i5-13세대 13500 (랩터레이크) (벌크)
18703415,인텔 코어i5-13세대 13500 (랩터레이크) (벌크 + 쿨러)
18703556,인텔 코어i5-13세대 13500 (랩터레이크) (해외구매)
18703613,인텔 코어i7-13세대 13700F (랩터레이크) (벌크)
18703634,인텔 코어i7-13세대 13700F (랩터레이크) (벌크 + 쿨러)
18703730,인텔 코어i7-13세대 13700 (랩터레이크) (벌크)
18703751,인텔 코어i7-13세대 13700 (랩터레이크) (벌크 + 쿨러)
18703961,인텔 코어i9-13세대 13900F (랩터레이크) (벌크)
18704012,인텔 코어i9-13세대 13900 (랩터레이크) (벌크)
18704030,인텔 코어i9-13세대 13900 (랩터레이크) (벌크 + 쿨러)
18704354,AMD 라이젠3 PRO 4350G (르누아르) (중고)
18710705,인텔 코어i9-13세대 13900T (랩터레이크) (벌크)
18718496,AMD 라이젠5-5세대 7600 (라파엘) (멀티팩 정품)
18718532,AMD 라이젠7-5세대 7700 (라파엘) (정품)
18718538,AMD 라이젠7-5세대 7700 (라파엘) (멀티팩 정품)
18718592,AMD 라이젠9-5세대 7900 (라파엘) (정품)
18718631,AMD 라이젠9-5세대 7900 (라파엘) (멀티팩 정품)
18771350,AMD 라이젠5-5세대 7600 (라파엘) (해외구매)
18771416,AMD 라이젠9-5세대 7900 (라파엘) (해외구매)
18812537,인텔 코어i9-13세대 13900KS (랩터레이크) (해외구매)
18885863,인텔 코어i9-12세대 12900K (엘더레이크) (병행수입 박스)
18925913,인텔 코어i9-13세대 13900 (랩터레이크) (해외구매)
18934001,인텔 코어i5-13세대 13400F (랩터레이크) (해외구매)
18978728,인텔 코어i9-12세대 12900KS (엘더레이크) (벌크 + 쿨러)
19157771,인텔 코어i9-12세대 12900K (엘더레이크) (중고)
19165475,인텔 코어i3-10세대 10105F (코멧레이크S 리프레시) (중고)
19284587,인텔 코어i7-13세대 13700F (랩터레이크) (해외구매)
19285178,인텔 코어i3-13세대 13100F (랩터레이크) (해외구매)
19286273,AMD 라이젠7-5세대 7700 (라파엘) (해외구매)
19627457,AMD 라이젠9-5세대 7900X3D (라파엘) (멀티팩 정품)
19627601,AMD 라이젠9-5세대 7950X3D (라파엘) (멀티팩 정품)
19627808,AMD 라이젠7-5세대 7800X3D (라파엘) (정품)
19627934,AMD 라이젠7-5세대 7800X3D (라파엘) (멀티팩 정품)
1964344,인텔 펜티엄 G2130 (아이비브릿지) (중고)
19830395,인텔 제온 스케일러블 골드 6346 (아이스레이크) (벌크)
19830578,인텔 제온 스케일러블 골드 6326 (아이스레이크) (벌크)
20613197,AMD 라이젠9-5세대 7950X (라파엘) (멀티팩 정품)
20685467,AMD 라이젠 스레드리퍼 PRO 5975WX (샤갈 프로) (멀티팩 정품)
20725853,인텔 제온 E3-1275V6 (카비레이크) (벌크)
2081212,인텔 코어i5-4세대 4670 (하스웰) (벌크 + 쿨러)
2081213,인텔 코어i5-4세대 4670 (하스웰) (벌크)
2081215,인텔 코어i5-4세대 4570 (하스웰) (벌크 + 쿨러)
2081225,인텔 코어i7-4세대 4770 (하스웰) (벌크)
2081228,인텔 코어i7-4세대 4770K (하스웰) (벌크)
2099732,인텔 펜티엄 G2030 (아이비브릿지) (중고)
21694499,AMD 라이젠5-5세대 7500F (라파엘) (멀티팩 정품)
2216194,인텔 코어i5-4세대 4440 (하스웰) (벌크)
2216200,인텔 펜티엄 G3420 (하스웰) (벌크)
2216203,인텔 펜티엄 G3220 (하스웰) (벌크)
2216333,인텔 코어i3-4세대 4130 (하스웰) (벌크 + 쿨러)
2216335,인텔 코어i3-4세대 4130 (하스웰) (벌크)
2302299,인텔 셀러론 G1630 (아이비브릿지) (중고)
23537372,AMD 라이젠5-3세대 4600G (르누아르) (중고)
2669666,인텔 셀러론 G1840 (하스웰 리프레시) (벌크)
2691208,인텔 코어i5-4세대 4690 (하스웰 리프레시) (벌크)
2691212,인텔 코어i5-4세대 4690 (하스웰 리프레시) (벌크 + 쿨러)
2691725,인텔 코어i5-4세대 4460 (하스웰 리프레시) (벌크)
27521231,AMD 라이젠7-4세대 5800X3D (버미어) (멀티팩 정품)
27757436,AMD 라이젠5-5세대 7600 (라파엘) (벌크 병행)
27757619,AMD 라이젠5-5세대 7600X (라파엘) (멀티팩 정품)
2783185,인텔 셀러론 G1850 (하스웰 리프레시) (벌크)
2783200,인텔 펜티엄 G3460 (하스웰 리프레시) (벌크)
2783202,인텔 코어i3-4세대 4150 (하스웰 리프레시) (벌크 + 쿨러)
2783203,인텔 코어i3-4세대 4150 (하스웰 리프레시) (벌크)
2783204,인텔 코어i3-4세대 4160 (하스웰 리프레시) (병행수입 박스)
2783205,인텔 코어i3-4세대 4160 (하스웰 리프레시) (벌크 + 쿨러)
2783206,인텔 코어i3-4세대 4160 (하스웰 리프레시) (벌크)
2783216,인텔 코어i5-4세대 4590 (하스웰 리프레시) (벌크 + 쿨러)
2783217,인텔 코어i5-4세대 4590 (하스웰 리프레시) (벌크)
2783223,인텔 코어i7-4세대 4790 (하스웰 리프레시) (벌크)
27945140,AMD 라이젠7-5세대 7700X (라파엘) (멀티팩 정품)
27948446,AMD 라이젠5-5세대 7500F (라파엘) (벌크 병행)
28055177,인텔 코어i5-13세대 13400 (랩터레이크) (중고 + 쿨러)
28159028,AMD FX 4100 (잠베지) (중고)
28402418,AMD 라이젠9-5세대 7900X (라파엘) (멀티팩 정품)
28798964,인텔 코어i9-14세대 14900K (랩터레이크 리프레시) (정품)
28799180,인텔 코어i9-14세대 14900KF (랩터레이크 리프레시) (정품)
28799498,인텔 코어i7-14세대 14700KF (랩터레이크 리프레시) (정품)
28799654,인텔 코어i5-14세대 14600K (랩터레이크 리프레시) (정품)
28799732,인텔 코어i5-14세대 14600KF (랩터레이크 리프레시) (정품)
28884227,인텔 코어i5-14세대 14600KF (랩터레이크 리프레시) (벌크)
28884308,인텔 코어i5-14세대 14600K (랩터레이크 리프레시) (벌크)
28920827,인텔 코어i7-14세대 14700K (랩터레이크 리프레시) (벌크)
28920875,인텔 코어i9-14세대 14900KF (랩터레이크 리프레시) (벌크)
28920896,인텔 코어i9-14세대 14900K (랩터레이크 리프레시) (벌크)
29658350,AMD 라이젠9 PRO 7945 (라파엘) (멀티팩 정품)
29658509,AMD 라이젠7 PRO 7745 (라파엘) (멀티팩 정품)
29658575,AMD 라이젠5 PRO 7645 (라파엘) (멀티팩 정품)
29858150,인텔 코어i5-13세대 13400 (랩터레이크) (해외구매)
29959874,인텔 코어i7-14세대 14700KF (랩터레이크 리프레시) (벌크)
30131510,AMD 라이젠 스레드리퍼 PRO 7995WX (스톰 픽) (정품)
30131639,AMD 라이젠 스레드리퍼 PRO 7985WX (스톰 픽) (정품)
30131798,AMD 라이젠 스레드리퍼 7980X (스톰 픽) (정품)
30131816,AMD 라이젠 스레드리퍼 7970X (스톰 픽) (정품)
30131825,AMD 라이젠 스레드리퍼 7960X (스톰 픽) (정품)
30142979,AMD 라이젠 스레드리퍼 PRO 7995WX (스톰 픽) (멀티팩 정품)
30143039,AMD 라이젠 스레드리퍼 PRO 7965WX (스톰 픽) (멀티팩 정품)
30143060,AMD 라이젠 스레드리퍼 PRO 7985WX (스톰 픽) (멀티팩 정품)
30143105,AMD 라이젠 스레드리퍼 PRO 7975WX (스톰 픽) (멀티팩 정품)
3116504,인텔 코어i3-4세대 4170 (하스웰 리프레시) (벌크)
3116506,인텔 코어i3-4세대 4170 (하스웰 리프레시) (벌크 + 쿨러)
31391471,인텔 코어i7-14세대 14700K (랩터레이크 리프레시) (해외구매)
31391636,인텔 코어i7-14세대 14700KF (랩터레이크 리프레시) (해외구매)
31391735,인텔 코어i5-14세대 14600KF (랩터레이크 리프레시) (해외구매)
31391807,인텔 코어i5-14세대 14600K (랩터레이크 리프레시) (해외구매)
31391999,인텔 코어i9-14세대 14900KF (랩터레이크 리프레시) (해외구매)
31392077,인텔 코어i9-14세대 14900K (랩터레이크 리프레시) (해외구매)
3169328,인텔 펜티엄 G3260 (하스웰 리프레시) (벌크)
31908263,AMD 라이젠5-5세대 7500F (라파엘) (해외구매)
31946036,AMD 라이젠7-5세대 7800X3D (라파엘) (해외구매)
31950143,AMD 라이젠9-5세대 7900X3D (라파엘) (해외구매)
32037701,인텔 코어i9-14세대 14900F (랩터레이크 리프레시) (정품)
32037824,인텔 코어i9-14세대 14900 (랩터레이크 리프레시) (정품)
32038001,인텔 코어i7-14세대 14700 (랩터레이크 리프레시) (정품)
32038256,인텔 코어i5-14세대 14500 (랩터레이크 리프레시) (정품)
32038580,인텔 코어i5-14세대 14400 (랩터레이크 리프레시) (정품)
32038667,인텔 코어i5-14세대 14400F (랩터레이크 리프레시) (정품)
32038820,인텔 코어i3-14세대 14100 (랩터레이크 리프레시) (정품)
32038895,인텔 코어i3-14세대 14100F (랩터레이크 리프레시) (정품)
32039399,인텔 프로세서 300 (랩터레이크 리프레시) (정품)
32102588,인텔 코어i3-14세대 14100F (랩터레이크 리프레시) (벌크 + 쿨러)
32102672,인텔 코어i3-14세대 14100F (랩터레이크 리프레시) (벌크)
32102711,인텔 코어i3-14세대 14100 (랩터레이크 리프레시) (벌크 + 쿨러)
32102738,인텔 코어i3-14세대 14100 (랩터레이크 리프레시) (벌크)
32102768,인텔 코어i5-14세대 14400F (랩터레이크 리프레시) (벌크 + 쿨러)
32102786,인텔 코어i5-14세대 14400F (랩터레이크 리프레시) (벌크)
32102852,인텔 코어i5-14세대 14400 (랩터레이크 리프레시) (벌크 + 쿨러)
32102876,인텔 코어i5-14세대 14400 (랩터레이크 리프레시) (벌크)
32102912,인텔 코어i5-14세대 14500 (랩터레이크 리프레시) (벌크 + 쿨러)
32102927,인텔 코어i5-14세대 14500 (랩터레이크 리프레시) (벌크)
32102960,인텔 코어i7-14세대 14700 (랩터레이크 리프레시) (벌크 + 쿨러)
32103143,인텔 코어i7-14세대 14700 (랩터레이크 리프레시) (벌크)
32103221,인텔 코어i9-14세대 14900 (랩터레이크 리프레시) (벌크 + 쿨러)
32103272,인텔 코어i9-14세대 14900F (랩터레이크 리프레시) (벌크 + 쿨러)
32103278,인텔 코어i9-14세대 14900F (랩터레이크 리프레시) (벌크)
32103329,인텔 코어i9-14세대 14900 (랩터레이크 리프레시) (벌크)
32156936,인텔 코어i7-14세대 14700F (랩터레이크 리프레시) (정품)
32444732,인텔 코어i9-14세대 14900T (랩터레이크 리프레시) (벌크)
32457785,인텔 코어i7-14세대 14700T (랩터레이크 리프레시) (벌크)
32463899,인텔 코어i5-14세대 14500T (랩터레이크 리프레시) (벌크)
32464280,인텔 코어i3-14세대 14100T (랩터레이크 리프레시) (벌크)
3412420,인텔 코어i5-6세대 6500 (스카이레이크) (벌크 + 쿨러)
3412421,인텔 코어i5-6세대 6500 (스카이레이크) (벌크)
3412423,인텔 코어i5-6세대 6600 (스카이레이크) (벌크 + 쿨러)
3412424,인텔 코어i5-6세대 6600 (스카이레이크) (벌크)
3412425,인텔 코어i7-6세대 6700 (스카이레이크) (벌크 + 쿨러)
3412426,인텔 코어i7-6세대 6700 (스카이레이크) (벌크)
34336130,AMD 라이젠5-5세대 8500G (피닉스) (정품)
34336475,AMD 라이젠5-5세대 8600G (피닉스) (정품)
34336865,AMD 라이젠7-4세대 5700X3D (버미어) (멀티팩 정품)
34337090,AMD 라이젠7-4세대 5700 (세잔) (멀티팩 정품)
34337192,AMD 라이젠5-4세대 5600GT (세잔) (정품)
34337198,AMD 라이젠5-4세대 5500GT (세잔) (정품)
3441763,인텔 코어i5-6세대 6400 (스카이레이크) (벌크 + 쿨러)
3441768,인텔 코어i5-6세대 6400 (스카이레이크) (벌크)
3444847,인텔 코어i7-6세대 6700K (스카이레이크) (벌크 + 쿨러)
3444848,인텔 코어i7-6세대 6700K (스카이레이크) (벌크)
3471458,인텔 코어i3-6세대 6100 (스카이레이크) (벌크 + 쿨러)
3471459,인텔 코어i3-6세대 6100 (스카이레이크) (벌크)
3493024,인텔 펜티엄 G4400 (스카이레이크) (벌크)
3493026,인텔 펜티엄 G4400 (스카이레이크) (벌크 + 쿨러)
3493032,인텔 코어i3-6세대 6300 (스카이레이크) (벌크)
3493040,인텔 코어i5-6세대 6600K (스카이레이크) (벌크)
3493041,인텔 코어i5-6세대 6600K (스카이레이크) (벌크 + 쿨러)
3493081,인텔 코어i3-6세대 6320 (스카이레이크) (벌크)
35223638,인텔 제온 w7-3465X (사파이어 래피드) (벌크)
35224169,인텔 제온 w5-3435X (사파이어 래피드) (벌크)
35224235,인텔 제온 w5-2465X (사파이어 래피드) (벌크)
35230202,인텔 코어i7-14세대 14700F (랩터레이크 리프레시) (벌크 + 쿨러)
35230379,인텔 코어i7-14세대 14700F (랩터레이크 리프레시) (벌크)
38452358,인텔 프로세서 300 (랩터레이크 리프레시) (벌크)
38452403,인텔 프로세서 300 (랩터레이크 리프레시) (벌크 + 쿨러)
3980286,인텔 셀러론 G3900 (스카이레이크) (벌크)
4033502,인텔 셀러론 G3900 (스카이레이크) (벌크 + 쿨러)
40895423,인텔 코어i9-14세대 14900KS (랩터레이크 리프레시) (정품)
4143775,인텔 코어i7-6세대 6700K (스카이레이크) (중고)
4143852,인텔 코어i5-3세대 3570 (아이비브릿지) (중고)
4143917,AMD FX 8300 (비쉐라) (중고)
4143949,인텔 코어i5-4세대 4690 (하스웰 리프레시) (중고)
4143967,인텔 코어i5-4세대 4690K (데빌스캐년) (중고)
4144083,인텔 펜티엄 E6700 (울프데일) (중고)
4144131,인텔 코어i5-1세대 760 (린필드) (중고)
4144198,인텔 코어i5-2세대 2500 (샌디브릿지) (중고)
4144246,인텔 코어i5-2세대 2500K (샌디브릿지) (중고)
4144290,인텔 코어2듀오 E8400 (울프데일) (중고)
4144446,인텔 코어i7-1세대 870 (린필드) (중고)
4144483,인텔 코어2쿼드 Q8400 (요크필드) (중고)
4144494,인텔 코어2쿼드 Q9550 (요크필드) (중고)
4144546,인텔 코어i5-1세대 750 (린필드) (중고)
4144570,인텔 코어i3-2세대 2120 (샌디브릿지) (중고)
4144594,인텔 코어2쿼드 Q6600 (켄츠필드) (중고)
4145605,인텔 코어i3-3세대 3220 (아이비브릿지) (중고)
4146048,인텔 코어i7-3세대 3770K (아이비브릿지) (중고)
4146391,인텔 코어i3-1세대 550 (클락데일) (중고)
4147079,인텔 코어i5-1세대 650 (클락데일) (중고)
4147168,인텔 코어2듀오 E7500 (울프데일) (중고)
4147647,인텔 코어i3-2세대 2100 (샌디브릿지) (중고)
4147680,인텔 코어i7-2세대 2600 (샌디브릿지) (중고)
4147789,인텔 펜티엄 E5300 (울프데일) (중고)
4147874,인텔 펜티엄 E6600 (울프데일) (중고)
4147997,인텔 펜티엄 E2180 (콘로) (중고)
4148123,인텔 펜티엄 E6500 (울프데일) (중고)
4148188,인텔 코어i3-1세대 540 (클락데일) (중고)
4148262,인텔 펜티엄 E5700 (울프데일) (중고)
4148284,인텔 코어2쿼드 Q9300 (요크필드) (중고)
4148407,인텔 펜티엄 E2160 (콘로) (중고)
4197696,인텔 코어i3-6세대 6100 (스카이레이크) (중고)
4197698,인텔 코어i3-4세대 4130 (하스웰) (중고)
4274836,인텔 코어i5-3세대 3550 (아이비브릿지) (중고)
4281793,AMD 페넘II-X4 955 (데네브) (중고)
43523477,인텔 코어i7-14세대 14700F (랩터레이크 리프레시) (해외구매)
43523825,인텔 코어i7-14세대 14700 (랩터레이크 리프레시) (해외구매)
4370096,인텔 제온 E5-2630 v4 (브로드웰-EP) (정품)
4467073,"AMD 페넘II-X6 1055T (투반) (중고, 95W)"
4477154,인텔 코어i7-1세대 950 (블룸필드) (중고)
4485420,인텔 코어2쿼드 Q9500 (요크필드) (중고)
4504341,인텔 펜티엄 G620 (샌디브릿지) (중고)
4504388,인텔 코어i5-2세대 2400 (샌디브릿지) (중고)
4625789,인텔 코어i3-1세대 530 (클락데일) (중고)
4625861,인텔 펜티엄 G3260 (하스웰 리프레시) (중고)
46741085,AMD 라이젠 스레드리퍼 PRO 3975WX (캐슬 픽-W) (중고)
4766793,인텔 코어i5-4세대 4590 (하스웰 리프레시) (중고)
4766867,인텔 코어i5-4세대 4670 (하스웰) (중고)
47839244,AMD 라이젠7-4세대 5700X3D (버미어) (해외구매)
4797874,인텔 코어i7-6세대 6700K (스카이레이크) (해외구매)
4797889,인텔 코어i7-6세대 6700 (스카이레이크) (해외구매)
4797960,인텔 제온 E5-2680 v4 (브로드웰-EP) (해외구매)
4798034,인텔 코어i5-6세대 6600K (스카이레이크) (해외구매)
4820025,인텔 코어i3-7세대 7100 (카비레이크) (벌크)
4820379,인텔 코어i5-7세대 7600 (카비레이크) (벌크)
4820409,인텔 코어i5-7세대 7500 (카비레이크) (벌크)
4820418,인텔 코어i5-7세대 7400 (카비레이크) (벌크)
4820429,인텔 코어i7-7세대 7700 (카비레이크) (벌크)
4820435,인텔 코어i7-7세대 7700K (카비레이크) (벌크)
4866385,인텔 펜티엄 G4560 (카비레이크) (벌크)
4866397,인텔 펜티엄 G4560 (카비레이크) (벌크 + 쿨러)
4866420,인텔 코어i7-7세대 7700 (카비레이크) (벌크 + 쿨러)
4866526,인텔 코어i5-7세대 7500 (카비레이크) (벌크 + 쿨러)
4880955,인텔 코어i3-7세대 7100 (카비레이크) (벌크 + 쿨러)
4881012,인텔 코어i5-7세대 7400 (카비레이크) (벌크 + 쿨러)
4881161,인텔 셀러론 G3930 (카비레이크) (벌크 + 쿨러)
4881173,인텔 셀러론 G3930 (카비레이크) (벌크)
4905563,인텔 코어i5-4세대 4570 (하스웰) (중고)
4929101,AMD 라이젠7-1세대 1800X (서밋 릿지) (정품)
4954420,인텔 코어i3-4세대 4150 (하스웰 리프레시) (중고)
5132410,인텔 제온 E3-1225V6 (카비레이크) (정품)
5132462,인텔 제온 E3-1230V6 (카비레이크) (정품)
5132478,인텔 제온 E3-1240V6 (카비레이크) (정품)
5132511,인텔 제온 E3-1275V6 (카비레이크) (정품)
52062869,AMD 라이젠9-5세대 7950X3D (라파엘) (해외구매)
5221419,인텔 펜티엄 G4600 (카비레이크) (벌크)
5221454,인텔 코어i3-7세대 7320 (카비레이크) (벌크)
53626130,AMD 라이젠5-5세대 8400F (피닉스) (멀티팩 정품)
53779649,AMD 라이젠7-5세대 8700F (피닉스) (멀티팩 정품)
5401735,AMD 라이젠5-1세대 1500X (서밋 릿지) (해외구매)
5401751,AMD 라이젠5-1세대 1400 (서밋 릿지) (해외구매)
5402440,인텔 펜티엄 G4560 (카비레이크) (중고)
54218171,AMD 라이젠5-4세대 5500GT (세잔) (멀티팩 정품)
54323792,인텔 코어i9-9세대 9900K (커피레이크-R) (중고)
5448999,인텔 제온 스케일러블 골드 6152 (스카이레이크) (정품)
5449014,인텔 제온 스케일러블 골드 6148 (스카이레이크) (정품)
5449019,인텔 제온 스케일러블 골드 6142 (스카이레이크) (정품)
5449025,인텔 제온 스케일러블 골드 6140 (스카이레이크) (정품)
5449029,인텔 제온 스케일러블 골드 6138 (스카이레이크) (정품)
5449071,인텔 제온 스케일러블 골드 6134 (스카이레이크) (정품)
5449077,인텔 제온 스케일러블 골드 6130 (스카이레이크) (정품)
5449089,인텔 제온 스케일러블 골드 6128 (스카이레이크) (정품)
5449112,인텔 제온 스케일러블 골드 5122 (스카이레이크) (정품)
5449121,인텔 제온 스케일러블 골드 5120 (스카이레이크) (정품)
5449199,인텔 제온 스케일러블 실버 4116 (스카이레이크) (정품)
5449256,인텔 제온 스케일러블 실버 4114 (스카이레이크) (정품)
5449308,인텔 제온 스케일러블 브론즈 3104 (스카이레이크) (정품)
55089053,인텔 코어i5-14세대 14400F (랩터레이크 리프레시) (해외구매)
5530356,인텔 코어i5-8세대 8400 (커피레이크) (정품)
5565155,AMD 라이젠 스레드리퍼 1920X (화이트헤븐) (해외구매)
5565728,AMD 라이젠 스레드리퍼 1950X (화이트헤븐) (해외구매)
5565805,AMD 라이젠7-1세대 1700 (서밋 릿지) (해외구매)
5569026,인텔 코어i3-8세대 8100 (커피레이크) (벌크 + 쿨러)
5569040,인텔 코어i3-8세대 8100 (커피레이크) (벌크)
5569048,인텔 코어i7-8세대 8700K (커피레이크) (벌크)
5569056,인텔 코어i7-8세대 8700 (커피레이크) (벌크)
5582584,인텔 코어i3-7세대 7300T (카비레이크) (해외구매)
5614273,인텔 코어i5-8세대 8600K (커피레이크) (벌크)
5614286,인텔 코어i5-8세대 8600K (커피레이크) (벌크 + 쿨러)
5614305,인텔 코어i5-8세대 8400 (커피레이크) (벌크)
5614322,인텔 코어i5-8세대 8400 (커피레이크) (벌크 + 쿨러)
5623267,인텔 코어i7-8세대 8700K (커피레이크) (벌크 + 쿨러)
5627136,인텔 코어i7-8세대 8700 (커피레이크) (벌크 + 쿨러)
5651777,인텔 코어i7-8세대 8700K (커피레이크) (해외구매)
5651804,인텔 코어i3-7세대 7350K (카비레이크) (해외구매)
5678315,인텔 코어i3-4세대 4160 (하스웰 리프레시) (중고)
5683916,인텔 코어i5-6세대 6400 (스카이레이크) (중고)
5684847,인텔 코어i5-6세대 6500 (스카이레이크) (중고)
5686844,인텔 셀러론 G3900 (스카이레이크) (중고)
5714311,인텔 코어i7-6세대 6700 (스카이레이크) (중고)
5724026,인텔 코어i5-4세대 4460 (하스웰 리프레시) (중고)
57303941,인텔 코어i5-14세대 14500 (랩터레이크 리프레시) (해외구매)
57304250,AMD 라이젠5-5세대 8600G (피닉스) (해외구매)
5796940,인텔 코어i3-6세대 6300 (스카이레이크) (중고)
5850787,인텔 셀러론 G3930 (카비레이크) (해외구매)
58933169,AMD 라이젠7-5세대 8700G (피닉스) (멀티팩 정품)
5950783,인텔 코어i5-8세대 8500 (커피레이크) (벌크)
5950796,인텔 코어i5-8세대 8500 (커피레이크) (벌크 + 쿨러)
60167690,AMD 라이젠5-4세대 5600GT (세잔) (멀티팩 정품)
60170150,AMD 라이젠5-5세대 8500G (피닉스) (멀티팩 정품)
60170204,AMD 라이젠5-5세대 8600G (피닉스) (멀티팩 정품)
6057505,인텔 펜티엄 골드 G5400 (커피레이크) (벌크)
6057556,인텔 셀러론 G4900 (커피레이크) (벌크)
6060229,인텔 펜티엄 골드 G5400 (커피레이크) (벌크 + 쿨러)
6060282,인텔 셀러론 G4900 (커피레이크) (벌크 + 쿨러)
6069606,인텔 코어i5-8세대 8600 (커피레이크) (벌크 + 쿨러)
6069609,인텔 코어i5-8세대 8600 (커피레이크) (벌크)
6112498,인텔 코어i3-4세대 4170 (하스웰 리프레시) (중고)
6112499,인텔 코어i3-4세대 4330 (하스웰) (중고)
6112504,인텔 코어i3-4세대 4360 (하스웰 리프레시) (중고)
6112509,인텔 코어i3-4세대 4370 (하스웰 리프레시) (중고)
6112513,인텔 코어i5-4세대 4430 (하스웰) (중고)
6112514,인텔 코어i5-4세대 4440 (하스웰) (중고)
6112593,인텔 코어i5-4세대 4670K (하스웰) (중고)
6112678,인텔 코어i7-4세대 4770K (하스웰) (중고)
6112690,인텔 코어i7-4세대 4770 (하스웰) (중고)
6112722,인텔 코어i7-4세대 4790 (하스웰 리프레시) (중고)
6112865,인텔 코어i7-4세대 4790K (데빌스캐년) (중고)
6112877,인텔 셀러론 G1820 (하스웰) (중고)
6112894,인텔 셀러론 G1830 (하스웰) (중고)
6112916,인텔 셀러론 G1840 (하스웰 리프레시) (중고)
6112926,인텔 셀러론 G1850 (하스웰 리프레시) (중고)
6112933,인텔 펜티엄 G3220 (하스웰) (중고)
6112992,인텔 펜티엄 G3240 (하스웰 리프레시) (중고)
6112998,인텔 펜티엄 G3250 (하스웰 리프레시) (중고)
6113009,인텔 펜티엄 G3258 (하스웰) (중고)
6113054,인텔 펜티엄 G3420 (하스웰) (중고)
6113075,인텔 펜티엄 G3450 (하스웰 리프레시) (중고)
6113141,인텔 펜티엄 G3460 (하스웰 리프레시) (중고)
6113173,인텔 펜티엄 G3470 (하스웰 리프레시) (중고)
61819028,AMD 라이젠7-5세대 8700G (피닉스) (해외구매)
62159114,인텔 코어i3-14세대 14100F (랩터레이크 리프레시) (해외구매)
62159201,인텔 코어i3-14세대 14100 (랩터레이크 리프레시) (해외구매)
62159357,AMD 라이젠5-5세대 8500G (피닉스) (해외구매)
62159663,인텔 코어i5-14세대 14400 (랩터레이크 리프레시) (해외구매)
62165036,AMD 라이젠9-4세대 5900XT (버미어) (정품)
62174876,AMD 라이젠 스레드리퍼 PRO 5955WX (샤갈 프로) (해외구매)
62175011,AMD 라이젠 스레드리퍼 PRO 7995WX (스톰 픽) (해외구매)
62175056,AMD 라이젠 스레드리퍼 PRO 7975WX (스톰 픽) (해외구매)
62653715,AMD 라이젠7-6세대 9700X (그래니트 릿지) (정품)
62794079,AMD 라이젠5-6세대 9600X (그래니트 릿지) (멀티팩 정품)
62794082,AMD 라이젠7-6세대 9700X (그래니트 릿지) (멀티팩 정품)
63032399,인텔 코어i9-14세대 14900KS (랩터레이크 리프레시) (벌크)
63139097,AMD 라이젠9-6세대 9900X (그래니트 릿지) (정품)
63139115,AMD 라이젠9-6세대 9950X (그래니트 릿지) (정품)
63140387,AMD 라이젠9-6세대 9900X (그래니트 릿지) (멀티팩 정품)
63140417,AMD 라이젠9-6세대 9950X (그래니트 릿지) (멀티팩 정품)
6333162,AMD 라이젠5-2세대 2600 (피나클 릿지) (해외구매)
6333353,AMD 라이젠7-2세대 2700X (피나클 릿지) (해외구매)
63471680,인텔 제온 스케일러블 실버 4110 (스카이레이크) (중고)
64296464,AMD 라이젠 스레드리퍼 PRO 5955WX (샤갈 프로) (벌크 병행)
64465301,인텔 코어i5-9세대 9600KF (커피레이크-R) (중고)
64465427,인텔 코어i9-14세대 14900KS (랩터레이크 리프레시) (해외구매)
64465532,AMD 라이젠5-4세대 5500 (세잔) (중고)
64465697,인텔 코어i5-11세대 11400F (로켓레이크S) (중고)
6491328,AMD 라이젠7-1세대 1700 (서밋 릿지) (중고)
6515580,인텔 코어i9-9세대 9900K (커피레이크-R) (정품)
6557909,인텔 코어i5-9세대 9600K (커피레이크-R) (병행수입 박스)
6566789,인텔 코어i9-9세대 9900K (커피레이크-R) (병행수입 박스)
6581236,인텔 코어i7-9세대 9700K (커피레이크-R) (벌크)
6581257,인텔 코어i7-9세대 9700K (커피레이크-R) (벌크 + 쿨러)
6582121,인텔 코어i9-9세대 9900K (커피레이크-R) (벌크)
6582216,인텔 코어i5-9세대 9600K (커피레이크-R) (벌크)
65921006,AMD 라이젠5-6세대 9600X (그래니트 릿지) (해외구매)
6654427,인텔 코어i9-9세대 9900K (커피레이크-R) (벌크 + 쿨러)
6705214,인텔 코어i5-9세대 9600K (커피레이크-R) (벌크 + 쿨러)
6746998,인텔 코어X-시리즈 i7-9800X (스카이레이크) (정품)
67581395,AMD 라이젠9-6세대 9900X (그래니트 릿지) (해외구매)
686511,인텔 코어2쿼드 Q6600 (켄츠필드) (벌크)
69059459,인텔 코어 울트라9 시리즈2 285K (애로우레이크) (정품)
69059687,인텔 코어 울트라7 시리즈2 265K (애로우레이크) (정품)
69059723,인텔 코어 울트라7 시리즈2 265KF (애로우레이크) (정품)
69059753,인텔 코어 울트라5 시리즈2 245K (애로우레이크) (정품)
69059771,인텔 코어 울트라5 시리즈2 245KF (애로우레이크) (정품)
6929425,인텔 코어X-시리즈 i9-9940X (스카이레이크) (정품)
70153127,인텔 제온 스케일러블 플래티넘 8568Y+ (에메랄드 래피드) (벌크)
70153370,인텔 제온 스케일러블 골드 6526Y (에메랄드 래피드) (벌크)
70254251,AMD 라이젠3-4세대 5300G (세잔) (멀티팩 정품)
70531547,AMD 라이젠7-6세대 9800X3D (그래니트 릿지) (멀티팩 정품)
70679912,AMD 라이젠7-6세대 9800X3D (그래니트 릿지) (정품)
7097410,인텔 코어i5-9세대 9400F (커피레이크-R) (벌크)
7097413,인텔 코어i5-9세대 9400F (커피레이크-R) (벌크 + 쿨러)
71161073,인텔 코어 울트라9 시리즈2 285K (애로우레이크) (벌크)
71161142,인텔 코어 울트라7 시리즈2 265K (애로우레이크) (벌크)
71161169,인텔 코어 울트라7 시리즈2 265KF (애로우레이크) (벌크)
71161229,인텔 코어 울트라5 시리즈2 245K (애로우레이크) (벌크)
71161580,인텔 코어 울트라5 시리즈2 245KF (애로우레이크) (벌크)
72593030,AMD 라이젠 스레드리퍼 7960X (스톰 픽) (멀티팩 정품)
72593054,AMD 라이젠 스레드리퍼 7970X (스톰 픽) (멀티팩 정품)
72593063,AMD 라이젠 스레드리퍼 7980X (스톰 픽) (멀티팩 정품)
72674036,AMD 라이젠 스레드리퍼 PRO 7955WX (스톰 픽) (멀티팩 정품)
72674039,AMD 라이젠 스레드리퍼 PRO 7955WX (스톰 픽) (정품)
7271803,인텔 제온 E 2146G (커피레이크) (정품)
7281580,인텔 코어i7-8세대 8700 (커피레이크) (해외구매)
74051159,AMD 라이젠5-4세대 5600XT (버미어) (멀티팩 정품)
74122559,인텔 코어 울트라9 시리즈2 285 (애로우레이크) (정품)
74122856,인텔 코어 울트라7 시리즈2 265 (애로우레이크) (정품)
74122937,인텔 코어 울트라7 시리즈2 265F (애로우레이크) (정품)
74123036,인텔 코어 울트라5 시리즈2 235 (애로우레이크) (정품)
74123084,인텔 코어 울트라5 시리즈2 225 (애로우레이크) (정품)
74123111,인텔 코어 울트라5 시리즈2 225F (애로우레이크) (정품)
7466113,인텔 펜티엄 G4400 (스카이레이크) (중고)
7466587,인텔 코어i3-6세대 6320 (스카이레이크) (중고)
7467193,인텔 펜티엄 G4500 (스카이레이크) (중고)
7468279,인텔 코어i5-6세대 6600K (스카이레이크) (중고)
7468294,인텔 코어i5-6세대 6600 (스카이레이크) (중고)
7485922,인텔 펜티엄 G4520 (스카이레이크) (중고)
7486156,인텔 코어i7-9세대 9700K (커피레이크-R) (해외구매)
7486969,인텔 코어i9-9세대 9900K (커피레이크-R) (해외구매)
7487428,인텔 코어i5-9세대 9400F (커피레이크-R) (해외구매)
7517686,인텔 코어i7-9세대 9700KF (커피레이크-R) (정품)
7559767,인텔 코어i9-9세대 9900KF (커피레이크-R) (정품)
7565248,인텔 코어i5-9세대 9600KF (커피레이크-R) (정품)
75936140,AMD 라이젠5-3세대 3500 (마티스) (중고)
76071515,인텔 제온 스케일러블 브론즈 3206R (캐스케이드레이크) (중고)
76071533,인텔 제온 스케일러블 실버 4208 (캐스케이드레이크) (중고)
76465280,AMD 라이젠5-6세대 9600 (그래니트 릿지) (멀티팩 정품)
76555634,인텔 코어i5-14세대 14400F (랩터레이크 리프레시) (밸류팩 정품)
76555685,인텔 코어i5-14세대 14600KF (랩터레이크 리프레시) (밸류팩 정품)
76791428,인텔 코어 울트라5 시리즈2 225F (애로우레이크) (벌크)
76791686,AMD 라이젠5-6세대 9600X (그래니트 릿지) (벌크 병행)
77015228,AMD 라이젠9-6세대 9950X (그래니트 릿지) (벌크 병행)
77624045,AMD 라이젠5-6세대 9600 (그래니트 릿지) (벌크 정품)
77790890,AMD 라이젠9-6세대 9900X3D (그래니트 릿지) (멀티팩 정품)
77790914,AMD 라이젠9-6세대 9950X3D (그래니트 릿지) (멀티팩 정품)
77790917,AMD 라이젠9-6세대 9950X3D (그래니트 릿지) (정품)
7812055,인텔 코어i3-7세대 7320 (카비레이크) (중고)
7812139,인텔 코어i5-7세대 7600K (카비레이크) (중고)
7812271,인텔 코어i3-7세대 7300 (카비레이크) (중고)
78240305,AMD 라이젠7-6세대 9700X (그래니트 릿지) (벌크 병행)
78387080,인텔 코어 울트라9 시리즈2 285 (애로우레이크) (벌크 + 쿨러)
78387125,인텔 코어 울트라9 시리즈2 285 (애로우레이크) (벌크)
78387320,인텔 코어 울트라7 시리즈2 265F (애로우레이크) (벌크)
78387425,인텔 코어 울트라7 시리즈2 265F (애로우레이크) (벌크 + 쿨러)
7892752,인텔 코어i7-9세대 9700KF (커피레이크-R) (병행수입 박스)
7892785,인텔 코어i7-9세대 9700KF (커피레이크-R) (벌크 + 쿨러)
7892803,인텔 코어i7-9세대 9700KF (커피레이크-R) (벌크)
7892839,인텔 코어i5-9세대 9600KF (커피레이크-R) (병행수입 박스)
7892848,인텔 코어i5-9세대 9600KF (커피레이크-R) (벌크 + 쿨러)
7892860,인텔 코어i5-9세대 9600KF (커피레이크-R) (벌크)
7892953,인텔 코어i9-9세대 9900KF (커피레이크-R) (벌크 + 쿨러)
7892971,인텔 코어i9-9세대 9900KF (커피레이크-R) (벌크)
7893010,인텔 코어i3-8세대 8100 (커피레이크) (해외구매)
7893088,인텔 코어i5-8세대 8400 (커피레이크) (해외구매)
7893301,인텔 코어i5-9세대 9600K (커피레이크-R) (해외구매)
7893412,인텔 코어i5-8세대 8600K (커피레이크) (해외구매)
7893442,인텔 코어i7-9세대 9700K (커피레이크-R) (중고)
7893472,인텔 펜티엄 골드 G5400 (커피레이크) (중고)
7893568,인텔 셀러론 G4900 (커피레이크) (해외구매)
7893865,인텔 코어i3-8세대 8350K (커피레이크) (해외구매)
7893904,인텔 코어i5-9세대 9400F (커피레이크-R) (중고)
7894279,인텔 코어i5-7세대 7500 (카비레이크) (해외구매)
7894294,인텔 코어i5-7세대 7500 (카비레이크) (중고)
7894351,인텔 코어i3-7세대 7100 (카비레이크) (중고)
7894441,인텔 코어i3-7세대 7100 (카비레이크) (해외구매)
7894522,인텔 셀러론 G3930 (카비레이크) (중고)
7894645,인텔 펜티엄 G4560 (카비레이크) (해외구매)
7895092,인텔 코어i5-6세대 6500 (스카이레이크) (해외구매)
7897870,인텔 코어i7-7세대 7700K (카비레이크) (중고)
7897924,인텔 코어i7-7세대 7700K (카비레이크) (해외구매)
7897948,인텔 펜티엄 G4600 (카비레이크) (중고)
7897969,인텔 펜티엄 G4600 (카비레이크) (해외구매)
7898029,인텔 셀러론 G3950 (카비레이크) (중고)
7898065,인텔 셀러론 G3950 (카비레이크) (해외구매)
7898119,인텔 코어i5-7세대 7600K (카비레이크) (해외구매)
7898143,인텔 코어i7-7세대 7700 (카비레이크) (중고)
7898188,인텔 코어i7-7세대 7700 (카비레이크) (해외구매)
7898218,인텔 코어i5-7세대 7400 (카비레이크) (중고)
7898239,인텔 코어i5-7세대 7400 (카비레이크) (해외구매)
7898380,인텔 코어i5-7세대 7600 (카비레이크) (중고)
7898407,인텔 코어i5-7세대 7600 (카비레이크) (해외구매)
78999140,AMD 라이젠9-6세대 9900X (그래니트 릿지) (벌크 병행)
78999344,AMD 라이젠9-6세대 9900X3D (그래니트 릿지) (해외구매)
79112576,AMD 라이젠5-5세대 7500F (라파엘) (벌크 정품)
7914022,인텔 코어i5-4세대 4670 + H81 패키지 (중고)
7914157,인텔 코어i5-4세대 4690 + H81 패키지 (중고)
7914325,인텔 코어i5-6세대 6500 + H110 패키지 (중고)
7914409,인텔 코어i5-6세대 6600 + H110 패키지 (중고)
7914736,인텔 코어i3-9세대 9100F (커피레이크-R) (정품)
7914745,인텔 코어i3-9세대 9100F (커피레이크-R) (벌크 + 쿨러)
7914757,인텔 코어i3-9세대 9100F (커피레이크-R) (벌크)
79251527,AMD 라이젠9-6세대 9950X3D (그래니트 릿지) (해외구매)
79254470,AMD 라이젠5-4세대 5600G (세잔) (벌크 병행)
79254761,AMD 라이젠5-4세대 5600 (버미어) (벌크 병행)
79256144,AMD 라이젠7-5세대 7800X3D (라파엘) (벌크 병행)
79404794,인텔 코어 울트라5 시리즈2 235 (애로우레이크) (벌크)
8141410,AMD 라이젠5-1세대 1400 (서밋 릿지) (중고)
8350983,인텔 코어i5-9세대 9500F (커피레이크-R) (벌크)
8351067,인텔 코어i5-9세대 9500F (커피레이크-R) (벌크 + 쿨러)
8372001,인텔 코어i7-9세대 9700F (커피레이크-R) (벌크)
8372031,인텔 코어i7-9세대 9700F (커피레이크-R) (벌크 + 쿨러)
8457111,AMD 라이젠9-3세대 3900X (마티스) (정품)
8459781,AMD 라이젠7-3세대 3800X (마티스) (정품)
8460291,AMD 라이젠3-2세대 3200G (피카소) (정품)
8650784,인텔 코어i7-9세대 9700 (커피레이크-R) (벌크 + 쿨러)
8650856,인텔 코어i7-9세대 9700 (커피레이크-R) (벌크)
89606675,AMD 라이젠5-5세대 7600 (라파엘) (벌크 정품)
89607479,AMD EPYC 4584PX (라파엘) (멀티팩 정품)
90503792,AMD 라이젠5-5세대 8400F (피닉스) (벌크 병행)
90574562,AMD 라이젠7-5세대 8700F (피닉스) (해외구매)
90574808,AMD 라이젠5-5세대 8500G (피닉스) (벌크 병행)
91042817,AMD 라이젠7-6세대 9800X3D (그래니트 릿지) (벌크 병행)
92232578,인텔 제온 스케일러블 실버 4310 (아이스레이크) (병행수입)
92232689,인텔 제온 스케일러블 실버 4208 (캐스케이드레이크) (벌크)
92233121,AMD 라이젠7-6세대 9800X3D (그래니트 릿지) (해외구매)
92678627,AMD EPYC 4585PX (그라도) (멀티팩 정품)
92680568,AMD 라이젠5-4세대 5500GT (세잔) (벌크 병행)
9306381,인텔 제온 스케일러블 골드 6254 (캐스케이드레이크) (정품)
9306747,인텔 제온 스케일러블 골드 6252 (캐스케이드레이크) (정품)
9307443,인텔 제온 스케일러블 골드 6248 (캐스케이드레이크) (정품)
9307587,인텔 제온 스케일러블 골드 6242 (캐스케이드레이크) (정품)
9307653,인텔 제온 스케일러블 골드 6240 (캐스케이드레이크) (정품)
9307710,인텔 제온 스케일러블 골드 6238 (캐스케이드레이크) (정품)
9307737,인텔 제온 스케일러블 골드 6234 (캐스케이드레이크) (정품)
9308469,인텔 제온 스케일러블 골드 6230 (캐스케이드레이크) (정품)
9308574,인텔 제온 스케일러블 골드 5222 (캐스케이드레이크) (정품)
9308598,인텔 제온 스케일러블 골드 5220 (캐스케이드레이크) (정품)
9308658,인텔 제온 스케일러블 골드 5218 (캐스케이드레이크) (정품)
9308790,인텔 제온 스케일러블 실버 4216 (캐스케이드레이크) (정품)
9309276,인텔 제온 스케일러블 실버 4215 (캐스케이드레이크) (정품)
9309312,인텔 제온 스케일러블 실버 4214 (캐스케이드레이크) (정품)
9309339,인텔 제온 스케일러블 실버 4210 (캐스케이드레이크) (정품)
9309363,인텔 제온 스케일러블 실버 4208 (캐스케이드레이크) (정품)
9309411,인텔 제온 스케일러블 브론즈 3204 (캐스케이드레이크) (정품)
93499739,인텔 코어 울트라5 시리즈2 225 (애로우레이크) (벌크)
93500243,인텔 코어 울트라5 시리즈2 245 (애로우레이크) (벌크)
93566690,AMD 라이젠7-6세대 9700X (그래니트 릿지) (해외구매)
93631667,AMD 라이젠9-6세대 9950X (그래니트 릿지) (해외구매)
9374721,AMD 라이젠9-3세대 3900X (마티스) (멀티팩 정품)
93912275,AMD 라이젠9-5세대 7900 (라파엘) (벌크 정품)
9421629,AMD 라이젠7-3세대 3700X (마티스) (멀티팩 정품)
94690457,AMD 라이젠 스레드리퍼 PRO 9995WX (시마다 픽) (멀티팩 정품)
94690649,AMD 라이젠 스레드리퍼 PRO 9985WX (시마다 픽) (멀티팩 정품)
94690814,AMD 라이젠 스레드리퍼 PRO 9975WX (시마다 픽) (멀티팩 정품)
94690922,AMD 라이젠 스레드리퍼 PRO 9965WX (시마다 픽) (멀티팩 정품)
94691237,AMD 라이젠 스레드리퍼 PRO 9955WX (시마다 픽) (멀티팩 정품)
94932239,AMD 라이젠 스레드리퍼 9980X (시마다 픽) (멀티팩 정품)
94932554,AMD 라이젠 스레드리퍼 9970X (시마다 픽) (멀티팩 정품)
94932623,AMD 라이젠 스레드리퍼 9960X (시마다 픽) (멀티팩 정품)
95283947,AMD 라이젠5-4세대 5600GT (세잔) (벌크 병행)
9641994,인텔 셀러론 G4930 (커피레이크-R) (벌크)
9642015,인텔 셀러론 G4930 (커피레이크-R) (벌크 + 쿨러)
9652455,인텔 제온 E 2224 (커피레이크-R) (정품)
9652536,인텔 제온 E 2224G (커피레이크-R) (정품)
9652695,인텔 제온 E 2234 (커피레이크-R) (정품)
96583643,인텔 코어 울트라9 시리즈2 285T (애로우레이크) (벌크)
96583772,인텔 코어 울트라7 시리즈2 265 (애로우레이크) (벌크)
96583820,인텔 코어 울트라7 시리즈2 265 (애로우레이크) (벌크 + 쿨러)
96584015,인텔 코어 울트라7 시리즈2 265T (애로우레이크) (벌크)
96584405,인텔 코어 울트라5 시리즈2 235T (애로우레이크) (벌크)
96584438,인텔 코어 울트라5 시리즈2 225T (애로우레이크) (벌크)
9736752,AMD EPYC 7302 (롬) (정품)
9736764,AMD EPYC 7302P (롬) (정품)
977018,인텔 펜티엄 E6300 (울프데일) (중고)
97704881,AMD 라이젠5-6세대 9500F (그래니트 릿지) (멀티팩 정품)
97705022,AMD 라이젠5-6세대 9500F (그래니트 릿지) (벌크 정품)
97705163,AMD 라이젠5-5세대 7400 (라파엘) (멀티팩 정품)
97705271,AMD 라이젠5-5세대 7400 (라파엘) (벌크 정품)
97705328,AMD 라이젠5-5세대 7400F (라파엘) (멀티팩 정품)
98548877,AMD 라이젠5-5세대 7400F (라파엘) (해외구매)
99126977,AMD EPYC 7313 (밀라노) (벌크 병행)
99127040,AMD EPYC 7313P (밀라노) (벌크 병행)
99286724,AMD 라이젠5-6세대 9600X (그래니트 릿지) (벌크 정품)
99286751,AMD 라이젠7-6세대 9700X (그래니트 릿지) (벌크 정품)
9968202,AMD 애슬론 3000G (레이븐 릿지) (정품)
