상품코드,모델명,가격
97225226,레노버 LEGION 27U-10 4K UHD 320 IPS 67D1GAC1KR,가격비교예정
97225103,주연테크 V24F100 FHD 100 프리싱크 HDR 무결점,112000
97225091,주연테크 V24F100 FHD 100 프리싱크 HDR,107000
97224662,현대디지텍코어 LOGICA F27DH100 IPS 리얼 100 화이트 무결점,가격비교예정
97224650,현대디지텍코어 LOGICA F27DH100 IPS 리얼 100 화이트,가격비교예정
97224569,JKMENG M27G2Q QHD IPS REAL 240 게이밍 무결점,248000
97224461,크로스오버 27QD166C QHD iPS USB-C 화이트 Ai 무결점,167990
97224449,크로스오버 27QD166C QHD iPS USB-C 화이트 Ai,162640
97118876,알파스캔 AOC U32G4 게이밍 320 듀얼 모드 4K UHD HDR 400 무결점,599000
97118564,알파스캔 AOC U32V11 4K UHD 프리싱크 HDR 시력보호 무결점,359000
97118405,비트엠 Newsync X32GQ 165 커브드 1500R 게이밍 무결점,240750
97118393,비트엠 Newsync X32GQ 165 커브드 1500R 게이밍,235400
97118273,비트엠 Newsync B2414F 144 IPS 게이밍 화이트 무결점,99510
97118261,비트엠 Newsync B2414F 144 IPS 게이밍 화이트,97370
97113425,앱코 하이퍼뷰 27F144D IPS FHD 144 HDR 무결점,가격비교예정
97113386,앱코 하이퍼뷰 27F144D IPS FHD 144 HDR,가격비교예정
97112630,앱코 하이퍼뷰 24F165D IPS FHD 165 HDR 무결점,가격비교예정
97112579,앱코 하이퍼뷰 24F165D IPS FHD 165 HDR,가격비교예정
97112414,LG전자 울트라HD 32UR550K,399000
97111373,LG전자 울트라기어 32G600A,319000
97111214,LG전자 울트라기어 27G640A,579000
97108058,제이씨현 UDEA EDGE ED2434SS 유케어 IPS 홈엔터 144 무결점,93490
97108043,제이씨현 UDEA EDGE ED2434SS 유케어 IPS 홈엔터 144,87200
97108034,제이씨현 UDEA EDGE ED2434SC 유케어 IPS 홈엔터 144 무결점,104000
97108004,제이씨현 UDEA EDGE ED2434SC 유케어 IPS 홈엔터 144,99000
97107992,제이씨현 UDEA EDGE ED2434RA 유케어 IPS 홈엔터 144 무결점,103790
97107971,제이씨현 UDEA EDGE ED2434RA 유케어 IPS 홈엔터 144,99510
97107953,제이씨현 UDEA EDGE ED2434KC 유케어 IPS 홈엔터 144 무결점,104000
97107884,제이씨현 UDEA EDGE ED2434KC 유케어 IPS 홈엔터 144,99000
97107866,제이씨현 UDEA EDGE ED2434IT 유케어 IPS 홈엔터 144 무결점,가격비교예정
97107788,제이씨현 UDEA EDGE ED2434IT 유케어 IPS 홈엔터 144,가격비교예정
96987545,ASUS TUF Gaming VG32VQM5B,가격비교예정
96986927,ASUS ROG STRIX OLED XG32UCWG,가격비교예정
96986729,제이씨현 UDEA EDGE ED2434HF 유케어 IPS 홈엔터 144 무결점,가격비교예정
96986714,제이씨현 UDEA EDGE ED2434HF 유케어 IPS 홈엔터 144,가격비교예정
96986510,LG전자 울트라기어 27G411A,199000
96984695,LG전자 울트라기어 24G411A,168990
96984143,ASUS TUF Gaming VG27AQL5A (해외구매),496330
96984134,ASUS TUF Gaming VG27AQL5A,359000
96983948,DELL SE2425HG,159000
96979688,현대디지텍코어 LOGICA OFH3200DPV REAL 100 무결점,가격비교예정
96979664,현대디지텍코어 LOGICA OFH3200DPV REAL 100,가격비교예정
96979502,필립스 32E1N3500 QHD 100 IPS 보더리스 HDR 시력보호 무결점,279000
96979409,필립스 32E1N1800 4K UHD 보더리스 HDR 시력보호 스피커 무결점,368770
96979052,비트엠 Newsync 27Q2K QHD 패스트 IPS 240 게이밍 무결점,267500
96979037,비트엠 Newsync 27Q2K QHD 패스트 IPS 240 게이밍,262150
96977525,레노버 ThinkVision T27QD-40,332610
96977216,레노버 ThinkVision T24D-40,246400
96977117,레노버 ThinkVision E27-40,184930
96853130,삼성전자 뷰피니티 S6 S60D S32D600,347989
96852929,삼성전자 오디세이 OLED G6 S27FG600,1236356
96852653,삼성전자 에센셜 S3 S39GD S32D396,282486
96852128,한성컴퓨터 TFG24Q14P QHD IPS 144 게이밍 무결점,129000
96852119,한성컴퓨터 TFG24Q14P QHD IPS 144 게이밍,129000
96776891,비트엠 Newsync B279F ZERO HDR 화이트 무결점,113410
96776855,비트엠 Newsync B279F ZERO HDR 화이트,110200
96771902,쓰리윈즈 인터픽셀 IP3230 FHD IPS 100 아이케어 무결점,156220
96771893,쓰리윈즈 인터픽셀 IP3230 FHD IPS 100 아이케어,150870
96771716,레노버 LEGION 27QD-10 QHD 240 IPS 67D2UAC1KR,319000
96710738,ASUS TUF Gaming VG259QMRL5A,가격비교예정
96708905,MSI MAG 274UPDF700 E16M 듀얼모드 게이밍 4K AI Vision 무결점,634140
96708773,MSI MPG 274URDFW700 E16M 듀얼모드 게이밍 화이트 4K HDR1000 PD98W 무결점,600000
96708473,비트엠 Newsync X24FC 커브드 100 HDR 무결점,83450
96708452,비트엠 Newsync X24FC 커브드 100 HDR,80240
96707360,GIGABYTE M27UP UHD 게이밍 160,가격비교예정
96650186,크로스오버 듀얼뷰 2728UDP4K UHD 75 PD65 무결점,368890
96650180,크로스오버 듀얼뷰 2728UDP4K UHD 75 PD65,354130
96649634,크로스오버 185PF3 IPS TYPE-C 포터블 무결점,165000
96649622,크로스오버 185PF3 IPS TYPE-C 포터블,167890
96649436,BenQ ZOWIE XL2540X+ 게이밍 무결점,589520
96651539,픽셀아트 PIXELART PAU3211W 화이트 리얼 4K UHD HDR 무결점,246100
96584609,레노버 LEGION 27Q-11 QHD 300 IPS 67D3GAC1KR,299000
96581393,픽셀아트 PIXELART PAU3211W 화이트 리얼 4K UHD HDR,237530
96581096,픽셀아트 PIXELART PAQ3210W 화이트 QHD IPS 리얼 100 무결점,207570
96580634,픽셀아트 PIXELART PAQ3210W 화이트 QHD IPS 리얼 100,197940
96580523,픽셀아트 PIXELART PA3202W 화이트 HDR 200 게이밍 무결점,217200
96580508,픽셀아트 PIXELART PA3202W 화이트 HDR 200 게이밍,207570
96480515,삼성전자 에센셜 S3 S39GD LS27D390,208000
96479666,DELL SE2425HM IPS FHD 100,138030
96478967,프리플로우 Vuti24F14PQ QHD IPS 144 게이밍 무결점,159000
96478952,프리플로우 Vuti24F14PQ QHD IPS 144 게이밍,149000
96424667,쓰리윈즈 인터픽셀 IP2732 FHD IPS 100 아이케어 무결점,111280
96424646,쓰리윈즈 인터픽셀 IP2732 FHD IPS 100 아이케어,108070
96424550,쓰리윈즈 인터픽셀 IP2434 FHD IPS 100 아이케어 무결점,82390
96424535,쓰리윈즈 인터픽셀 IP2434 FHD IPS 100 아이케어,80250
96424463,제이씨현 UDEA LOOK LK2436NA 유케어 IPS 홈오피스 144 무결점,104000
96424409,제이씨현 UDEA LOOK LK2436NA 유케어 IPS 홈오피스 144,99000
96423407,MSI MAG 274QF X24 Rapid IPS 게이밍 WQHD 240 AI Vision 무결점,253110
96423329,MSI MAG 274QF Rapid IPS 게이밍 WQHD 180 AI Vision 무결점,216830
96313982,ASUS TUF Gaming VG279QM5A,268930
96313850,ASUS ProArt PA32QCV 6K HDR,2390000
96311000,알파스캔 3225UC 4K UHD IPS USB-C 도킹 허브 멀티스탠드 무결점,479000
96261422,DELL 에일리언웨어 AW2725D,849000
96260786,KOORUI 27E6QCA 무결점,198500
96260765,KOORUI 27E6QCA,174000
96259346,알파스캔 AOC 24B30H3 화이트 보더리스 IPS 120 시력보호 무결점,143370
96257663,레노버 LEGION 25-10 FHD 320 IPS 67D4GAC3KR,209000
96257396,제이씨현 UDEA LOOK LK2736PA 유케어 240 홈게임 무결점,139000
96257201,LG전자 24BP450S,225000
96426236,MSI MPG 272URX QD-OLED 240 4K UHD (해외구매),1901390
96060200,DELL 에일리언웨어 AW2525HM,329000
96057989,레노버 LEGION 24-10 FHD 240 IPS 68C4GAC4KR,179000
96056738,MSI MPG 272URX QD-OLED 240 4K UHD,1582970
95987177,LG전자 울트라기어 27GX700A,989530
95985902,한성컴퓨터 TFG27Q14P2 QHD IPS 144 게이밍 무결점,189000
95985887,한성컴퓨터 TFG27Q14P2 QHD IPS 144 게이밍,179000
95930873,DELL S3225QC,1449000
95928515,제우스랩 Z22P PRO 터치,353000
95927543,알파스캔 AOC 27G4H 게이밍 200 FAST IPS AI HDR 무결점,259000
95927225,프리플로우 Vuti27F14PQ QHD IPS 144 게이밍 무결점,189000
95927207,프리플로우 Vuti27F14PQ QHD IPS 144 게이밍,179000
95850362,LG전자 울트라와이드 49U950AW,1489950
95850014,LG전자 울트라HD 27U730A,429000
95849255,LG전자 울트라HD 40U990AW,1890000
95847179,LG전자 울트라와이드 34U530AW,403160
95523686,MSI MAG 321CQF700 E18 게이밍 WQHD 180 AI Vision 무결점,259000
95523419,필립스 27E1N2100AW 120 시력보호 4면 보더리스 스피커 화이트 무결점,163980
95523221,필립스 24E1N2100AW 120 시력보호 4면 보더리스 스피커 화이트 무결점,145490
95522966,ASUS TUF Gaming VG259Q5A,149000
95521451,삼성전자 오디세이 G7 G75F LS40FG750,1166758
95420624,ASUS TUF Gaming VG279Q5R,165850
95344535,LG전자 울트라와이드 29U511A,230510
95344457,LG전자 27U411A,171880
95344271,LG전자 24U411A,143500
95285144,DELL SE2225HM,124890
95284685,TCL 27G74 QD Mini LED,399000
95284502,TCL 32R84 QD Mini LED,899000
95284214,TCL 32G64 QD Mini LED,449000
95283986,TCL 27G64 QD Mini LED,349000
95204522,삼성전자 SMART M5 LS32FM502,299383
95204423,삼성전자 SMART M5 LS27FM502,251416
95201978,래안텍 PANTHEON FA2780CE 블랙 FHD IPS 180 무결점,134820
95201951,래안텍 PANTHEON FA2780CE 블랙 FHD IPS 180,128990
95201474,MSI MPG 274URDFW800 E16M 듀얼모드 게이밍 화이트 4K HDR1000 PD98W 무결점,634140
95057306,MSI MAG 274UPDF800 E16M 듀얼모드 게이밍 4K AI Vision 무결점,634140
95057129,비트엠 Newsync MX32QW 100 칼라풀 HDR 무결점,194490
95057114,비트엠 Newsync MX32QW 100 칼라풀 HDR,192370
94937906,레노버 L27-4e FHD 100 IPS 68CDKAC1KR,149000
94937750,삼성전자 SMART M7 M70F LS43FM700,549000
94937357,삼성전자 SMART OLED M9 LS32FM900,1820310
94937108,LG전자 22U401A,126000
94937051,MSI MAG 321CQF800 E18 게이밍 WQHD 180 AI Vision 무결점,244040
94933541,래안텍 PANTHEON F2775CE 프레임리스 FHD 75 무결점,105500
94933523,래안텍 PANTHEON F2775CE 프레임리스 FHD 75,104000
94933487,래안텍 PANTHEON F2476CE 프레임리스 FHD 75 무결점,75000
94933475,래안텍 PANTHEON F2476CE 프레임리스 FHD 75,75000
94887488,삼성전자 SMART M7 LS43FM702,520250
94886570,삼성전자 SMART M7 LS32FM702,454600
94885817,큐닉스그룹 QX24D REAL 100 IPS PRO 화이트 무결점,92700
94885793,큐닉스그룹 QX24D REAL 100 IPS PRO 화이트,89000
94885073,LG전자 울트라기어 34G600A,489000
94884746,LG전자 울트라HD 43U712A,639000
94883909,HP 오멘 32x UHD,898990
94813730,삼성전자 오디세이 G7 G75F LS37FG750,889170
94810739,레노버 LEGION 27Q-10 QHD 240 IPS 68C6GAC4KR,279000
94810640,레노버 LEGION 27-10 FHD 240 IPS 68C5GAC4KR,199000
94691333,타라엘씨디 T220FHTV IPS,149780
94566968,크로스오버 32UAW9 UHD4K 비비드 화이트 무결점,282600
94566959,크로스오버 32UAW9 UHD4K 비비드 화이트,273880
94523159,삼성전자 SMART M5 LS32FM503,279220
94523021,삼성전자 SMART M5 LS27FM503,258859
94522355,삼성전자 SMART M1 LS43FM1E3,521800
94519529,MSI MP275 E2 IPS 120 스피커내장 시력보호 무결점,153320
94518725,MSI MP242L650 IPS 100 시력보호 무결점,81340
94264532,와사비망고 Artview WUX240 HDMI 75,78320
94202357,ASUS ProArt PA27UCGE,1490000
94201520,주연테크 V27F100 FHD 100 프리싱크 HDR 무결점,132000
94201508,주연테크 V27F100 FHD 100 프리싱크 HDR,132000
94200884,앱코 27F540 프라임 FAST-IPS FHD HDR 무결점,689000
94200878,앱코 27F540 프라임 FAST-IPS FHD HDR,689000
94200410,비트엠 Newsync B2714F 144 IPS 게이밍 블랙 무결점,130700
94200383,비트엠 Newsync B2714F 144 IPS 게이밍 블랙,126490
94128515,삼성전자 SMART M5 M50F LS32FM500,310300
94128485,삼성전자 SMART M5 M50F LS32FM501,310300
94128383,삼성전자 SMART M5 M50F LS27FM501,267500
94126799,삼성전자 SMART M5 M50F LS27FM500,267500
94121567,LG전자 울트라HD 32U720A,399000
94086257,주연테크 V22F100 FHD 100 프리싱크 HDR 무결점,88990
94086236,주연테크 V22F100 FHD 100 프리싱크 HDR,85990
94081853,한성컴퓨터 TFG27U16PM2304Z Fast IPS QD Mini LED 듀얼모드 게이밍 무결점,649000
94081799,한성컴퓨터 TFG27U16PM2304Z Fast IPS QD Mini LED 듀얼모드 게이밍,629000
94025402,삼성전자 SMART M7 S32FM703U,469930
94024052,알파스캔 AOC Q27G11 게이밍 QHD 180 FAST IPS HDR 무결점,277120
93912953,비트엠 Newsync B160H 프리싱크 HDR PLUS 무결점,71890
93912905,비트엠 Newsync B160H 프리싱크 HDR PLUS,69890
93912557,래안텍 PANTHEON QA2760K QHD Fast IPS 게이밍 무결점,155800
93912545,래안텍 PANTHEON QA2760K QHD Fast IPS 게이밍,151200
93805457,삼성전자 SMART S43FM703,597170
93805304,삼성전자 SMART M8 S32FM803,762990
93805121,삼성전자 SMART OLED M9 S32FM902S,1865053
93803198,크로스오버 32QD100W IPS QHD White Color 무결점,219000
93803057,크로스오버 32QD100W IPS QHD White Color,218930
93701582,이그닉 플루이드 프로 Q27S300 QHD 300 Fast IPS 피벗,369000
93631298,알파스캔 AOC Q27G40 QD-Mini LED 180 HDR 1000 무결점,429800
93630344,ASUS ZenScreen Fold OLED MQ17QH,3533140
93630050,픽셀아트 PIXELART PA3242IPS IPS 게이밍 100 무결점,156000
93630032,픽셀아트 PIXELART PA3242IPS IPS 게이밍 100,156000
93629885,픽셀아트 PIXELART PA2742IPS IPS 게이밍 120 무결점,119000
93629846,픽셀아트 PIXELART PA2742IPS IPS 게이밍 120,115620
93629489,픽셀아트 PIXELART PA2442IPS IPS 게이밍 120 무결점,91000
93629474,픽셀아트 PIXELART PA2442IPS IPS 게이밍 120,88270
93629396,픽셀아트 PIXELART PA3241F 아이케어 100 무결점,154000
93629387,픽셀아트 PIXELART PA3241F 아이케어 100,153500
93629207,픽셀아트 PIXELART PA2741F 아이케어 120 무결점,114000
93629183,픽셀아트 PIXELART PA2741F 아이케어 120,110850
93628886,픽셀아트 PIXELART PA2441F 아이케어 120 무결점,87000
93628850,픽셀아트 PIXELART PA2441F 아이케어 120,84000
93565877,현대디지텍코어 LOGICA GFH2700IPS REAL 180 게이밍 화이트 무결점,140990
93565874,현대디지텍코어 LOGICA GFH2700IPS REAL 180 게이밍 화이트,146000
93565859,현대디지텍코어 LOGICA GFH2700IPS REAL 180 게이밍 블랙 무결점,140990
93565853,현대디지텍코어 LOGICA GFH2700IPS REAL 180 게이밍 블랙,142990
93565475,현대디지텍코어 LOGICA U2726 무결점,105990
93565460,현대디지텍코어 LOGICA U2726,105990
93565235,현대디지텍코어 LOGICA U2426 무결점,80240
93565223,현대디지텍코어 LOGICA U2426,80240
93498116,MSI MAG 272URDF700 E16 듀얼모드 게이밍 4K AI Vision 무결점,488000
93446090,DELL E2425HSM,169000
93445955,삼성전자 뷰피니티 S6 S61F S27F614,285130
93445814,삼성전자 SMART M1 S32DM1E3,388830
93444647,삼성전자 에센셜 S3 S30GD S24D304G,123170
93443681,필립스 에브니아 32M2N8900 UHD OLED 240 게이밍 USB-C 화이트 무결점,1488370
93385889,MSI MAG 346CQ700 게이밍 UWQHD 180 Ai Vision 무결점,338870
93385682,MSI MAG 322URDF700 E16 듀얼모드 게이밍 4K AI Vision 무결점,733760
93385484,대성글로벌코리아 VSO321Q 무결점,188000
93385472,대성글로벌코리아 VSO321Q,178000
93385355,MSI MAG 272URDF800 E16 듀얼모드 게이밍 4K AI Vision 무결점,442410
93384962,ASUS ROG STRIX XG32UCG (해외구매),915300
93384941,ASUS ROG STRIX XG32UCG 4K UHD Fast IPS 게이밍,688100
93382346,LG전자 스마트 43SQ720SW,571430
93318323,삼성전자 SMART M7 S32FM700,414630
93181043,DELL E2425HM,159000
93179480,LG전자 울트라기어 39GX900A,1389100
93179432,LG전자 울트라기어 34GX900A,1089700
93176384,크로스오버 24F200G IPS FHD 리얼 게이밍 무결점,107990
93176378,크로스오버 24F200G IPS FHD 리얼 게이밍,104780
93175895,MSI MAG 322URDF800 E16 듀얼모드 게이밍 4K AI Vision 무결점,724870
93074108,비트엠 Newsync P34LGQ 패스트 165 나노 IPS HDR 화이트 무결점,328960
93074099,비트엠 Newsync P34LGQ 패스트 165 나노 IPS HDR 화이트,314640
93072914,크로스오버 27QA955 Fast-iPS 200 WQHD 화이트 게이밍 멀티스탠드 Ai 무결점,283500
93072896,크로스오버 27QA955 Fast-iPS 200 WQHD 화이트 게이밍 멀티스탠드 Ai,273880
93072572,알파스캔 AOC 27G11 게이밍 240 FAST IPS HDR 무결점,249000
93072440,알파스캔 AOC 24G11 게이밍 240 FAST IPS HDR 무결점,206880
93021269,삼성전자 SMART M7 S32FM701,417240
93020726,ASUS ROG STRIX OLED XG27AQDPG QHD 500 게이밍,2499000
93017054,ASUS ROG STRIX OLED XG27ACDMS QHD 280 게이밍,746900
93016850,ASUS ROG STRIX XG259CS FHD Fast IPS 180 게이밍,199000
93016238,삼성전자 SMART M7 LS43FM701,539000
93015956,네모아이엔지 스퀠뷰 GM27G77 Fast-IPS 200 게이밍 화이트 무결점,168990
93015893,네모아이엔지 스퀠뷰 GM27G77 Fast-IPS 200 게이밍 화이트,158990
92970914,DELL E2225HM,122900
92966336,비트엠 Newsync B2714F 144 IPS 게이밍 화이트 무결점,135650
92966297,비트엠 Newsync B2714F 144 IPS 게이밍 화이트,130370
92966090,비트엠 Newsync B2414F 144 IPS 게이밍 블랙 무결점,99510
92966069,비트엠 Newsync B2414F 144 IPS 게이밍 블랙,97370
96984059,ASUS ROG STRIX XG259QNS (해외구매),459800
95928305,ASUS ROG STRIX XG279CNS (해외구매),600600
92892782,네모아이엔지 스퀠뷰 IM24T77 IPS 100 슬림 오피스 무결점,82000
92892776,네모아이엔지 스퀠뷰 IM24T77 IPS 100 슬림 오피스,79000
92891591,ASUS ROG STRIX XG259QNS 인텍앤컴퍼니,598940
92891525,ASUS ROG STRIX XG279CNS 인텍앤컴퍼니,439000
92891333,ASUS ROG STRIX XG259QNS-W 인텍앤컴퍼니,598940
92891099,ASUS VA279QGS,239000
92890913,ASUS TUF Gaming VG34VQL3A (해외구매),509300
92890901,ASUS TUF Gaming VG34VQL3A 인텍앤컴퍼니,269000
92759924,알파스캔 콘퀘스트 27Q50GN 게이밍 IPS 180 프리싱크 무결점,289000
92679032,쓰리윈즈 인터픽셀 IPQ3245 PLUS QHD FAST VA 180 커브드 게이밍 무결점,283540
92679011,쓰리윈즈 인터픽셀 IPQ3245 PLUS QHD FAST VA 180 커브드 게이밍,264280
92677889,크로스오버 27RTX9 Fast-TN WQHD 게이밍 피벗 멀티스탠드 무결점,172090
92677877,크로스오버 27RTX9 Fast-TN WQHD 게이밍 피벗 멀티스탠드,165600
92631002,주연테크 긱스타 G27Q180 게이밍 Fast IPS 180 프리싱크 HDR 무결점,219000
92630987,주연테크 긱스타 G27Q180 게이밍 Fast IPS 180 프리싱크 HDR,209000
92630876,비트엠 Newsync 324QHD 패스트 180 IPS 게이밍 멀티스탠드 무결점,266040
92630849,비트엠 Newsync 324QHD 패스트 180 IPS 게이밍 멀티스탠드,258960
92625560,레노버 D19-10 CCTV 무결점 61E0KAR6WW,129000
92360933,비트엠 ECO X2477LGF IPS HDR 무결점,74900
92360915,비트엠 ECO X2477LGF IPS HDR,69960
92359976,쓰리윈즈 인터픽셀 IPQ2726 QHD IPS 100 화이트 무결점,159000
92359961,쓰리윈즈 인터픽셀 IPQ2726 QHD IPS 100 화이트,149000
92359115,크로스오버 34WG165Hz CURVED R1500 400 White 게이밍 무결점,278000
92359094,크로스오버 34WG165Hz CURVED R1500 400 White 게이밍,278870
92236829,대성글로벌코리아 Etroy VSG3288F 리얼180 게이밍 무결점,195000
92236811,대성글로벌코리아 Etroy VSG3288F 리얼180 게이밍,185000
92232557,비트엠 SMACO M2479LGF IPS HDR 무결점,72000
92232539,비트엠 SMACO M2479LGF IPS HDR,72000
92232521,비트엠 Newsync P2477LGF IPS HDR 무결점,70990
92232509,비트엠 Newsync P2477LGF IPS HDR,70000
92189972,DELL P6524QT,4280000
93502313,LG전자 울트라기어 45GX950A (해외구매),3801690
92154068,비엠텍씨앤씨 WELL 172LED CCTV 450 고휘도,200000
92154041,비엠텍씨앤씨 WELL 172LED CCTV 350 고휘도,190000
92149577,LG전자 울트라기어 45GX950A,2227190
92045771,HP Series 3 Pro 327pe,239000
92045039,HP 오멘 27 G2 Gaming,279000
92044646,빅트랙 32FM7501Q,178990
91910942,LG전자 스마트 37U730SAW,678680
91910009,비트엠 Newsync 320FW 패스트 200 FPS 화이트 무결점,200260
91909760,비트엠 Newsync 320FW 패스트 200 FPS 화이트,194820
91909613,비트엠 Newsync H34LGQ 나노IPS 120 게이밍 커브드 무결점,268700
91909592,비트엠 Newsync H34LGQ 나노IPS 120 게이밍 커브드,249000
91770503,알파스캔 애니웨어 16Q50P IPS USB-C 초경량 포터블 무결점,231220
91770488,알파스캔 애니웨어 16Q50P IPS USB-C 초경량 포터블,238000
91769420,LG전자 스마트 32U830SAW,672710
91766714,그린디스플레이 ECO GD271QHD IPS 무결점,130530
91766696,그린디스플레이 ECO GD271QHD IPS,126980
91637276,한성컴퓨터 TFG24F24PB Fast IPS FHD 240 게이밍 무결점,159000
91637267,한성컴퓨터 TFG24F24PB Fast IPS FHD 240 게이밍,149000
92107310,DELL 에일리언웨어 AW2725DM (해외구매),459050
92107298,DELL 에일리언웨어 AW3425DW (해외구매),1496390
91563101,HP Series 3 Pro 324pv,159000
91561199,비트엠 Newsync B2775LGQ 컬러풀 HDR 화이트 무결점,134810
91561160,비트엠 Newsync B2775LGQ 컬러풀 HDR 화이트,133980
91560233,DELL 에일리언웨어 AW3425DW,1199000
91560128,DELL 에일리언웨어 AW2725DM,398990
91496693,MSI MAG 346CQ800 게이밍 UWQHD 180 Ai Vision 무결점,334770
91496546,MSI MP275PG IPS 100 시력보호 피벗 무결점,153320
91496501,HP Series 5 Pro 534pm,879000
91496384,HP Series 5 Pro 527pm,649000
91496279,HP Series 5 Pro 524pm,529000
91495604,한성컴퓨터 TFG24F24P Fast IPS FHD 240 게이밍 무결점,159000
91495595,한성컴퓨터 TFG24F24P Fast IPS FHD 240 게이밍,149000
91426232,DELL S2725QC (해외구매),500580
91426229,DELL S2725QC,459000
91426223,비트엠 Newsync U270Q100 엣지 IPS HDR 무결점,135760
91426220,비트엠 Newsync U270Q100 엣지 IPS HDR,130500
91350971,레노버 ThinkVision S22i-30,168990
91186520,주연테크 V27FC100 1500 커브드 FHD VA 100 게이밍 무결점,138990
91186499,주연테크 V27FC100 1500 커브드 FHD VA 100 게이밍,128990
91186343,픽셀아트 PIXELART PAQ3830W 화이트 나노IPS BLACK 커브드 WQHD+ 멀티스탠드 무결점,459000
91186322,픽셀아트 PIXELART PAQ3830W 화이트 나노IPS BLACK 커브드 WQHD+ 멀티스탠드,425890
91116575,LG전자 스마트 27U511SAW,271930
91115978,LG전자 울트라기어 32G810SAW,827780
91114430,ASUS TUF Gaming VG279QE5A,139000
91114364,ASUS TUF Gaming VG249QE5A,116630
91114247,한성컴퓨터 TFG27F14V FHD 144 게이밍 무결점,149000
91114205,한성컴퓨터 TFG27F14V FHD 144 게이밍,139000
91114439,크로스오버 27GFA99 Fast iPS 200 Ai게이밍 무결점,135900
91042562,DELL S2725QS (해외구매),539730
91042556,DELL S2725QS,423200
91040183,크로스오버 27GFA99 Fast iPS 200 Ai게이밍,132850
90892142,삼성전자 뷰피니티 S8 S80UD S32D800,470800
90890669,크로스오버 27QD166CM QHD iPS USB-C 화이트 Ai 멀티스탠드 무결점,189000
90890663,크로스오버 27QD166CM QHD iPS USB-C 화이트 Ai 멀티스탠드,179000
90890174,ASUS ZenScreen MB16QHG (해외구매),462000
90890012,삼성전자 뷰피니티 S8 S80UD S37D800,587320
90889460,삼성전자 오디세이 G5 S32CG552,297570
90889241,삼성전자 뷰피니티 S6 S61F S27F610,265410
92108924,MSI MPG 491CQPX QD-OLED 240 DQHD (해외구매),1370400
90702830,한성컴퓨터 TFG27Q24P2 QHD Fast IPS 240 게이밍 무결점,289000
90702770,한성컴퓨터 TFG27Q24P2 QHD Fast IPS 240 게이밍,279000
90702635,알파스캔 AOC Q27G4/D 게이밍 FAST IPS 200 QHD HDR 400 멀티스탠드 무결점,322350
90702506,MSI MPG 491CQPX QD-OLED 240 DQHD,1541360
90702278,래안텍 Arkcell FFB3240 화이트 FHD 240 게이밍 무결점,239000
90702269,래안텍 Arkcell FFB3240 화이트 FHD 240 게이밍,234000
90700172,래안텍 Arkcell FFB3200 화이트 FHD 200 게이밍 무결점,229000
90700133,래안텍 Arkcell FFB3200 화이트 FHD 200 게이밍,219000
90646706,한성컴퓨터 TFG27F14PB FHD IPS 144 게이밍 무결점,149000
90646697,한성컴퓨터 TFG27F14PB FHD IPS 144 게이밍,139000
90646619,한성컴퓨터 TFG24F14PB FHD IPS 144 게이밍 무결점,111000
90646616,한성컴퓨터 TFG24F14PB FHD IPS 144 게이밍,109000
90646496,프리플로우 Vuti24F14PF FHD IPS 144 게이밍 무결점,109900
90646490,프리플로우 Vuti24F14PF FHD IPS 144 게이밍,104900
90579389,제이씨현 UDEA EDGE ED2732HF 유케어 IPS 홈엔터 120 무결점,129000
90579365,제이씨현 UDEA EDGE ED2732HF 유케어 IPS 홈엔터 120,123990
90579155,제이씨현 UDEA EDGE ED2432HF 유케어 IPS 홈엔터 120 무결점,104000
90579137,제이씨현 UDEA EDGE ED2432HF 유케어 IPS 홈엔터 120,99000
90577643,글로벌전자 SG2410 HDMI 광시야각 무결점,73100
90577634,글로벌전자 SG2410 HDMI 광시야각,73000
90575870,알파스캔 3425Q 울트라와이드 WQHD IPS BLACK 120 USB-C HDR 무결점,379000
90575651,알파스캔 3425Q 울트라와이드 WQHD IPS BLACK 120 USB-C HDR,349000
90506096,한성컴퓨터 TFG24F18V FHD 180 게이밍 무결점,144000
90506087,한성컴퓨터 TFG24F18V FHD 180 게이밍,139000
90505934,크로스오버 27USD850 IPS4K UHD 4면제로 화이트 멀티스탠드 무결점,253180
90505928,크로스오버 27USD850 IPS4K UHD 4면제로 화이트 멀티스탠드,244360
90505100,빅트랙 컨커러 24FM18001,114900
90503969,LG전자 스마트 27U730SAW,459320
90502940,한성컴퓨터 TFG27Q32PM1152Z QHD Fast IPS QD Mini LED 320 게이밍 무결점,449000
90502928,한성컴퓨터 TFG27Q32PM1152Z QHD Fast IPS QD Mini LED 320 게이밍,429000
94997621,LG전자 27BA400 (중고),177660
90438284,LG전자 27BA400,177650
90437921,BenQ 모비우스 EX271Q 무결점,543980
90437738,레노버 L24-4E FHD IPS 무결점 68C2KAC1KR,119000
90272405,한성컴퓨터 TFG27U16PM1152Z Fast IPS QD Mini LED 듀얼모드 게이밍 무결점,549000
90272393,한성컴퓨터 TFG27U16PM1152Z Fast IPS QD Mini LED 듀얼모드 게이밍,529000
90269897,제이씨현 UDEA LOOK LK2441HF 유케어 IPS 오피스 100 무결점,99000
90269729,제이씨현 UDEA EDGE ED2420GX 유케어 IPS 홈게임 144 무결점,109000
90269690,제이씨현 UDEA EDGE ED2420GX 유케어 IPS 홈게임 144,104000
90269510,쓰리윈즈 인터픽셀 IP2446 무결점,141600
90269501,쓰리윈즈 인터픽셀 IP2446,132100
90269216,대성글로벌코리아 ViewSync VSO321F 화이트 100 무결점,151000
90269210,대성글로벌코리아 ViewSync VSO321F 화이트 100,148000
90160544,크로스오버 27FAW950 Fast-iPS 180 피벗 화이트 Ai게이밍 무결점,191700
90160541,크로스오버 27FAW950 Fast-iPS 180 피벗 화이트 Ai게이밍,185400
90160181,비트엠 Newsync 32QHD IPS100 ZERO 칼라풀 무결점,183620
90160106,비트엠 Newsync 32QHD IPS100 ZERO 칼라풀,173600
90160040,ASUS VA259HGA FHD IPS 120 아이케어 게이밍,108070
90159965,비트엠 Newsync BG32F180 게이밍 HDR 화이트 무결점,188980
90159947,비트엠 Newsync BG32F180 게이밍 HDR 화이트,183990
90114536,알파스캔 에이건 AGON 276QKD QHD OLED 480 프리싱크 HDR 게이밍 무결점,1190000
89731466,UPERFECT FSW01,119000
89607683,한성컴퓨터 TFG27F24V2 FHD 240 게이밍 무결점,179000
89607674,한성컴퓨터 TFG27F24V2 FHD 240 게이밍,169000
89606651,삼성전자 에센셜 S39GD S27D396,194351
89606543,삼성전자 에센셜 S32GF S27F320,189655
89603912,HP Series 5 Pro 527pu,399000
89603783,HP Series 5 Pro 524pu,349000
89603474,HP Series 7 Pro 724pf,307210
89534117,알파스캔 AOC 27G42 게이밍 FAST IPS 180 HDR 무결점,235980
89534027,알파스캔 AOC 27G42 게이밍 FAST IPS 180 무결점,248990
89533871,크로스오버 27FAW9 Fast-iPS 180 화이트 USB-C Ai 게이밍 무결점,172090
89533862,크로스오버 27FAW9 Fast-iPS 180 화이트 USB-C Ai 게이밍,166240
89533760,쓰리윈즈 인터픽셀 IP2418 FHD IPS 100 화이트 무결점,116000
89533748,쓰리윈즈 인터픽셀 IP2418 FHD IPS 100 화이트,109000
88232642,MSI G242L850 E14 IPS 게이밍 144 HDR AI 무결점,117030
88232558,MSI G242L750 E14 IPS 게이밍 144 HDR AI 무결점,119000
88232528,MSI G242L750 E14 IPS 게이밍 144 HDR AI,117030
88232396,MSI G242L700 E14 IPS 게이밍 144 HDR AI 무결점,101960
88208744,주연테크 V32Q100 IPS 100 무결점,239000
88208723,주연테크 V32Q100 IPS 100,229000
88205210,APPLE Studio Display MYJF3KH/A,2550000
88199933,화봄 HB240F100 무결점,84900
88197224,화봄 HB240F100,80900
88189493,클라인즈 제스타 KXM2700FH,116850
88180904,빅트랙 컨커러 32CM18001 NEW,183900
88137188,라익미 WU49 울트라와이드 5K 커브드 144 무결점,899000
88137164,라익미 WU49 울트라와이드 5K 커브드 144,849000
88136675,LG전자 울트라기어 39GX90SAW,1558750
88136525,LG전자 울트라기어 34GX90SAW,1367960
88135808,LG전자 스마트 32U880SAW,782140
88135349,LG전자 MyView 스마트 32U721SAW,479990
94998488,DELL 에일리언웨어 AW2725Q (중고),1007160
91187447,DELL 에일리언웨어 AW2725Q (해외구매),1293390
88133672,DELL 에일리언웨어 AW2725Q,1306440
88132940,LG전자 MyView 스마트 32U731SAW,522550
88132871,LG전자 MyView 스마트 27U731SAW,366350
88131971,프리플로우 Vuti27F14PF FHD IPS 144 게이밍 무결점,134900
88131953,프리플로우 Vuti27F14PF FHD IPS 144 게이밍,127900
88131689,주연테크 V27Q100 IPS 100 무결점,179000
88131683,주연테크 V27Q100 IPS 100,169000
86537804,크로스오버 27USW9 UHD4K-iPS USB-C 화이트 무결점,223750
86517662,크로스오버 27USW9 UHD4K-iPS USB-C 화이트,220690
86408204,한성컴퓨터 TFG27U1428P IPS 듀얼모드 게이밍 무결점,332100
86402246,한성컴퓨터 TFG27U1428P IPS 듀얼모드 게이밍,332100
86098814,나라테크놀로지 아즈텍 AZT324G 240 게이밍 강화유리 무결점,278900
86098775,나라테크놀로지 아즈텍 AZT324G 240 게이밍 무결점,268900
85788272,HP Series 3 Pro 322pv,161250
85776284,HP Series 3 Pro 322pe,139000
85759757,HP Series 3 Pro 322pf,159000
85670336,정림전자 GMASTAR AUO GM15STN01.0 터치,195000
83000852,GOOJODOQ GJ20 (해외구매),120290
82941497,에이서 PM141Q (해외구매),199700
82762271,BSCONN C1,158990
82732358,BSCONN M13,214990
82680455,BSCONN M18,155000
82655729,BSCONN M16,141880
82602029,BSCONN F1,214990
81751169,한성컴퓨터 TFG32F24V2 FHD 240 게이밍 무결점,219000
81751145,한성컴퓨터 TFG32F24V2 FHD 240 게이밍,209000
81750962,크로스오버 38LDG199 NANO-IPS 게이밍-165 Ai TYPE-C 울트라하이퍼 무결점,698990
81750953,크로스오버 38LDG199 NANO-IPS 게이밍-165 Ai TYPE-C 울트라하이퍼,629990
81750335,앱코 LPC38Q144D 프라임 나노IPS BLACK WQHD+ HDR 무결점,499000
81750326,앱코 LPC38Q144D 프라임 나노IPS BLACK WQHD+ HDR,489000
81750062,삼성전자 에센셜 S4 S40GD S22D400,178770
81749927,삼성전자 에센셜 S4 S40GD S27D400,208970
94998608,ASUS ROG STRIX OLED XG27UCDMG (중고),1400600
81716108,ASUS ROG STRIX OLED XG27UCDMG,1490000
81633947,ASUS ProArt PA278CFRV,563310
81037385,DELL P2725DE,424000
80881430,EIZO FlexScan EV2480,527000
80570423,한성컴퓨터 TFG27F30V FHD 300 게이밍 무결점,199000
80570411,한성컴퓨터 TFG27F30V FHD 300 게이밍,189000
80165399,비트엠 Newsync B2775LGQ 컬러풀 HDR 무결점,132480
80165360,비트엠 Newsync B2775LGQ 컬러풀 HDR,128290
94997576,LG전자 24BA400 (중고),151680
79560674,카멜 포터블 프리즘 CPM1530I,105610
79559633,LG전자 24BA400,154540
79559018,APPLE Studio Display MYJG3KH/A,1985500
94997606,LG전자 27U421A (중고),177600
94997543,LG전자 24U421A (중고),130200
79553291,LG전자 27U421A,180170
79553258,LG전자 24U421A,150360
79551104,비트엠 Newsync 324F 패스트 240 FPS 무결점,213960
79550954,비트엠 Newsync 324F 패스트 240 FPS,208990
79550684,필립스 27E1N1600 QHD USB-C 4면 보더리스 100 높낮이 무결점,327250
79477688,필립스 27E2N1500 120 보더리스 IPS QHD 시력보호 무결점,228990
79452221,크로스오버 27QAW99 Fast-iPS 180 WQHD 화이트 Ai게이밍 무결점,209260
79451126,크로스오버 27QAW99 Fast-iPS 180 WQHD 화이트 Ai게이밍,219000
79429010,한성컴퓨터 TFG27U1632P Fast IPS 듀얼모드 게이밍 무결점,419000
79427837,한성컴퓨터 TFG27U1632P Fast IPS 듀얼모드 게이밍,399000
79410101,타라엘씨디 TRL-190BNC NEW TOUCH,261080
79859318,래안텍 Arkcell FFA2780CE 화이트 FHD IPS 180,154000
79405946,래안텍 Arkcell FFA2780CE 화이트 FHD IPS 180 무결점,159000
79401980,한성컴퓨터 TFG27F24P2 FHD Fast IPS 240 게이밍 무결점,179000
79401962,한성컴퓨터 TFG27F24P2 FHD Fast IPS 240 게이밍,169000
79385018,한성컴퓨터 TFG27F14P2 FHD IPS 144 게이밍 무결점,149000
79385003,한성컴퓨터 TFG27F14P2 FHD IPS 144 게이밍,139000
79255307,알파스캔 애니웨어 16F50P IPS USB-C 포터블 HDR,173360
79255244,HP Series 7 Pro 740pm 5K2K,1989990
79254953,HP Series 7 Pro 738pu WQHD+,1584100
79254824,HP Series 7 Pro 734pm WQHD,1366090
79253108,EIZO FlexScan EV2740X,1470000
79252865,EIZO FlexScan EV2781,960300
79252322,래안텍 EdgeArt FA2780CE 화이트 FHD IPS 180 무결점,133740
79252307,래안텍 EdgeArt FA2780CE 화이트 FHD IPS 180,132500
79252295,래안텍 PANTHEON FA2780CE 화이트 FHD IPS 180 무결점,145510
79252268,래안텍 PANTHEON FA2780CE 화이트 FHD IPS 180,134990
79250327,TG앤컴퍼니 ITS2720W FHD 75,179580
79250165,ASUS VA249QGS,228990
79250069,크로스오버 279FM169 FHD IPS 멀티스탠드 화이트 무결점,145940
79250054,크로스오버 279FM169 FHD IPS 멀티스탠드 화이트,140940
79115561,GIGABYTE GS27FA FHD 게이밍 180,197950
78985307,DELL 에일리언웨어 AW3425DWM,610520
78984812,LG전자 울트라HD 32UR500K,349000
78982706,필립스 에브니아 27M2N5501 QHD 180 프리싱크 HDR 400 게이밍 화이트 무결점,319000
78976493,비트엠 Newsync 3290U 나노IPS 4면 보더리스 4K UHD PD 멀티스탠드 무결점,435200
78976466,비트엠 Newsync 3290U 나노IPS 4면 보더리스 4K UHD PD 멀티스탠드,427830
78976364,프리플로우 Vuti32F10PQ QHD IPS 100 무결점,217900
78976343,프리플로우 Vuti32F10PQ QHD IPS 100,207900
78975269,MSI MPG 321URXW QD-OLED 240 4K UHD,1799000
78975026,ASUS ZenScreen Duo OLED MQ149CD,748000
78984995,GIGABYTE 게이밍 G34WQCP 180 커브드 HDR (해외구매),885800
78846644,MSI MP272L900 IPS 100 시력보호 무결점,129000
78846338,GIGABYTE 게이밍 G34WQCP 180 커브드 HDR,439000
78845681,한성컴퓨터 TFG27Q18PM576Z QHD Fast IPS QD Mini LED 180 게이밍 무결점,349000
78845663,한성컴퓨터 TFG27Q18PM576Z QHD Fast IPS QD Mini LED 180 게이밍,349000
78844211,크로스오버 27QT100M IPS QHD100 450 정전압터치 프리덤스탠드 애플망고 무결점,340000
78844070,크로스오버 27QT100M IPS QHD100 450 정전압터치 프리덤스탠드 애플망고,340000
78785036,삼성전자 오디세이 3D G90XF S27FG900,2296270
78784919,삼성전자 에센셜 S3 S30GD S27D300,169900
78784745,삼성전자 에센셜 S4 S40GD S24D400,188990
78783953,비트엠 Newsync X27FHD Fast-IPS 200 게이밍 블랙 무결점,143980
78783932,비트엠 Newsync X27FHD Fast-IPS 200 게이밍 블랙,139900
78781277,한성컴퓨터 TFG24F14P2 FHD IPS 144 게이밍 무결점,114000
78781265,한성컴퓨터 TFG24F14P2 FHD IPS 144 게이밍,109000
78715943,삼성전자 오디세이 OLED G8 S32FG812,1464388
78712628,삼성전자 오디세이 OLED G8 S27FG812,1330510
78710546,DELL P3425WE,753990
78710375,DELL P2725D,315430
78710315,DELL P2425D,296260
78614861,한성컴퓨터 TFG32Q10P QHD IPS 100 무결점,229000
78614858,한성컴퓨터 TFG32Q10P QHD IPS 100,219000
78534386,삼성전자 뷰피니티 S7 S32D706,399000
78534314,삼성전자 뷰피니티 S7 S37D700,448990
78534221,삼성전자 뷰피니티 S8 S32D806U,494100
78533879,삼성전자 오디세이 OLED G8 S32FG810,1290000
78533561,삼성전자 오디세이 OLED G8 S27FG810,1249990
78385052,비트엠 Newsync BG2499F IPS200 게이밍 무결점,115490
78385037,비트엠 Newsync BG2499F IPS200 게이밍,112990
78384704,DELL P2725QE,484090
78310859,삼성전자 에센셜 S3 S30GD S24D300,141750
78310646,LG전자 울트라기어 45GX90SA,1639100
78310304,DELL P1425,399000
78310175,DELL P3225QE,734000
78237926,LG전자 울트라HD 27US550,354230
78237530,GIGABYTE MO32U QD-OLED 4K 게이밍 165,1489000
78237182,자비오씨엔씨 엑사비오 X320EW HDMI 무결점,141490
96259799,DELL UltraSharp U3225QE (중고),1104150
94081925,DELL UltraSharp U2725QE (리퍼비시),853990
80589587,DELL UltraSharp U2725QE (해외구매),979104
78306746,한성컴퓨터 TFG27Q18V QHD 180 게이밍 무결점,219000
78177107,DELL UltraSharp U2725QE,889730
78176633,DELL UltraSharp U3225QE,1285610
78175112,한성컴퓨터 TFG27Q18V QHD 180 게이밍,209000
78174548,한성컴퓨터 TFG27Q18P QHD Fast IPS 180 게이밍 무결점,219000
78174539,한성컴퓨터 TFG27Q18P QHD Fast IPS 180 게이밍,209000
78100253,HP Series 3 Pro 324pf,169000
78099992,ASUS TUF Gaming VG259Q3A,250700
78099494,삼성전자 오디세이 G9 S49FG910,1083460
78099260,LG전자 울트라HD 32UN880K,667950
78097052,알파스캔 콘퀘스트 27Q50GN 게이밍 IPS 180 프리싱크 HDR 무결점,279000
77859662,비트엠 Newsync 24F100 오피스 HDR 무결점,76840
77859614,비트엠 Newsync 24F100 오피스 HDR,74790
77858258,타라엘씨디 TRL-185T IPS NEW,147000
77784275,LG전자 24U631A,228680
77709980,한성컴퓨터 TFG27F20P FHD Fast IPS 200 게이밍 무결점,169000
77709974,한성컴퓨터 TFG27F20P FHD Fast IPS 200 게이밍,159000
77709893,MSI MD272UPSWCL 4K UHD 스마트 화이트 PD65 무결점,361980
77709845,MSI MD272UPSWDN 4K UHD 스마트 화이트 PD65 무결점,379670
77709725,크로스오버 34LD199N NANO IPS 게이밍 Hypersonic 무결점,329000
77709698,크로스오버 34LD199N NANO IPS 게이밍 Hypersonic,309000
77709632,MSI MP272L700 IPS 100 시력보호 무결점,118490
77709608,MSI MP272L750 IPS 100 시력보호 무결점,116580
77709581,MSI MP272L850 IPS 100 시력보호 무결점,123550
77704277,제이씨현 UDEA LOOK LK3242RA 유케어 IPS 오피스 무결점,169000
77704259,제이씨현 UDEA LOOK LK3242RA 유케어 IPS 오피스,164000
77961314,삼성전자 에센셜 S3 S39GD S32D394G,266660
77461001,삼성전자 오디세이 G3 G30D S24DG300,224149
77460896,삼성전자 에센셜 S3 S32GF S24F320,159466
77460623,삼성전자 에센셜 S3 S39GD S27D394,215220
82474106,레노버 LEGION R27qc-30 (해외구매),235890
77318720,레노버 LEGION R27qc-30 QHD 180 무결점 67C6GAC2KR,269000
77318585,자비오씨엔씨 엑사비오 X271EW 무결점,109990
77318558,자비오씨엔씨 엑사비오 X270EW 무결점,99200
77279708,필립스 에브니아 27M2N3200L 180 프리싱크 HDR 게이밍 무결점,198980
77279516,필립스 에브니아 24M2N3200L 180 프리싱크 HDR 게이밍 무결점,178160
77081531,제이씨현 UDEA LOOK LK3231SS 유케어 IPS 오피스 무결점,169000
77081519,제이씨현 UDEA LOOK LK3231SS 유케어 IPS 오피스,164000
77016914,ZSUS PM15A,108000
77016029,필립스 27M1N3200Z 게이밍 165 프리싱크 높낮이 무결점,199000
77015912,크로스오버 38LD16 NANO IPS Ai 울트라하이퍼 무결점,409000
77015909,크로스오버 38LD16 NANO IPS Ai 울트라하이퍼,392240
77015858,크로스오버 245G466 FAST-IPS Ai 게이밍 Hyper sonic 무결점,298990
77015846,크로스오버 245G466 FAST-IPS Ai 게이밍 Hyper sonic,279000
76942229,LG전자 27U631A,259640
76872935,BenQ RD320UA 무결점,1327890
76870904,LG전자 울트라HD 32UP830K,473190
76791260,현대디지텍코어 LOGICA F24DH100 IPS 리얼 100,84000
76791242,현대디지텍코어 LOGICA F24DH100 IPS 리얼 100 무결점,83990
76791149,현대디지텍코어 LOGICA F27DH100 IPS 리얼 100,111990
76791107,현대디지텍코어 LOGICA F27DH100 IPS 리얼 100 무결점,111900
76551995,필립스 27E1N1100A 100 시력보호 4면 보더리스 무결점,134000
76551845,필립스 24E1N1100A 100 시력보호 4면 보더리스 무결점,109920
76551227,한성컴퓨터 TFG32Q24V2 QHD 커브드 리얼 240 게이밍 무결점,329000
76551224,한성컴퓨터 TFG32Q24V2 QHD 커브드 리얼 240 게이밍,319000
76550678,삼성전자 오디세이 G7 S32DG702,725138
76550516,LG전자 32U631A,320630
93864872,레노버 R34w-30 UWQHD 180 67C7GACBKR (중고),325980
93443930,레노버 LEGION R32qc-30 QHD 180 무결점 67C8GAC1KR,359000
76512527,쿠팡 홈플래닛 HPM270FLAA,119990
76512491,쿠팡 홈플래닛 HPM240FLAA,99990
76511393,쿠팡 홈플래닛 HPM215FLAA,80990
76511294,레노버 R34w-30 UWQHD 180 무결점 67C7GACBKR,399000
76509134,크로스오버 245G366 FAST-IPS Ai 게이밍 Hyper sonic 무결점,198990
76509113,크로스오버 245G366 FAST-IPS Ai 게이밍 Hyper sonic,178990
76508282,한성컴퓨터 TFG32Q18V QHD 커브드 리얼 180 게이밍 무결점,259000
76508279,한성컴퓨터 TFG32Q18V QHD 커브드 리얼 180 게이밍,249000
76466174,에이서 니트로 XZ320Q X2 FHD 240 커브드 게이밍 무결점,249000
76466123,에이서 니트로 XZ320QU S3 QHD 180 커브드 게이밍 무결점,269000
76466102,에이서 니트로 EDT320Q S3 FHD 180 커브드 게이밍 무결점,189000
76402007,삼성전자 에센셜 S3 S30GD S22D300,138010
76333163,한성컴퓨터 TFG24F32P FHD Fast IPS 리얼 320 게이밍 무결점,199000
76333139,한성컴퓨터 TFG24F32P FHD Fast IPS 리얼 320 게이밍,189000
76160042,알파스캔 애니웨어 16F50P IPS USB-C 포터블 HDR 무결점,188990
76071428,TCL 27R73Q,599000
76071122,샤오미 G24i,139800
75993173,비트엠 Newsync B27F100 IPS 슬림 베젤리스 화이트 무결점,114500
75993170,비트엠 Newsync B27F100 IPS 슬림 베젤리스 화이트,112400
75993164,비트엠 Newsync B27F100 IPS 슬림 베젤리스 블랙 무결점,113400
75993155,비트엠 Newsync B27F100 IPS 슬림 베젤리스 블랙,111300
75993017,크로스오버 27UA759 UHD4K-75H 화이트 멀티스탠드 무결점,243370
75993002,크로스오버 27UA759 UHD4K-75H 화이트 멀티스탠드,233200
75992858,MSI MP251W E2 IPS 120 시력보호 무결점,114180
75992849,MSI MP251W E2 IPS 120 시력보호,116090
75989777,HP Series 5 Pro 524pn,275000
95850953,ASUS ZenScreen MB169CK (해외구매),159190
75932264,ASUS ZenScreen MB169CK,139000
95927642,LG전자 울트라기어 27GX790A (해외구매),1804190
76338647,ASUS ZenScreen MB16AHV (해외구매),284600
75858548,LG전자 그램 +view 17MT70,419000
75858155,주연테크 V26FX75 울트라와이드 IPS 무결점,179000
75858140,주연테크 V26FX75 울트라와이드 IPS,169000
75857630,쓰리윈즈 인터픽셀 IPQ2746 QHD 180 플리커프리 게이밍 무결점,206100
75857618,쓰리윈즈 인터픽셀 IPQ2746 QHD 180 플리커프리 게이밍,209970
75857252,쓰리윈즈 인터픽셀 IP2432 FHD 120 ECO 플리커프리 무결점,109000
75857234,쓰리윈즈 인터픽셀 IP2432 FHD 120 ECO 플리커프리,101140
75854957,LG전자 울트라기어 27GX790A,1153710
75854819,LG전자 울트라기어 32GS94U,796360
75854687,LG전자 울트라기어 27G850A,909440
75854594,LG전자 울트라기어 27GS94U,655830
77081915,알파스캔 3824Q WQHD+ IPS 블랙 USB-C PD96 HDR 무결점,749000
75725012,크로스오버 오버파워 24SP75N IPS F75 무결점,79000
75724775,크로스오버 F24M7Q IPS FHD 75 무결점,79000
75723437,알파스캔 3824Q WQHD+ IPS 블랙 USB-C PD96 HDR KVM 무결점,549000
75723425,알파스캔 3824Q WQHD+ IPS 블랙 USB-C PD96 HDR KVM,528990
75657947,MSI MP252L850 IPS 100 시력보호 무결점,94990
75657887,MSI MP242L850 IPS 100 시력보호 무결점,86180
75657884,MSI MP242L850 IPS 100 시력보호,89000
75657827,MSI MP242L800 IPS 100 시력보호 무결점,90100
75657824,MSI MP242L800 IPS 100 시력보호,87230
75657560,MSI MP252L750 IPS 100 시력보호 무결점,79800
75657371,MSI MP242L750 IPS 100 시력보호 무결점,79000
75657359,MSI MP242L750 IPS 100 시력보호,94160
75657056,MSI MP242L700 IPS 100 시력보호 무결점,92100
75657044,MSI MP242L700 IPS 100 시력보호,91000
75656927,LG전자 24EA430V,146690
75656918,LG전자 24EA430V (중고),78990
75656774,LG전자 27EN430H (중고),147150
75600890,타라엘씨디 TRL-190BNC NEW,155200
75596507,대성글로벌코리아 Etroy VSG320G REAL 240 무결점,239000
75596504,대성글로벌코리아 Etroy VSG320G REAL 240,228990
75542126,크로스오버 27QSA9 Fast-iPS 180 WQHD Ai 게이밍 무결점,224200
75542123,크로스오버 27QSA9 Fast-iPS 180 WQHD Ai 게이밍,215100
75542114,크로스오버 27QR924 Fast-iPS WQHD 리얼240 Ai게이밍 무결점,450000
75542111,크로스오버 27QR924 Fast-iPS WQHD 리얼240 Ai게이밍,378600
75541913,주연테크 V27UE 4K UHD HDR 무결점,279000
75541910,주연테크 V27UE 4K UHD HDR,269000
75541862,비트엠 Newsync 25R2 오피스 HDR 무결점,78750
75541859,비트엠 Newsync 25R2 오피스 HDR,77130
75470690,제이씨현 UDEA EDGE ED2732PF 유케어 165 홈게임 화이트 무결점,132980
75470678,제이씨현 UDEA EDGE ED2732PF 유케어 165 홈게임 화이트,132980
75470465,알파스캔 3224QN QHD IPS 100 시력보호 HDR 무결점,279000
75465848,주연테크 긱스타 G24FT540 FHD TN 540 게이밍 USB C 멀티스탠드 무결점,699000
75465827,주연테크 긱스타 G24FT540 FHD TN 540 게이밍 USB C 멀티스탠드,679000
75076544,BenQ 모비우스 EX271 무결점,303800
75076523,BenQ 모비우스 EX251 무결점,276000
74997986,제이씨현 UDEA EDGE ED2737IT 유케어 IPS 홈엔터 100 무결점,126420
74997977,제이씨현 UDEA EDGE ED2737IT 유케어 IPS 홈엔터 100,121520
74997953,제이씨현 UDEA EDGE ED2437IT 유케어 IPS 홈엔터 100 무결점,104000
74997947,제이씨현 UDEA EDGE ED2437IT 유케어 IPS 홈엔터 100,99000
74997470,크로스오버 49LGD144DQ 나노 IPS 리얼144 HV2.1 크로스버스터 무결점,949000
74997407,크로스오버 49LGD144DQ 나노 IPS 리얼144 HV2.1 크로스버스터,848990
74997167,크로스오버 32QD180G IPS WQHD 게이밍 AI 무결점,267200
74997158,크로스오버 32QD180G IPS WQHD 게이밍 AI,257990
74887637,필립스 27E1N1300 USB-C 4면 보더리스 100 높낮이 무결점,248150
74887622,필립스 24E1N1300 USB-C 4면 보더리스 100 높낮이 무결점,222090
95057765,LG전자 24BA450 (중고),157130
92190629,ASUS ROG SWIFT OLED PG27UCDM (해외구매),1633700
74883851,ASUS ROG SWIFT OLED PG27UCDM,1526110
74883329,비트엠 Newsync P27UHD IPS 4K HDR 화이트 무결점,202710
74880743,비트엠 Newsync P27UHD IPS 4K HDR 화이트,201390
74839514,LG전자 27BA450,179000
74835539,LG전자 24BA450,188980
74810090,하이메이드 HM-M24DW,85430
74809751,주연테크 J27MG,168250
74809616,주연테크 J27X,114230
74809463,주연테크 J32SG-165,228990
74805905,크로스오버 27GSA9 Fast-iPS 200UP Ai게이밍 무결점,145990
74805845,크로스오버 27GSA9 Fast-iPS 200UP Ai게이밍,145270
74546657,비트엠 Newsync P34LGQ 패스트 165 나노 IPS HDR 무결점,303950
74546654,비트엠 Newsync P34LGQ 패스트 165 나노 IPS HDR,298940
74546201,비트엠 Newsync 25R2 IPS FAST 240 게이밍 280UP 화이트 무결점,150700
74546168,비트엠 Newsync 25R2 IPS FAST 240 게이밍 280UP 화이트,142550
74546000,크로스오버 미켈란 32WQ290TM Fast-IPS 게이밍 400 TYPE-C PD90 멀티스탠드 무결점,309000
74545976,크로스오버 미켈란 32WQ290TM Fast-IPS 게이밍 400 TYPE-C PD90 멀티스탠드,289000
74997035,정림전자 GMASTAR JE32V75 무결점,159000
74421899,정림전자 GMASTAR JE32V75,154000
94026194,HP Series 5 Pro 527pq (해외구매),740790
74340668,BenQ EW3290U 무결점,794420
74340515,BenQ EW2790U 무결점,488680
74340383,DELL P2425HE (해외구매),380400
74336333,HP Series 5 Pro 524pf,247810
74336288,HP Series 5 Pro 527pq,365940
74249525,필립스 에브니아 27M2N5500L QHD 180 프리싱크 HDR 400 게이밍 무결점,298960
74249408,필립스 222B9T 멀티터치 시력보호 무결점,370530
74115692,HP 오멘 27k,729000
74115581,쓰리윈즈 인터픽셀 IP2428 FHD 100 ECO TYPE-C 플리커프리 화이트 무결점,109000
74115560,쓰리윈즈 인터픽셀 IP2428 FHD 100 ECO TYPE-C 플리커프리 화이트,104430
74115476,ASUS ROG STRIX XG27UCG-W,503750
74115461,ASUS ROG STRIX XG27UCG,498990
74054936,BenQ ZOWIE XL2586X+ 게이밍 무결점,1864800
74054327,프리플로우 Vuti24F30TF FHD Fast TN 리얼 300 게이밍 무결점,317900
74054309,프리플로우 Vuti24F30TF FHD Fast TN 리얼 300 게이밍,297900
74053259,LG전자 울트라HD 32UR550,435630
74053034,LG전자 울트라HD 27US500 (해외구매),373720
74053016,LG전자 울트라HD 27US500,369000
74008544,제우스랩 OL133ED,171000
74008190,프리플로우 Vuti34CW24VQ WQHD 울트라와이드 커브드 리얼 240 게이밍 무결점,417900
74008172,프리플로우 Vuti34CW24VQ WQHD 울트라와이드 커브드 리얼 240 게이밍,397900
73952423,비트엠 Newsync H34WQ165 울트라와이드 게이밍 커브드 무결점,258700
73952402,비트엠 Newsync H34WQ165 울트라와이드 게이밍 커브드,253350
73952327,비트엠 Newsync X27FHD Fast-IPS 200 게이밍 화이트 무결점,149890
73952303,비트엠 Newsync X27FHD Fast-IPS 200 게이밍 화이트,144880
73950560,LG전자 울트라기어 32GS95UVW,1383530
73950362,삼성전자 에센셜 S3 S30GD S27D306,182940
73950326,삼성전자 에센셜 S3 S30GD S24D306,152059
73948985,한성컴퓨터 TFG24F30T FHD Fast TN 리얼 300 게이밍 무결점,299000
73948937,한성컴퓨터 TFG24F30T FHD Fast TN 리얼 300 게이밍,279000
73948685,크로스오버 24G120 100 화이트 무결점,86870
73948661,크로스오버 24G120 100 화이트,86760
73948646,크로스오버 24G120 100 블랙 무결점,82610
73948631,크로스오버 24G120 100 블랙,85930
73890524,비트엠 Newsync X27F88 ZERO HDR 무결점,99000
73890506,비트엠 Newsync X27F88 ZERO HDR,101990
73886717,BenQ GW2786TC 아이케어 무결점,319000
73886219,레노버 ThinkVision S27i-30,169000
73886192,레노버 ThinkVision S24i-30,135000
73886111,레노버 ThinkVision E24-30,139000
73883666,삼성전자 오디세이 G7 S32DG700,709970
73883624,삼성전자 오디세이 G7 S27DG700,649080
73883519,LG전자 울트라HD 27UP850K,428720
73883483,LG전자 울트라HD 32UN650K,426970
73770917,한성컴퓨터 TFG34Q24WL QD-OLED WQHD 리얼 240 게이밍 USB Type-C 무결점,1220000
73770905,한성컴퓨터 TFG34Q24WL QD-OLED WQHD 리얼 240 게이밍 USB Type-C,1190000
73762463,알파스캔 AOC Q27B36 QHD 보더리스 IPS 100 HDR 무결점,329000
73762358,알파스캔 AOC Q27B3C QHD USB-C PD65 4면 보더리스 높낮이 HDR 무결점,337090
73762172,알파스캔 콘퀘스트 27F90G 게이밍 IPS 165 높낮이 무결점,199000
73762082,크로스오버 27GUA950 Fast-iPS UHD4K PD65 화이트 멀티스탠드 무결점,900000
73762064,크로스오버 27GUA950 Fast-iPS UHD4K PD65 화이트 멀티스탠드,900000
73695035,알파스캔 AOC 27G4XE 게이밍 IPS 180 프리싱크 HDR 무결점,218990
73694957,알파스캔 AOC 27G4X 게이밍 IPS 180 프리싱크 HDR 무결점,239000
73692551,네모아이엔지 스퀠뷰 IM32T77 VA 75 슬림 오피스 무결점,161090
73692533,네모아이엔지 스퀠뷰 IM32T77 VA 75 슬림 오피스,179520
73692497,네모아이엔지 스퀠뷰 IM27T77 IPS 100 슬림 오피스 무결점,102090
73692491,네모아이엔지 스퀠뷰 IM27T77 IPS 100 슬림 오피스,101020
73692443,네모아이엔지 스퀠뷰 IM24T77 IPS 75 슬림 오피스 무결점,75220
73692428,네모아이엔지 스퀠뷰 IM24T77 IPS 75 슬림 오피스,73070
73560710,주연테크 리오나인 X30F200 울트라와이드 게이밍,259000
73432448,샤오미 G Pro 27i,448000
73432382,샤오미 G27Qi,416820
73429739,디클 27Q_240G,337250
73429430,MSI MPG 321URXDN QD-OLED 240 4K UHD,1551490
73428983,레노버 ThinkVision TIO22 터치,485250
73428956,레노버 ThinkVision TIO22 논터치,295502
73428074,삼성전자 S22C312,149000
73323164,제이씨현 UDEA EDGE ED2747QIT 유케어 IPS 홈엔터 QHD 100 무결점,151600
73323161,제이씨현 UDEA EDGE ED2747QIT 유케어 IPS 홈엔터 QHD 100,147000
73125104,비트엠 Newsync G2710Q IPS 100 화이트 멀티스탠드 무결점,154590
73125053,비트엠 Newsync G2710Q IPS 100 화이트 멀티스탠드,150920
73074476,빅트랙 컨커러 27FM20001,138990
73073477,MSI MP242A E2 IPS 120 아이에르고 무결점,119000
73073465,MSI MP242A E2 IPS 120 아이에르고,117030
72984293,한성컴퓨터 TFG32U24VL QD-OLED UHD 리얼 240 게이밍 USB Type-C 무결점,1320000
72984281,한성컴퓨터 TFG32U24VL QD-OLED UHD 리얼 240 게이밍 USB Type-C,1290000
72968621,크로스오버 27QD9GW IPS QHD 100 화이트 무결점,163400
72968612,크로스오버 27QD9GW IPS QHD 100 화이트,153400
72968597,크로스오버 27QD9GB IPS QHD 100 블랙 무결점,157900
72968585,크로스오버 27QD9GB IPS QHD 100 블랙,147600
72913250,에이메카 AM-325LE Plus3 무결점,143100
72913241,에이메카 AM-325LE Plus3,140400
72816233,제이씨현 BattleG BG32CV 유케어 240 게이밍 무결점,208600
72816158,필립스 에브니아 27M2N8500 QHD OLED 360 프리싱크 HDR 게이밍 화이트 무결점,1090000
72815861,제이씨현 UDEA LOOK LK3231SC 유케어 IPS 오피스 무결점,164900
72815840,제이씨현 UDEA LOOK LK3231SC 유케어 IPS 오피스,160000
72721418,정림전자 GMASTAR JS32V60 스마트,228990
72720854,정림전자 GMASTAR JS27V60 스마트,185990
72720734,정림전자 GMASTAR JS25V60 스마트,169000
72718910,일렉싱크 S18T 휴대용 터치 FHD,199000
72676994,앱코 HV-IP24F180D 하이퍼뷰 IPS FHD 200 HDR 무결점,142700
72676976,앱코 IP27F180D 하이퍼뷰 FAST-IPS FHD 200 HDR 무결점,179000
72676952,앱코 HV-IP24F180D 하이퍼뷰 IPS FHD 200 HDR,140000
72676679,앱코 IP27F180D 하이퍼뷰 FAST-IPS FHD 200 HDR,175000
72675485,ASUS TUF Gaming VG27AQL3A (해외구매),460200
72675476,ASUS TUF Gaming VG27AQL3A,269000
72675422,ASUS VU279HFI-W,159000
72675401,ASUS VU249HFI-W,136000
72673691,비트엠 Newsync X38GBK IPS 타입C PD 프리미엄 커브드 무결점,435640
72673679,비트엠 Newsync X38GBK IPS 타입C PD 프리미엄 커브드,398560
93700127,ASUS ProArt PA27JCV (해외구매),1207150
72474701,크로스오버 27FD100SW IPS FHD 100 화이트 무결점,112870
72474416,크로스오버 27FD100SW IPS FHD 100 화이트,112780
72474407,크로스오버 27FD100SB IPS FHD 100 블랙 무결점,112870
72474401,크로스오버 27FD100SB IPS FHD 100 블랙,112870
72472853,ASUS ROG STRIX XG27UCS,1200000
72472670,ASUS ProArt PA27JCV,1049000
72472415,ASUS ProArt PA328CGV,898000
90704333,DELL 에일리언웨어 AW2725QF (리퍼비시),740990
72420167,빅트랙 160PM03QTS,205090
72419828,DELL 에일리언웨어 AW2725QF,819000
72348119,필립스 에브니아 32M1C5500VL QHD 144 프리싱크 HDR 게이밍 무결점,299000
72347921,필립스 에브니아 27M1C5500VL QHD 144 프리싱크 HDR 게이밍 무결점,270630
72310319,한성컴퓨터 TFG27Q24FL QD-OLED QHD 리얼 240 게이밍 무결점,729000
72310301,한성컴퓨터 TFG27Q24FL QD-OLED QHD 리얼 240 게이밍,699000
72300194,알파스캔 AOC 27B36 보더리스 IPS 100 시력보호 무결점,153530
72298799,알파스캔 AOC 24B36 보더리스 IPS 100 시력보호 무결점,117930
72229352,BenQ GW2791 아이케어 무결점,154900
72229322,BenQ GW2491 아이케어 무결점,125400
72228917,앱코 HV-IP27F100D 하이퍼뷰 IPS FHD 100 HDR 무결점,120500
72228908,앱코 HV-IP27F100D 하이퍼뷰 IPS FHD 100 HDR,118500
72228854,앱코 HV-IP24F100D 하이퍼뷰 IPS FHD 100 HDR 무결점,94000
72228845,앱코 HV-IP24F100D 하이퍼뷰 IPS FHD 100 HDR,93000
72009755,한성컴퓨터 TFG24F54T FHD Fast TN 리얼 540 게이밍 무결점,679000
72009740,한성컴퓨터 TFG24F54T FHD Fast TN 리얼 540 게이밍,649000
72003674,프리플로우 Vuti24F54TF FHD Fast TN 리얼 540 게이밍 무결점,679000
72003647,프리플로우 Vuti24F54TF FHD Fast TN 리얼 540 게이밍,649000
71974493,레노버 LEGION R25f-30,298150
71974481,레노버 LEGION R25i-30,308730
71974451,레노버 LEGION R45w-30,1207401
71974388,레노버 LEGION R27fc-30 FHD 240 무결점 67B6GAC1KR,239700
71973926,크로스오버 32QD200GM IPS WQHD 180 게이밍 멀티스탠드 무결점,288930
71973920,크로스오버 32QD200GM IPS WQHD 180 게이밍 멀티스탠드,278930
71965130,제이씨현 UDEA EDGE ED2449KC 유케어 IPS 홈엔터 100 피벗 무결점,154000
71965115,제이씨현 UDEA EDGE ED2449KC 유케어 IPS 홈엔터 100 피벗,148000
71964845,한성컴퓨터 TFG32U16P UHD Fast IPS QD Mini LED 160 게이밍 무결점,829000
71964830,한성컴퓨터 TFG32U16P UHD Fast IPS QD Mini LED 160 게이밍,799000
71906027,글로벌전자 SG320LED 베젤리스 무결점,134100
71901950,앱코 HV-AV32F240G 하이퍼뷰 REAL 240 강화유리 HDR 무결점,269000
71901935,앱코 HV-AV32F240G 하이퍼뷰 REAL 240 강화유리 HDR,269000
71778272,삼성전자 오디세이 G3 S32DG300 멀티스탠드,297110
71777765,쓰리윈즈 인터픽셀 IPU4010 무결점,697000
71777753,쓰리윈즈 인터픽셀 IPU4010,657000
71646986,프리플로우 Vuti27F12PF FHD IPS 리얼 120 무결점,122900
71646974,프리플로우 Vuti27F12PF FHD IPS 리얼 120,117900
71646671,에이서 니트로 XV320QU M3 QHD Fast IPS 180 게이밍 무결점,319000
71646509,에이서 니트로 KG270 M5 FHD IPS 180 게이밍 무결점,159000
71646155,에이서 니트로 ED343CUR X UWQHD Fast VA 240 커브드 게이밍 무결점,439000
71645816,에이서 니트로 KG240Y M5 FHD IPS 180 게이밍 무결점,128990
71645579,제우스랩 P16 Plus 휴대용,164990
71502629,알파스캔 AOC U27B3C 4K UHD USB-C 높낮이 HDR 무결점,389000
71502215,알파스캔 AOC U27B3A 4K UHD IPS 높낮이 HDR 무결점,348960
71501423,한성컴퓨터 TFG27Q36FL QD-OLED QHD 리얼 360 게이밍 USB Type-C 무결점,929000
71501417,한성컴퓨터 TFG27Q36FL QD-OLED QHD 리얼 360 게이밍 USB Type-C,899000
71501231,비트엠 Newsync 288UHD IPS 4K HDR 무결점,203300
71501183,비트엠 Newsync 288UHD IPS 4K HDR,197950
90113027,앱코 LPC34Q165D 프라임 나노IPS BLACK UWQHD HDR 블랙,299000
71279108,자비오씨엔씨 엑사비오 X2771Q120 무결점,140430
71279087,자비오씨엔씨 엑사비오 X2771Q120,142390
71278805,자비오씨엔씨 엑사비오 X2771Q120C 무결점,205990
71278796,자비오씨엔씨 엑사비오 X2771Q120C,209460
71278778,자비오씨엔씨 엑사비오 X2770Q120 무결점,140780
71278775,자비오씨엔씨 엑사비오 X2770Q120,142480
71278634,자비오씨엔씨 엑사비오 X2770Q120C 무결점,221050
71278616,자비오씨엔씨 엑사비오 X2770Q120C,221050
71277374,앱코 LPC34Q165D 프라임 나노IPS BLACK UWQHD HDR 블랙 무결점,299000
71220920,BenQ MA320U (해외구매),1194600
71220872,BenQ MA320U 무결점,881920
71217959,제이씨현 UDEA EDGE ED2447KC 유케어 IPS 홈엔터 100 무결점,104000
71160734,제이씨현 UDEA EDGE ED2747KC 유케어 IPS 홈엔터 100 무결점,146310
71160719,제이씨현 UDEA EDGE ED2747KC 유케어 IPS 홈엔터 100,124000
71160458,제이씨현 UDEA EDGE ED2447KC 유케어 IPS 홈엔터 100,99000
71159099,크로스오버 32QD100SM IPS WQHD 멀티스탠드 무결점,218690
71159090,크로스오버 32QD100SM IPS WQHD 멀티스탠드,208700
71155643,래안텍 EdgeArt F3275KB 블랙 FHD 베젤리스 100 오피스 무결점,159000
71155592,래안텍 EdgeArt F3275KW 화이트 FHD 베젤리스 100 오피스 무결점,163990
71155574,래안텍 EdgeArt F3275KW 화이트 FHD 베젤리스 100 오피스,158990
71063474,LG전자 울트라기어 32GS95UV,1411640
93632825,DELL 에일리언웨어 AW2524HF (해외구매),819900
71011145,DELL 에일리언웨어 AW2524HF,989990
71009210,주연테크 리오나인 X27QC-180 커브드 무결점,239000
71009186,주연테크 리오나인 X27QC-180 커브드,229000
71009123,주연테크 리오나인 X27Q-180 무결점,229000
71009108,주연테크 리오나인 X27Q-180,219000
71008472,주연테크 리오나인 X34Q-144 울트라와이드 무결점,339000
71008448,주연테크 리오나인 X34Q-144 울트라와이드,319000
96708656,GIGABYTE GS27U UHD 게이밍 160 (해외구매),497500
71158409,쓰리윈즈 인터픽셀 IPQ2744 무결점,345600
70875281,필립스 에브니아 32M2N8800 UHD OLED 240 프리싱크 HDR 게이밍 화이트 무결점,1390000
70875113,필립스 에브니아 34M2C5500 WQHD 180 프리싱크 HDR 400 게이밍 무결점,483990
70874975,GIGABYTE GS27U UHD 게이밍 160,599000
70874153,펀디지 Flipview 18 포터블 듀얼,343150
70873853,LG전자 MyView 스마트 32SR75U,809470
70873757,쓰리윈즈 인터픽셀 IPQ2744,326340
70769468,BSCONN F1 (해외구매),189000
70769360,BSCONN M16 MAX 포터블 듀얼,449260
70768604,BSCONN M1 PRO (해외구매),400230
70768412,BSCONN F6 TX 포터블 듀얼,409000
70767971,Gawfolk GF340C,300000
70679630,크로스오버 27GSA9 Fast-iPS 200 Ai게이밍 무결점,152560
70679612,크로스오버 27GSA9 Fast-iPS 200 Ai게이밍,146700
70678163,주연테크 V27FX-120 무결점,139000
70678121,주연테크 V27FX-120,134000
70677896,주연테크 V24FX-120 무결점,114000
70677860,주연테크 V24FX-120,109000
70677530,알파스캔 AOC 24V IPS 4면 보더리스 높낮이 무결점,168980
70677125,BenQ GW2790Q 아이케어 무결점,264820
70676426,BenQ GW2486TC 아이케어 무결점,266000
70619627,한성컴퓨터 TFG34Q24W 커브드 리얼 240 울트라와이드 게이밍 무결점,419000
70619549,한성컴퓨터 TFG34Q24W 커브드 리얼 240 울트라와이드 게이밍,399000
70531178,LG전자 MyView 스마트 34SR60QC,439000
70529300,래안텍 PANTHEON SMF2760 구글 안드로이드 스마트,147000
70529264,래안텍 PANTHEON SMF2460 구글 안드로이드 스마트,132000
70335362,삼성전자 오디세이 OLED G9 G95SD S49DG952,1687110
96256304,DELL E2425H (해외구매),259190
70255148,LG전자 울트라기어 27GR83Q,574840
70255097,LG전자 MyView 스마트 32SR76U,548990
70254860,LG전자 울트라HD 32UR500,716480
70254800,DELL E2425H,122990
70254752,DELL E2425HS,166600
70254611,HP 오멘 Transcend 32,1714020
70253801,크로스오버 32RTX950 UHD 4K PD65 게이밍 무결점,441000
70253792,크로스오버 32RTX950 UHD 4K PD65 게이밍,431100
70253621,ASUS TUF Gaming VG279Q3R,199000
70250330,DELL P3424WE,699000
78386909,레노버 ThinkVision T23d-10 (중고),49000
70155053,BenQ RD280UA 무결점,956970
70102967,한성컴퓨터 TFG27F12P 프리싱크 IPS 리얼 120 무결점,134000
70098461,프리플로우 Vuti32F06VU UHD 무결점,277900
70005227,프리플로우 Vuti32F06VU UHD,267900
69698729,자비오씨엔씨 엑사비오 X2201EW HDMI 무결점,90160
69698714,자비오씨엔씨 엑사비오 X2201EW HDMI,90160
69698678,자비오씨엔씨 엑사비오 X2201EW 무결점,89000
69698666,자비오씨엔씨 엑사비오 X2201EW,90160
69659147,알파스캔 AOC U32V5 4K UHD 프리싱크 HDR 시력보호 무결점,389000
69658835,프리플로우 Vuti34CW12VQ WQHD 울트라와이드 커브드 리얼 120 게이밍 무결점,257900
69658808,프리플로우 Vuti34CW12VQ WQHD 울트라와이드 커브드 리얼 120 게이밍,247900
69468836,에이서 니트로 ED270 X2 FHD 240 커브드 게이밍 무결점,179000
69468761,에이서 니트로 ED273 S3 FHD 180 커브드 게이밍 무결점,169000
69058679,알파스캔 에이건 AGON 275QXE 게이밍 IPS 180 HDR 400 피벗 무결점,513400
69058469,알파스캔 에이건 AGON 275QXW 게이밍 IPS 180 HDR 400 화이트 무결점,513390
69058310,에이서 니트로 ED343CUR H UWQHD 100 커브드 게이밍 무결점,239000
69058106,에이서 니트로 XV320QU X QHD Fast IPS 240 게이밍 무결점,479000
69057734,크로스오버 273QH9 IPS-100 WQHD 화이트 무결점,148900
69057716,크로스오버 273QH9 IPS-100 WQHD 화이트,148380
69057218,주연테크 리오나인 X27F-180 무결점,149000
69057194,주연테크 리오나인 X27F-180,139000
68918735,MSI MAG 32C6X 게이밍 250 HDR AI 무결점,247410
68918720,MSI MAG 32C6X 게이밍 250 HDR AI,253590
68917535,EVICIV M160G01,309000
68915696,클라인즈 제스타 KXM2400FH75 블랙,86330
68915669,클라인즈 제스타 KXM2400FH75 화이트,95000
68914880,BenQ ZOWIE XL2546X+ 게이밍 무결점,731940
68903315,비트엠 Newsync P3275F 울트라슬림 화이트 무결점,151190
68899682,비트엠 Newsync P3275F 울트라슬림 화이트,147460
68889368,비트엠 Newsync B2799LGF 120 컬러풀 HDR 화이트 무결점,114170
68887559,비트엠 Newsync B2799LGF 120 컬러풀 HDR 화이트,110960
69471509,ASUS ProArt PA329CRV (해외구매),857240
68791646,MSI MAG 274CXF VA 게이밍 280 AI 무결점,200000
68791631,MSI MAG 274CXF VA 게이밍 280 AI,219000
68791571,MSI MP271A E2 IPS 120 아이에르고 HDR 무결점,134100
68791559,MSI MP271A E2 IPS 120 아이에르고 HDR,139000
68790671,알파스캔 AOC 27B30 화이트 보더리스 IPS 120 시력보호 무결점,149690
68790638,알파스캔 AOC 24B30 화이트 보더리스 IPS 120 시력보호 무결점,122140
68790488,알파스캔 AOC 27B30 화이트 보더리스 IPS 100 시력보호 무결점,160000
68790092,알파스캔 AOC 24B30 화이트 보더리스 IPS 100 시력보호 무결점,132000
68789603,정림전자 GMASTAR JG321L6771 화이트 리얼 240 HDR 강화유리 게이밍 무결점,289000
68788712,비트엠 Newsync H34WQHD 울트라와이드 100 게이밍 커브드 무결점,232980
68788694,비트엠 Newsync H34WQHD 울트라와이드 100 게이밍 커브드,225450
95347373,ASUS ROG STRIX OLED XG27ACDNG (해외구매),1147090
71903915,ASUS ROG SWIFT OLED PG27AQDP (해외구매),1622900
68781929,ASUS ROG STRIX OLED XG27ACDNG,1499000
68781842,프리플로우 Vuti32F14VU UHD 리얼 144 게이밍 무결점,519000
68781836,프리플로우 Vuti32F14VU UHD 리얼 144 게이밍,499000
68777891,크로스오버 27QAW9 Fast-iPS WQHD 화이트 게이밍 무결점,215200
68777879,크로스오버 27QAW9 Fast-iPS WQHD 화이트 게이밍,211060
68691023,삼성전자 오디세이 G3 G30D S32DG304,291770
68690942,삼성전자 오디세이 G3 G30D S27DG304,262950
68690897,삼성전자 오디세이 G3 G30D S24DG304,208467
68580218,에이서 프레데터 XB273K V5 4K UHD Fast IPS DFR 가변주사율 게이밍,498980
68579918,제이씨현 UDEA LOOK LK3233KC 유케어 IPS 오피스 75 화이트 무결점,169000
68579903,제이씨현 UDEA LOOK LK3233KC 유케어 IPS 오피스 75 화이트,169000
94997921,LG전자 MyView 스마트 32SR73U (중고),409180
69471524,LG전자 MyView 스마트 32SR73U (해외구매),650880
68439401,삼성전자 오디세이 OLED G9 S49DG930,1518040
68439281,삼성전자 오디세이 OLED G9 S49DG910,1244670
68438525,삼성전자 오디세이 OLED G6 S27DG610,759000
68438225,삼성전자 오디세이 G3 S27DG300,248960
68438123,LG전자 MyView 스마트 32SR73U,501040
68437754,제이씨현 UDEA LOOK LK3242RA 유케어 VA 오피스 무결점,160000
68437742,제이씨현 UDEA LOOK LK3242RA 유케어 VA 오피스,156960
92190062,DELL SE2725H (해외구매),195400
92154173,DELL SE2225H (해외구매),237800
69471533,DELL SE2425H (해외구매),276000
68786534,BenQ 모비우스 EX321UX (해외구매),2519560
68244410,삼성전자 오디세이 OLED G8 G85SD S34DG852,1259000
68243609,BenQ 모비우스 EX321UX 무결점,2538510
68243237,DELL SE2725H,163480
68243171,DELL SE2425H,136220
68243081,DELL SE2225H,118700
67978835,카멜 CM2720GIQ 무결점,369000
67978799,카멜 CM2720GIQ,333350
67849070,제이씨현 UDEA EDGE ED2742PF 유케어 180 홈게임 무결점,129000
67849061,제이씨현 UDEA EDGE ED2742PF 유케어 180 홈게임,126470
67848236,알파스캔 에이건 AGON 276QZD2 QHD OLED 240 프리싱크 HDR 게이밍 무결점,849000
67693637,크로스오버 273QH9M WQHD IPS 100 화이트 멀티스탠드 무결점,189000
67693631,크로스오버 273QH9M WQHD IPS 100 화이트 멀티스탠드,179000
67693532,BenQ ZOWIE XL2566X+ 게이밍 무결점,1082880
75538739,BenQ MA270U (해외구매),801870
67682522,프리플로우 Vuti32F18VQ QHD 리얼 180 게이밍 무결점,257900
67682495,프리플로우 Vuti32F18VQ QHD 리얼 180 게이밍,247900
67682351,제이씨현 UDEA EDGE ED2742RA 유케어 IPS 홈엔터 100 무결점,129000
67682339,제이씨현 UDEA EDGE ED2742RA 유케어 IPS 홈엔터 100,124000
67681856,제이씨현 UDEA EDGE ED2742RA 유케어 VA 홈엔터 100 무결점,124000
67681853,제이씨현 UDEA EDGE ED2742RA 유케어 VA 홈엔터 100,119000
67681508,필립스 에브니아 27M1N5500ZR 나노 IPS QHD 180 HDR 400 무결점,511320
67681337,픽셀아트 Aurora PAC2799B 블루 IPS 아이케어 프리싱크 리얼 100 무결점,134000
67681319,픽셀아트 Aurora PAC2799B 블루 IPS 아이케어 프리싱크 리얼 100,129000
67681103,픽셀아트 Aurora PAC2499B 블루 IPS 아이케어 프리싱크 리얼 100 무결점,104000
67681094,픽셀아트 Aurora PAC2499B 블루 IPS 아이케어 프리싱크 리얼 100,98610
67677695,BenQ MA270U 무결점,732880
67680779,비트엠 Newsync P320FC 패스트 165 커브드 게이밍 화이트 UP 180 무결점,189120
67624646,비트엠 Newsync P320FC 패스트 165 커브드 게이밍 화이트 UP 180,186280
67624046,에이서 니트로 XZ271U X3 WQHD 240 커브드 게이밍 무결점,329000
67577855,제우스랩 P16K 휴대용,198570
67577813,제우스랩 P16KT,227330
67576595,크로스오버 220FL75 IPS TYPE-C TOUCH 빅포터블 무결점,218940
67576559,크로스오버 220FL75 IPS TYPE-C TOUCH 빅포터블,208930
67576088,MSI MAG 255XFV VA 게이밍 250 AI 무결점,276260
67575983,비트엠 Newsync P27QHD IPS 165 게이밍 화이트 무결점,208590
67575971,비트엠 Newsync P27QHD IPS 165 게이밍 화이트,200200
95347349,MSI MP275W E2 IPS 120 아이에르고 화이트 (해외구매),243200
67514786,MSI MP275W E2 IPS 120 아이에르고 화이트 무결점,144250
67514657,MSI MP251PS IPS 100 아이에르고 피벗 무결점,144250
67514651,MSI MP251PS IPS 100 아이에르고 피벗,157090
67514240,비트엠 Newsync P320FC 커브드 100 울트라슬림 화이트 무결점,146300
67514186,비트엠 Newsync P320FC 커브드 100 울트라슬림 화이트,144490
67513937,프리플로우 Vuti27F24PF FHD Fast IPS 리얼 240 게이밍 무결점,177900
67513919,프리플로우 Vuti27F24PF FHD Fast IPS 리얼 240 게이밍,167900
67410131,비트엠 Newsync X320QCR 165 커브드 게이밍 HDR 무결점,232830
67410071,비트엠 Newsync X320QCR 165 커브드 게이밍 HDR,224830
93864884,LG전자 울트라와이드 34WR50QK (중고),307380
78240152,클라인즈 아인츠 KEM2400FH75 무결점,90000
66135212,CORSAIR XENEON 34WQHD240-C QD-OLED 게이밍,1738790
66064355,LG전자 울트라와이드 34WR50QK,349000
66064247,클라인즈 아인츠 KEM2400FH75,99000
66047609,LG전자 MyView 스마트 34SR65QC,433440
65911769,프리플로우 Vuti24F24PQ QHD Fast IPS 리얼 240 게이밍 무결점,269900
65911385,프리플로우 Vuti24F24PQ QHD Fast IPS 리얼 240 게이밍,259900
65425601,레노버 L24i-4A FHD 100 IPS 무결점 화이트 67BCKAC6KR,119000
65425541,레노버 L27i-4A FHD 100 IPS 무결점 화이트 67BEKAC1KR,149800
65365643,레노버 LEGION Y34wz-30,979020
65306558,프리플로우 Vuti27F06PU UHD IPS 무결점,227900
65306543,프리플로우 Vuti27F06PU UHD IPS,217900
65305724,프리플로우 Vuti24F24VF FHD 리얼 240 게이밍 무결점,157900
65305703,프리플로우 Vuti24F24VF FHD 리얼 240 게이밍,147900
65303468,에이서 니트로 XZ270U S3 WQHD 180 커브드 게이밍 무결점,228980
65222402,LG전자 27BK550Y,209960
64464350,래안텍 EdgeArt QA3260K White Label IPS QHD 180 멀티스탠드 무결점,279000
64464338,래안텍 EdgeArt QA3260K White Label IPS QHD 180 멀티스탠드,279000
64392923,익스프레스럭코리아 무빙큐빅스 QX27GBX11 안드로이드 스마트,166000
64390223,비트엠 Newsync B2775F IPS 슬림 HDR 화이트 무결점,110830
64390205,비트엠 Newsync B2775F IPS 슬림 HDR 화이트,108820
64390136,비트엠 Newsync H3275F 보더리스 100 HDR 무결점,475000
64390118,비트엠 Newsync H3275F 보더리스 100 HDR,480000
64390031,비트엠 Newsync B2799LGF 120 컬러풀 HDR 무결점,114460
64390028,비트엠 Newsync B2799LGF 120 컬러풀 HDR,111980
64376933,LG전자 EX2041 (중고),60000
64297637,어드밴스원 OTJ270Q100 보더리스 100 IPS 광시야각 QHD 게이밍 무결점,219000
64272155,MSI MP252 IPS 100 아이에르고 무결점,99000
64272146,MSI MP252 IPS 100 아이에르고,118990
64269788,와사비망고 Artview 490 5K HDR Curved,650000
64270088,제이씨현 UDEA LOOK LK2442IT 유케어 VA 오피스 120,92120
63977804,프리플로우 Vuti27F18PQ pro QHD Fast IPS 리얼 180 게이밍 무결점,207900
63977192,프리플로우 Vuti27F18PQ pro QHD Fast IPS 리얼 180 게이밍,197900
63974087,프리플로우 Vuti27F24PQ QHD Fast IPS 리얼 240 게이밍 무결점,287900
63973625,프리플로우 Vuti27F24PQ QHD Fast IPS 리얼 240 게이밍,277900
63954413,프리플로우 Vuti27F18PF FHD Fast IPS 리얼 180 게이밍 무결점,159900
63953846,프리플로우 Vuti27F18PF FHD Fast IPS 리얼 180 게이밍,149900
63868991,제이씨현 UDEA LOOK LK2442IT 유케어 VA 오피스 120 무결점,97020
63562286,DELL P2425H,185000
63559940,비트엠 Newsync B2712F IPS ZERO 게이밍 120 HDR 화이트 무결점,112550
63559922,비트엠 Newsync B2712F IPS ZERO 게이밍 120 HDR 화이트,110490
63479153,GIGABYTE 게이밍 GS27QA 180 HDR,248000
63479240,한성컴퓨터 TFG32U06FS Dongle 스마트 무결점,958400
63467615,한성컴퓨터 TFG32U06FS Dongle 스마트,926400
63465935,필립스 27E1N1100AW 100 시력보호 4면 보더리스 화이트 무결점,138990
63465737,필립스 24E1N1100AW 100 시력보호 4면 보더리스 화이트 무결점,140450
63464954,크로스오버 미켈란 32WQ100TM IPS QHD TYPE-C DCI-P3 멀티스탠드 무결점,228990
63464939,크로스오버 미켈란 32WQ100TM IPS QHD TYPE-C DCI-P3 멀티스탠드,218990
77623901,ASUS ROG SWIFT OLED PG32UCDP (해외구매),2630490
63272567,필립스 에브니아 27M2N3200A 180 프리싱크 HDR 게이밍 피벗 무결점,239000
63272516,제이씨현 UDEA LOOK LK2442LA 유케어 VA 오피스 120 무결점,94000
63272474,프리플로우 Vuti27F10PQ QHD IPS 리얼 100 무결점,159900
63272468,프리플로우 Vuti27F10PQ QHD IPS 리얼 100,149900
63272138,ASUS ROG STRIX XG27ACS-W,326400
72065069,크로스오버 277FM100 IPS 100 블랙 멀티스탠드 무결점,147840
72064946,크로스오버 277FM100 IPS 100 블랙 멀티스탠드,142440
63141197,알파스캔 AOC 27B3C 보더리스 USB-C PD65 IPS 100 무결점,234070
63140948,알파스캔 AOC 24B3C 보더리스 USB-C PD65 IPS 100 무결점,194980
63140762,알파스캔 AOC 24B3C 보더리스 USB-C IPS 100 무결점,163960
63140027,크로스오버 277FM100 IPS 100 화이트 멀티스탠드 무결점,146480
63140018,크로스오버 277FM100 IPS 100 화이트 멀티스탠드,141120
63139103,비트엠 Newsync B279F ZERO HDR 무결점,110500
63139091,비트엠 Newsync B279F ZERO HDR,107000
63087833,래안텍 BLAZE U3260CE 4K UHD IPS 베젤리스 무결점,247430
63087809,래안텍 BLAZE U3260CE 4K UHD IPS 베젤리스,245000
63028061,필립스 27E2F7901 (해외구매),1157100
63028016,필립스 27E2F7901 IPS 블랙 도킹스테이션 HDR 400 멀티스탠드 무결점,758660
63027941,비트엠 Newsync 325UHD IPS 4K HDR 무결점,255020
63027926,비트엠 Newsync 325UHD IPS 4K HDR,250390
62789966,래안텍 Arkcell 27QAF80CE 화이트 IPS QHD 180 멀티스탠드 무결점,249000
62789963,래안텍 Arkcell 27QAF80CE 화이트 IPS QHD 180 멀티스탠드,239000
62789933,래안텍 Arkcell 27QAF80CE 블랙 IPS QHD 180 멀티스탠드 무결점,239000
62789924,래안텍 Arkcell 27QAF80CE 블랙 IPS QHD 180 멀티스탠드,229000
94202027,LG전자 울트라기어 27GS75Q (해외구매),356390
62642024,HP Series 7 Pro 732pk,1129000
62641913,HP Series 7 Pro 727pq,539080
62641826,HP Series 7 Pro 727pk,878840
62641214,HP Series 7 Pro 724pn,339000
62640845,삼성전자 S36GD S27D362,189340
62640533,LG전자 24MR400W,132250
62639822,LG전자 울트라기어 32GS85Q,493680
62639555,LG전자 울트라기어 32GS75Q,448330
62639234,LG전자 울트라기어 27GS75Q,345310
62638751,LG전자 울트라기어 24GS65F,208780
62638133,LG전자 울트라기어 27GS85Q,447680
62637509,나라테크놀로지 태극2410 무결점,84900
62564480,프리플로우 Vuti32F24VQ QHD 리얼 240 게이밍 무결점,307900
62564474,프리플로우 Vuti32F24VQ QHD 리얼 240 게이밍,297900
62564345,프리플로우 Vuti27F16PU UHD Fast IPS 리얼 160 게이밍 무결점,407900
62564330,프리플로우 Vuti27F16PU UHD Fast IPS 리얼 160 게이밍,397900
62564159,제이씨현 BattleG BG24FM3 유케어 IPS 게이밍 180 무결점,133000
62564132,제이씨현 BattleG BG24FM3 유케어 IPS 게이밍 180,125760
62563808,필립스 에브니아 27M2N5511P QHD 240 HDR 400 게이밍 화이트 무결점,439000
62563757,필립스 에브니아 27M2N5510P QHD 240 HDR 400 게이밍 피벗 무결점,429000
62563583,제이씨현 BattleG BG27QM3 유케어 165 QHD 무결점,229000
62563538,나라테크놀로지 태극2410,114240
62176262,픽셀아트 PIXELART PAU2711W IPS 리얼 4K UHD HDR 화이트 무결점,202000
62176250,픽셀아트 PIXELART PAU2711W IPS 리얼 4K UHD HDR 화이트,193030
62175815,픽셀아트 PIXELART PAQ2718W Fast IPS QHD 리얼 180 게이밍 화이트 무결점,209000
62175701,픽셀아트 PIXELART PAQ2718W Fast IPS QHD 리얼 180 게이밍 화이트,199000
62074301,EIZO FlexScan S2134,1410000
62074118,EIZO ColorEdge CS2400S,1306800
62074007,EIZO ColorEdge CS2400R,980100
61847006,크로스오버 40LGD5KGM 나노IPS 5K FAST-120 커브드 무결점,878990
61846988,크로스오버 40LGD5KGM 나노IPS 5K FAST-120 커브드,848990
61846697,MSI MPG 271QRX QD-OLED 360 WQHD,1269190
61845803,MSI MAG 342CQR E2 게이밍 UWQHD 180 AI 무결점,459000
61781228,샤오미 A27i,139800
92233430,MSI MP273U 4K IPS 아이에르고 HDR (해외구매),227200
61544807,빅트랙 34CM16501Q,336990
61544789,빅트랙 34CM10001Q,269000
61544612,빅트랙 27FM10001W,214400
61544579,빅트랙 24FM10001W,86960
61544465,빅트랙 140PM02Q,98490
61543934,제우스랩 P16ST,219000
61543547,비트엠 Newsync BG279QHD 패스트180 IPS 게이밍 무결점,186450
61543388,MSI MP273U 4K IPS 아이에르고 HDR 무결점,248380
61543370,MSI MP273U 4K IPS 아이에르고 HDR,267310
61540595,비트엠 Newsync BG279QHD 패스트180 IPS 게이밍,183420
61438457,비트엠 Newsync X27Q100 IPS LASER HDR 무결점,134980
61438442,비트엠 Newsync X27Q100 IPS LASER HDR,131490
61421162,한성컴퓨터 TFG27Q10P QHD IPS 리얼 100 무결점,179000
61421156,한성컴퓨터 TFG27Q10P QHD IPS 리얼 100,169000
65223761,MSI MPG 321URX QD-OLED 240 4K UHD (해외구매),2001590
60425636,크로스오버 27GU950 Fast-IPS UHD4K PD65 USB-C 게이밍 멀티스탠드 무결점,900000
60425624,크로스오버 27GU950 Fast-IPS UHD4K PD65 USB-C 게이밍 멀티스탠드,450900
60424913,제이씨현 BattleG BG27DF3 유케어 240 멀티스탠드 무결점,163000
60422543,MSI MPG 321URX QD-OLED 240 4K UHD,1632080
71645243,EHOMEWEI X2 PRO 터치펜,723680
60322283,MSI G244F E2 IPS 게이밍 180 아이세이버 무결점,384780
60322280,MSI G244F E2 IPS 게이밍 180 아이세이버,248000
60322046,EHOMEWEI X2 터치펜 (해외구매),912900
60322010,EHOMEWEI X2 PRO 터치펜 (해외구매),666300
60247340,필립스 에브니아 27M2N3200S 180 프리싱크 HDR 게이밍 무결점,219000
60247238,필립스 에브니아 24M2N3200S 180 프리싱크 HDR 게이밍 무결점,194000
60247109,크로스오버 247FM100 IPS 100 멀티스탠드 무결점,133800
60247106,크로스오버 247FM100 IPS 100 멀티스탠드,128800
60246917,한성컴퓨터 TFG49Q24UWL QD-OLED DQHD 리얼 240 울트라와이드 게이밍 무결점,1320000
60246902,한성컴퓨터 TFG49Q24UWL QD-OLED DQHD 리얼 240 울트라와이드 게이밍,1290000
60246926,크로스오버 32ULD995 나노IPS 4면제로 PD65 UHD4K 멀티스탠드 무결점,909000
60171506,크로스오버 32ULD995 나노IPS 4면제로 PD65 UHD4K 멀티스탠드,900000
60166808,MSI G274PF IPS 게이밍 180 HDR 피벗 무결점,219000
60145490,GIGABYTE AORUS FO32U2P QD-OLED 4K 240 UHBR20 DP 2.1 피씨디렉트,1698990
60067136,비트엠 Newsync G27UHD IPS 160 USB Type-C 노블 멀티스탠드 무결점,367130
60066695,에이서 니트로 XV242 F Fast TN 540 게이밍,798980
60066554,비트엠 Newsync G27UHD IPS 160 USB Type-C 노블 멀티스탠드,348920
60009344,MSI G2412F IPS 게이밍 180 아이케어 무결점,219840
59932088,비트엠 Newsync X43UHD 울트라슬림 4K HDR 무결점,435430
59932067,비트엠 Newsync X43UHD 울트라슬림 4K HDR,426430
59929232,HP E27u G5,409000
59928995,HP 532sf,329000
59928113,빅트랙 30CM10001,182930
59927783,일렉싱크 S15A 휴대용 화이트,99000
59927447,일렉싱크 S15A 휴대용 블랙,99000
59834387,TCL 27R83U,969980
59834105,TCL 34R83Q,726530
59759180,LG전자 울트라기어 27GS65F,250040
59758760,삼성전자 뷰피니티 S7 S70D S32D703,370580
59758712,삼성전자 뷰피니티 S7 S70D S32D702,382180
59758322,삼성전자 뷰피니티 S8 S80UD S27D800,386680
59541716,LG전자 MyView 스마트 32SR50FB,317020
59541650,LG전자 MyView 스마트 27SR50FB,299000
59541494,LG전자 MyView 스마트 27SR75U,599000
59536844,LG전자 MyView 스마트 27SR73U,434850
59081882,프리플로우 Vuti24F18PF FHD Fast IPS 리얼 200 게이밍 무결점,129900
59081873,프리플로우 Vuti24F18PF FHD Fast IPS 리얼 200 게이밍,124900
58937813,MSI MAG 275QF IPS 게이밍 WQHD 180 AI 무결점,249000
58912640,GIGABYTE AORUS FO32U2 QD-OLED 4K 240 피씨디렉트,1699000
58911545,타라엘씨디 T220FHC CCTV NEW,160520
58845704,에이서 니트로 XV322QK V3 4K UHD Fast IPS 160 게이밍,629000
58837871,에이서 니트로 XV272U V3 WQHD Fast IPS 180 게이밍,259000
58837247,크로스오버 27GFA9 FAST IPS180 화이트 게이밍 무결점,969990
58837235,크로스오버 27GFA9 FAST IPS180 화이트 게이밍,969990
58666292,삼성전자 오디세이 OLED G8 G80SD S32DG802,1560790
58666193,삼성전자 뷰피니티 S6 S60UD S27D604,335970
58635824,비트엠 Newsync 3212UHD HDR 화이트 무결점,232850
58628249,비트엠 Newsync 3212UHD HDR 화이트,232230
58397021,크로스오버 32UFi7 Fast iPS UHD4K 프로 게이밍 무결점,565200
58364591,크로스오버 32UFi7 Fast iPS UHD4K 프로 게이밍,545400
58113455,픽셀아트 PIXELART PAQ3416W 화이트 커브드 멀티스탠드 WQHD 165,299000
58105253,비트엠 SMACO M220F 리얼 100 베젤리스 HDR 무결점,74700
58105241,비트엠 SMACO M220F 리얼 100 베젤리스 HDR,72570
58104992,필립스 221V8 프리싱크 100 시력보호 보더리스 무결점,114670
58104602,크로스오버 27USD55 UHD 4K DCI-P3 하이라이트 멀티스탠드 무결점,520930
58104485,크로스오버 27USD55 UHD 4K DCI-P3 하이라이트 멀티스탠드,969990
58103585,주연테크 F27C15 Type-C 120 무결점,255000
58103540,주연테크 F27C15 Type-C 120,239000
58103351,주연테크 F24C15 Type-C 120 무결점,124000
58103333,주연테크 F24C15 Type-C 120,119000
58024181,제이씨현 BattleG BG32CP 유케어 240 게이밍 강화유리 무결점,279960
58477583,제이씨현 UDEA EDGE ED2442RA 유케어 VA 홈엔터 100 무결점,89000
58477022,제이씨현 UDEA EDGE ED2442RA 유케어 IPS 홈엔터 100 무결점,89000
58011950,제이씨현 UDEA EDGE ED2442RA 유케어 VA 홈엔터 100,86000
58011827,제이씨현 UDEA EDGE ED2442RA 유케어 IPS 홈엔터 100,99000
58011143,MSI MAG 32C6 게이밍 180 HDR AI 무결점,228650
58011119,MSI MAG 32C6 게이밍 180 HDR AI,237630
58010738,MSI MAG 275F IPS 게이밍 180 AI 무결점,179000
58010720,MSI MAG 275F IPS 게이밍 180 AI,159000
58008587,비트엠 Newsync 3260U 플렉스 4K HDR PLUS 무결점,240750
58008548,비트엠 Newsync 3260U 플렉스 4K HDR PLUS,233000
94997498,LG전자 24MS500 (중고),149290
57713267,LG전자 27MS550,173560
57713216,LG전자 27MS500,185770
57713096,LG전자 25MS550,171190
57712871,LG전자 24MS550,160000
57712784,LG전자 24MS500,156920
57712196,비트엠 Newsync B220F 리얼100 베젤리스 HDR 무결점,75880
57712175,비트엠 Newsync B220F 리얼100 베젤리스 HDR,72590
57710543,크로스오버 미켈란 27Q75M4 IPS QHD 400 DCI-P3 멀티스탠드 화이트 무결점,172350
57710519,크로스오버 미켈란 27Q75M4 IPS QHD 400 DCI-P3 멀티스탠드 화이트,164990
57710504,크로스오버 미켈란 27Q75M4 IPS QHD 400 DCI-P3 멀티스탠드 블랙 무결점,179000
57710495,크로스오버 미켈란 27Q75M4 IPS QHD 400 DCI-P3 멀티스탠드 블랙,165000
57508823,뷰소닉 VA2732-H-W 무결점,133990
96984038,KOORUI GN02 무결점,189000
57505499,쓰리윈즈 인터픽셀 IPQ3244 무결점,366020
57499661,쓰리윈즈 인터픽셀 IPQ3244,356300
57499223,KOORUI GN02,179000
57492734,비트엠 Newsync BG322Q IPS 165 게이밍 무결점,241690
57492713,비트엠 Newsync BG322Q IPS 165 게이밍,240890
57492434,샤오미 G34WQi 180,258000
57492125,샤오미 G27i 165,107520
57308891,비트엠 Newsync B225H 프리싱크 HDR PLUS 무결점,69200
57308882,비트엠 Newsync B225H 프리싱크 HDR PLUS,69200
73613828,ASUS ROG STRIX OLED XG27AQDMG (해외구매),1086800
57292652,주연테크 V27FX-W 무결점,139000
57292634,주연테크 V27FX-W,134000
57292268,주연테크 V24FX-W 무결점,109000
57292220,주연테크 V24FX-W,109000
57292109,주연테크 V22FX-W 무결점,99000
57292097,주연테크 V22FX-W,94000
57289790,ASUS ROG STRIX OLED XG27AQDMG,1499000
62319782,한성컴퓨터 TFG34Q17WL QD-OLED WQHD 리얼 175 울트라와이드 게이밍 무결점,1020000
56502008,한성컴퓨터 TFG34Q17WL QD-OLED WQHD 리얼 175 울트라와이드 게이밍,960300
56501888,제이씨현 BattleG BG32CK 유케어 240 게이밍 강화유리 무결점,279960
58113530,픽셀아트 PIXELART PAQ3410W 화이트 커브드 멀티스탠드 WQHD 100,249000
56345756,픽셀아트 PIXELART PAQ3416W 화이트 커브드 멀티스탠드 WQHD 165 무결점,309000
56345696,픽셀아트 PIXELART PAQ3410W 화이트 커브드 멀티스탠드 WQHD 100 무결점,259000
56142479,제이씨현 UDEA EDGE ED2741C,172240
56142278,EVICIV M185E04,339000
56139341,에스에스온 QSYNC OTV27F165K 보더리스 180 광시야각 Type-c 게이밍 무결점,147000
56139329,에스에스온 QSYNC OTV27F165K 보더리스 180 광시야각 Type-c 게이밍,146980
56138231,주연테크 캐리뷰 J156FP,219000
94201871,LG전자 울트라기어 27GS60QC (해외구매),350190
78985352,LG전자 울트라기어 32GS60QC (해외구매),385210
56064398,MSI MAG 322UPF IPS 게이밍 4K 160 HDR400 무결점,634000
56064386,MSI MAG 322UPF IPS 게이밍 4K 160 HDR400,834590
56063936,알파스캔 AOC 22B30HM2 보더리스 100 시력보호 무결점,108000
56061905,삼성전자 뷰피니티 S8 S80UD S32D804,383930
56061536,LG전자 울트라기어 32GS60QC,318620
56061500,LG전자 울트라기어 27GS60QC,268510
56061041,LG전자 울트라기어 24GS50F,179000
55797500,주연테크 리오나인 X24F-180 무결점,134000
55797437,주연테크 리오나인 X24F-180,126080
94888235,BenQ GW2490T 아이케어 (해외구매),280240
55470218,BenQ GW2790T 아이케어 무결점,208990
55470170,BenQ GW2490T 아이케어 무결점,170000
55464215,제이씨현 UDEA EDGE ED2733TT 유케어 IPS 홈엔터 100 무결점,135000
55463813,제이씨현 UDEA EDGE ED2433TT 유케어 IPS 홈엔터 100 무결점,109000
55457582,삼성전자 오디세이 OLED G6 G60SD S27DG602,1049310
55454090,비트엠 Newsync G27F GOD 패스트 240 게이밍 무결점,172000
55454057,비트엠 Newsync G27F GOD 패스트 240 게이밍,166000
55335368,알파스캔 AOC 27G4E 게이밍 IPS 180 프리싱크 HDR 무결점,218990
55328876,알파스캔 AOC 24G4E 게이밍 IPS 180 프리싱크 HDR 무결점,199000
55087412,에이서 SA270 G0 IPS 120,128990
55087352,에이서 SA240Y G0 IPS 120,99000
55087040,에이서 SH242Y E Type C 무결점,139000
55085831,크로스오버 320F75 FHD 리얼75 무결점,156900
55085798,크로스오버 320F75 FHD 리얼75,156900
55084778,비트엠 Newsync X27QC 커브드 1500R 무결점,135000
55084739,비트엠 Newsync X27QC 커브드 1500R,131980
55082429,빅트랙 컨커러 27CM18001,145240
55082090,빅트랙 27CM10001,109000
95057822,LG전자 MyView 스마트 27SR50FE (중고),216750
55044647,LG전자 MyView 스마트 32SR50FP,427890
55044605,LG전자 MyView 스마트 32SR50FG,316830
55043864,LG전자 MyView 스마트 27SR50FP,265410
55043831,LG전자 MyView 스마트 27SR50FG,265410
55043624,LG전자 MyView 스마트 27SR50FE,288990
55043312,LG전자 울트라기어 27GS60F,259500
55043174,LG전자 울트라기어 24GS60F,217890
55042262,삼성전자 뷰피니티 S6 S32D604,388730
55042028,삼성전자 뷰피니티 S7 S27D700,282590
55041920,삼성전자 오디세이 OLED G8 G80SD S32DG800,1499980
55041758,삼성전자 뷰피니티 S7 S32D701,325740
55041737,삼성전자 뷰피니티 S7 S32D700,333770
94888175,DELL S2425HS (리퍼비시),184990
92190068,DELL P2225H (해외구매),243900
92189564,DELL S2425HS (해외구매),242800
54811796,DELL P2425E,494990
54811736,DELL P2425,293990
54811655,DELL P2225H,191000
54811526,DELL S2425HS,207900
54811292,DELL S2725HS,247900
54699881,HP X27C,233290
54699206,MSI MAG 274PFW IPS 게이밍 180 피벗 화이트 무결점,269000
54699125,MSI MAG 274PFW IPS 게이밍 180 피벗 화이트,269000
54698729,알파스캔 AOC CU34G2XP 게이밍 180 울트라와이드 WQHD 프리싱크 HDR 400 무결점,546780
54698114,크로스오버 27ULD950 UHD4K PD65 프로아트 화이트 멀티스탠드 무결점,302140
54698102,크로스오버 27ULD950 UHD4K PD65 프로아트 화이트 멀티스탠드,292330
54696854,비트엠 Newsync P140UT 4K AdobeRGB 포터블 멀티터치 HDR 무결점,248790
54483422,알파스캔 AOC Q27G4 게이밍 IPS 180 프리싱크 HDR 400 무결점,509600
54325529,EVICIV M173K03,241530
54316343,제이씨현 UDEA EDGE ED3232QIT 유케어 IPS 홈엔터 QHD 무결점,214000
54316334,제이씨현 UDEA EDGE ED3232QIT 유케어 IPS 홈엔터 QHD,209720
54316283,제이씨현 UDEA EDGE ED3231HQ 유케어 IPS 홈엔터 QHD 무결점,212430
54316235,제이씨현 UDEA EDGE ED3231HQ 유케어 IPS 홈엔터 QHD,206900
54315797,제이씨현 UDEA LOOK LK3232FIT 유케어 IPS 오피스 무결점,169000
54315641,제이씨현 UDEA LOOK LK3232FIT 유케어 IPS 오피스,158000
54315512,제이씨현 UDEA LOOK LK3231OF 유케어 IPS 오피스 무결점,164000
54315476,제이씨현 UDEA LOOK LK3231OF 유케어 IPS 오피스,164000
95342984,LG전자 울트라기어 27GS50F (해외구매),319960
94997819,LG전자 울트라기어 27GS50F (중고),197470
54215549,ASUS VU279CFE-B,199000
54215405,ASUS VU249CFE-B (해외구매),324210
54215378,ASUS VU249CFE-M,199000
54215309,ASUS VU249CFE-B,169000
54214541,LG전자 울트라기어 27GS50F,219000
54213926,비트엠 Newsync P27FHD165 IPS 게이밍 HDR 180UP 화이트 무결점,143500
54213917,비트엠 Newsync P27FHD165 IPS 게이밍 HDR 180UP 화이트,144660
54213851,비트엠 Newsync P27FHD165 IPS 게이밍 HDR 180UP 블랙 무결점,143470
54213791,비트엠 Newsync P27FHD165 IPS 게이밍 HDR 180UP 블랙,139910
54213323,한성컴퓨터 TFG27U16P UHD Fast IPS QD Mini LED 160 게이밍 무결점,519000
54213314,한성컴퓨터 TFG27U16P UHD Fast IPS QD Mini LED 160 게이밍,499000
54213191,한성컴퓨터 TFG27Q18PM QHD Fast IPS QD Mini LED 180 게이밍 무결점,349000
54213164,한성컴퓨터 TFG27Q18PM QHD Fast IPS QD Mini LED 180 게이밍,329000
54212897,현대디지텍코어 LOGICA 32QH95 iPS95 WQHD 아이케어 화이트,490000
54212654,BenQ PD3225U (해외구매),2125700
54212516,BenQ PD3225U 무결점,1639990
54103154,현대디지텍코어 LOGICA GA279QH iPS165 WQHD 화이트 게이밍 무결점,980000
54103136,현대디지텍코어 LOGICA GA279QH iPS165 WQHD 화이트 게이밍,500000
92190566,DELL S2725DS (해외구매),344700
53523503,비트엠 Newsync P135FT IPS 포터블 멀티터치 HDR 무결점,139770
53521688,MSI MAG 271QPX QD-OLED E2 240 WQHD,734990
53521313,DELL S2725DS,298100
53521169,인더코리아 TPC170-M220 RS232 터치,591800
53521142,인더코리아 TPC170-M220 USB 터치,585200
52262306,크로스오버 27QA950 IPS WQHD 화이트 게이밍 멀티스탠드 무결점,1950000
52262291,크로스오버 27QA950 IPS WQHD 화이트 게이밍 멀티스탠드,970000
52261793,주연테크 Q27C65-120 IPS QHD USB-C 120 무결점,259000
52261757,주연테크 Q27C65-120 IPS QHD USB-C 120,249000
52158644,PDBOY VIEW17,239000
52067540,LG전자 43MQ520S,396000
52067315,LG전자 MyView 스마트 25SR50F,251290
52066823,LG전자 24MP400W,219990
52064681,카멜 CM2710GI 게이밍,184780
51817676,에이서 니트로 XV272K V3 4K UHD Fast IPS 160 게이밍,602760
51817151,크로스오버 U34EP100 커브드 리얼 100 울트라와이드 멀티스탠드 무결점,258920
51817142,크로스오버 U34EP100 커브드 리얼 100 울트라와이드 멀티스탠드,258910
51817010,큐닉스그룹 큐닉스 QX2411 IPS QHD 100 오피스,319370
51816767,크로스오버 듀얼뷰 28UDP4K UHD 75 PD65 무결점,382180
51813029,크로스오버 듀얼뷰 28UDP4K UHD 75 PD65,345450
94029356,BenQ RD240Q (해외구매),1588400
72984194,알파스캔 AOC Q27G4N 게이밍 180 프리싱크 HDR 노멀 무결점,279000
51553337,알파스캔 AOC Q27G4N 게이밍 180 프리싱크 HDR 무결점,299000
51549779,BenQ RD240Q 무결점,629000
51382115,DELL P2725H,228990
50126813,삼성전자 오디세이 G5 C27G55TQB,406600
50126231,태석정공 imidi i116FHBS-H,159500
50000486,자비오씨엔씨 엑사비오 X3400WQ 무결점,258950
50000483,자비오씨엔씨 엑사비오 X3400WQ,260740
49997099,필립스 에브니아 34M2C8600 WQHD OLED 175 프리싱크 HDR 게이밍 화이트 무결점,1432770
49833284,쓰리윈즈 인터픽셀 인터픽셀 IP2746 FHD IPS 180 게이밍 무결점,179550
49833278,쓰리윈즈 인터픽셀 인터픽셀 IP2746 FHD IPS 180 게이밍,175470
49833263,쓰리윈즈 인터픽셀 IP2726 FHD IPS 100 게이밍 무결점,141550
49833248,쓰리윈즈 인터픽셀 IP2726 FHD IPS 100 게이밍,138020
49832072,앱코 AV27F100D 프레임리스 FHD 100 무결점,116000
49832036,앱코 AV27F100D 프레임리스 FHD 100,157300
49738946,크로스오버 34WP165 커브드 리얼 180 울트라와이드 멀티스탠드 무결점,288940
49738934,크로스오버 34WP165 커브드 리얼 180 울트라와이드 멀티스탠드,288910
49645439,제이씨현 UDEA EDGE ED2741CPF 유케어 180 커브드 홈게임 무결점,149000
49645424,제이씨현 UDEA EDGE ED2741CPF 유케어 180 커브드 홈게임,149000
49645142,프리플로우 Vuti34CW18VQ WQHD 울트라와이드 커브드 리얼180 게이밍 무결점,307900
49645136,프리플로우 Vuti34CW18VQ WQHD 울트라와이드 커브드 리얼180 게이밍,297900
49644404,클라인즈 KLM4900CWUH60,623990
49644128,클라인즈 KLM4000CWUH60,589000
49275761,MSI MAG 274URFW IPS 게이밍 4K 160 화이트 무결점,549000
78999290,DELL 에일리언웨어 AW2725DF (해외구매),1078760
48649241,DELL 에일리언웨어 AW2725DF,1196300
48642839,제이씨현 UDEA EDGE ED2720GX 유케어 VA 게이밍 165 무결점,138010
48642827,제이씨현 UDEA EDGE ED2720GX 유케어 VA 게이밍 165,129000
73613861,DELL 에일리언웨어 AW3225QF (해외구매),1705200
48480176,삼성전자 SMART M8 S32DM803,794853
48480164,삼성전자 SMART M7 S43DM703,523374
48480158,삼성전자 SMART M7 S43DM702,499000
48480152,삼성전자 SMART M7 S32DM703,398980
48480137,삼성전자 SMART M7 S32DM702,439000
48480116,삼성전자 SMART M5 S32DM503,288720
48480104,삼성전자 SMART M5 S32DM502,301760
48480086,삼성전자 SMART M5 S27DM503,259880
48480068,삼성전자 SMART M5 S27DM502,271320
48480023,삼성전자 오디세이 G5 S32CG554,272330
48480008,삼성전자 오디세이 G5 G50D S27DG504,313860
48479498,삼성전자 오디세이 G5 S32CG550,264250
48479417,삼성전자 오디세이 G5 G50D S32DG504,374596
48479393,삼성전자 오디세이 G5 S32DG500,394270
48478988,삼성전자 오디세이 G5 S27DG500,305090
48478541,삼성전자 SMART M8 S32DM801,699000
48478406,삼성전자 SMART M7 S43DM701,514210
48478376,삼성전자 SMART M7 S43DM700,489000
48478208,삼성전자 SMART M7 S32DM701,396680
48478151,삼성전자 SMART M7 S32DM700,398990
48477371,삼성전자 SMART M5 S32DM501,285290
48477332,삼성전자 SMART M5 S32DM500,298030
48477290,DELL 에일리언웨어 AW3225QF,1567600
48477062,삼성전자 SMART M5 S27DM501,254980
48477020,삼성전자 SMART M5 S27DM500,259670
48476270,LG전자 울트라기어 24GN65R,209000
48316625,레노버 L27i-40 (해외구매),437000
48313628,레노버 L27i-40,529000
48279002,레노버 L24i-40 (해외구매),235000
48275726,레노버 L24i-40,122200
48225344,클라인즈 K160QM,162170
48029999,빅트랙 22FM10001,80090
48001571,비트엠 Newsync B27WQ IPS 리얼 100 무결점,136700
48001541,비트엠 Newsync B27WQ IPS 리얼 100,135090
47998943,제이씨현 UDEA LOOK LK2231OF 유케어 VA 오피스 무결점,91700
47998937,제이씨현 UDEA LOOK LK2231OF 유케어 VA 오피스,89000
47989847,JKMENG B27A1 아이케어 무결점,95900
47984054,JKMENG B24A1 아이케어 무결점,68900
77856764,삼성전자 오디세이 G5 S27CG552,355930
73613789,BenQ ZOWIE XL2586X 게이밍 (해외구매),1952760
48479981,삼성전자 오디세이 G5 S27CG554,302970
47832224,제이씨현 BattleG BG34CU 유케어 165 커브드 게이밍 무결점,235800
47832035,비트엠 Newsync X32Q IPS 스마트 HDR 무결점,185730
47831936,비트엠 Newsync X32Q IPS 스마트 HDR,185150
47806358,주연테크 V32UE-E 4K UHD Type-C 무결점,339000
47802473,주연테크 V32UE-E 4K UHD Type-C,329000
47778266,BenQ ZOWIE XL2586X 게이밍 무결점,1829280
47709929,MSI MP275P IPS 100 아이에르고 피벗 무결점,169000
47650037,MSI MAG 321CUP 게이밍 4K 160 HDR400 무결점,367360
47489303,비트엠 Newsync X27F200 DCI-P3 게이밍 화이트 무결점,151170
47489276,비트엠 Newsync X27F200 DCI-P3 게이밍 화이트,142000
47489231,비트엠 Newsync B2412F IPS ZERO 게이밍 120 HDR 무결점,87980
47489201,비트엠 Newsync B2412F IPS ZERO 게이밍 120 HDR,88640
47488481,삼성전자 오디세이 G5 S27CG550,248770
47488418,제이씨현 UDEA EDGE ED2420GT 유케어 IPS 홈게임 180 무결점,111720
47488406,제이씨현 UDEA EDGE ED2420GT 유케어 IPS 홈게임 180,106820
47324381,비트엠 Newsync B27WQ IPS 4면 보더리스 리얼 90 게이밍 무결점,140300
47324375,비트엠 Newsync B27WQ IPS 4면 보더리스 리얼 90 게이밍,139990
47324330,필립스 에브니아 27M2N5500 QHD 180 프리싱크 HDR 400 게이밍 무결점,299000
46738853,비트엠 Newsync 277P 165 게이밍 HDR 무결점,132120
46738841,비트엠 Newsync 277P 165 게이밍 HDR,129000
46675004,LG전자 울트라기어 32GS95UE,2269890
46101185,알파스캔 에이건 AGON 276QZD QHD OLED 240 프리싱크 HDR 게이밍 무결점,1290000
46001243,크로스오버 27RTX5 WQHD165 패스트 게이밍 멀티스탠드 무결점,162370
46001219,크로스오버 27RTX5 WQHD165 패스트 게이밍 멀티스탠드,156430
45872810,픽셀아트 PIXELART PA3230W 아이케어 프리싱크 100 UP 화이트 무결점,164000
45872777,픽셀아트 PIXELART PA3230W 아이케어 프리싱크 100 UP 화이트,161000
45871970,픽셀아트 PIXELART PA2230W 아이케어 프리싱크 100 UP 화이트 무결점,76590
45871955,픽셀아트 PIXELART PA2230W 아이케어 프리싱크 100 UP 화이트,76000
45843008,픽셀아트 PIXELART PAQ2710F 일반스탠드 IPS QHD 리얼 100 게이밍 블랙 무결점,145030
45840506,픽셀아트 PIXELART PAQ2710F 일반스탠드 IPS QHD 리얼 100 게이밍 블랙,144000
45816350,픽셀아트 PIXELART PA2718F IPS 리얼 180 게이밍 블랙 무결점,159000
45814076,픽셀아트 PIXELART PA2718F IPS 리얼 180 게이밍 블랙,159000
94997855,LG전자 울트라기어 34GS95QE (중고),1265040
45320060,큐닉스그룹 큐닉스 QX27GW REAL 240 IPS 게이밍 화이트 무결점,234830
45320048,큐닉스그룹 큐닉스 QX27GW REAL 240 IPS 게이밍 화이트,229980
45313829,LG전자 울트라기어 45GS96QB,1590000
45313691,LG전자 울트라기어 39GS95QE,1985390
45313562,LG전자 울트라기어 34GS95QE,1496540
45313373,LG전자 울트라기어 27GS95QE,1143220
45257798,비트엠 Newsync X27F200 DCI-P3 게이밍 무결점,148990
45250913,비트엠 Newsync X27F200 DCI-P3 게이밍,142000
45191087,한성컴퓨터 TFG24F18P Fast IPS 리얼 180 게이밍 무결점,243700
45189086,한성컴퓨터 TFG24F18P Fast IPS 리얼 180 게이밍,146590
44767064,클라인즈 K133QM,135900
44766800,클라인즈 K1601,186290
44766662,클라인즈 K1331,158000
44765021,제이씨현 UDEA EDGE ED2735SS 유케어 VA 홈엔터 100 무결점,117000
44764937,제이씨현 UDEA EDGE ED2735SS 유케어 VA 홈엔터 100,114010
44764523,제이씨현 UDEA EDGE ED2735SS 유케어 IPS 홈엔터 100 무결점,125410
44764424,제이씨현 UDEA EDGE ED2735SS 유케어 IPS 홈엔터 100,126340
44761883,제이씨현 UDEA EDGE ED2435SS 유케어 VA 홈엔터 100 무결점,99000
44703908,제이씨현 UDEA EDGE ED2435SS 유케어 VA 홈엔터 100,94000
44681498,제이씨현 UDEA EDGE ED2435SS 유케어 IPS 홈엔터 100 무결점,97800
44677280,제이씨현 UDEA EDGE ED2435SS 유케어 IPS 홈엔터 100,99000
44654315,비트엠 Newsync P27Q IPS 플렉스 100 HDR 무결점,133600
44652185,비트엠 Newsync P27Q IPS 플렉스 100 HDR,133130
44589638,EKLEER EK27FC65,219000
44407172,프리플로우 Vuti32F16PQ QHD IPS 리얼 165 게이밍 무결점,287900
44407106,프리플로우 Vuti32F16PQ QHD IPS 리얼 165 게이밍,277900
44406614,HP 오멘 32C,361490
44406149,주연테크 리오나인 X32G-240B 무결점,269000
44406056,주연테크 리오나인 X32G-240B,249000
44405693,MSI G2712F IPS 게이밍 180 아이케어 무결점,199000
44405615,MSI G2712F IPS 게이밍 180 아이케어,199000
44219291,프리플로우 Vuti27F18PQ QHD Fast IPS 리얼 180 게이밍 무결점,207900
44219279,프리플로우 Vuti27F18PQ QHD Fast IPS 리얼 180 게이밍,197900
43488971,제이씨현 UDEA EDGE ED2438SC 유케어 VA 홈엔터 100 무결점,86000
43488926,제이씨현 UDEA EDGE ED2438SC 유케어 VA 홈엔터 100,93010
43488821,제이씨현 UDEA EDGE ED2438SC 유케어 IPS 홈엔터 100 무결점,91000
43488788,제이씨현 UDEA EDGE ED2438SC 유케어 IPS 홈엔터 100,95000
43442105,크로스오버 32QH75D IPS QHD 75 무결점,199000
43440911,크로스오버 32QH75D IPS QHD 75,198760
42943460,EHOMEWEI E133GD Pro 터치펜 (해외구매),498600
42943445,EHOMEWEI E133GD Pro 터치 (해외구매),455700
42942398,EHOMEWEI E16Q3 터치 (해외구매),541400
42942044,EHOMEWEI E156R7 터치 (해외구매),598600
42856562,한성컴퓨터 TFG27F18P Fast IPS 리얼 180 게이밍 무결점,325150
42856556,한성컴퓨터 TFG27F18P Fast IPS 리얼 180 게이밍,308660
42856157,제이씨현 UDEA EDGE ED2738SC 유케어 VA 홈엔터 100 무결점,124000
42856151,제이씨현 UDEA EDGE ED2738SC 유케어 VA 홈엔터 100,119000
42570191,제이씨현 UDEA EDGE ED2738SC 유케어 IPS 홈엔터 100 무결점,129000
42566597,제이씨현 UDEA EDGE ED2738SC 유케어 IPS 홈엔터 100,124000
42389411,프리플로우 Vuti30CW20VF WFHD 울트라와이드 200 커브드 게이밍 무결점,217900
42389339,프리플로우 Vuti30CW20VF WFHD 울트라와이드 200 커브드 게이밍,207900
42285539,LG전자 32MQ510S,360000
96854324,DELL UltraSharp U3425WE (리퍼비시),1089990
75541148,ASUS ROG SWIFT OLED PG32UCDM (해외구매),1683410
42206093,DELL UltraSharp U3425WE,1239000
42203678,포인트프로덕트 27UM01 무결점,369000
42203654,포인트프로덕트 27UM01,349000
41826902,카멜 CM3220GQI,277640
41616425,비트엠 Newsync B244F ZERO IPS 프리싱크 HDR 무결점,80590
41616410,비트엠 Newsync B244F ZERO IPS 프리싱크 HDR,79870
41440241,자비오씨엔씨 엑사비오 X3203EW HDMI 무결점,137080
41439188,자비오씨엔씨 엑사비오 X3203EW HDMI,137080
41263235,KOORUI 27E3Q (해외구매),351630
41263007,6D SHARK S16 PLUS (해외구매),293000
88233851,DELL UltraSharp U4025QW (리퍼비시),2020990
77279252,DELL UltraSharp U4025QW (해외구매),2976960
40717667,비트엠 Newsync P2700F IPS 165 플렉스 무결점,142420
40717601,비트엠 Newsync P2700F IPS 165 플렉스,146500
40717151,비트엠 Newsync B2775F IPS 슬림 HDR 무결점,101000
40717073,비트엠 Newsync X27FC75 커브드 1500R 블랙 무결점,106990
40717058,비트엠 Newsync X27FC75 커브드 1500R 화이트 무결점,120300
40717040,비트엠 Newsync B2775F IPS 슬림 HDR,103780
40716665,비트엠 Newsync X27FC75 커브드 1500R 화이트,118070
40716581,비트엠 Newsync X27FC75 커브드 1500R 블랙,104850
40716206,DELL UltraSharp U4025QW,2299000
40240535,크로스오버 27G100S IPS FHD 100 무결점,113000
40240529,크로스오버 27G100S IPS FHD 100,113000
40240487,비트엠 Newsync B2712F IPS ZERO 게이밍 120 HDR 무결점,108680
40240475,비트엠 Newsync B2712F IPS ZERO 게이밍 120 HDR,111500
40022306,제이씨현 UDEA EDGE ED2731HF 유케어 VA 홈엔터 100 화이트 무결점,124000
40022282,제이씨현 UDEA EDGE ED2731HF 유케어 VA 홈엔터 100 화이트,119000
40022258,제이씨현 UDEA EDGE ED2731HF 유케어 IPS 홈엔터 100 화이트 무결점,129000
40022240,제이씨현 UDEA EDGE ED2731HF 유케어 IPS 홈엔터 100 화이트,124000
40022222,제이씨현 UDEA EDGE ED2431HF 유케어 VA 홈엔터 100 화이트 무결점,95780
40022204,제이씨현 UDEA EDGE ED2431HF 유케어 VA 홈엔터 100 화이트,94000
40022168,제이씨현 UDEA EDGE ED2431HF 유케어 IPS 홈엔터 100 화이트 무결점,104000
40022132,제이씨현 UDEA EDGE ED2431HF 유케어 IPS 홈엔터 100 화이트,99000
90160232,HP Series 5 527sw (해외구매),105800
39911033,LG전자 울트라HD 32UQ850V,759920
39910940,LG전자 울트라HD 27UQ850V,1928950
39910526,HP Series 5 527sw,188860
39910502,HP Series 5 527sh,299000
39910466,HP Series 5 527sf,188980
39906845,HP Series 5 524sw,158990
39897929,HP Series 5 524sh,144000
92233637,MSI MAG 345CQR 게이밍 UWQHD 180 HDR (해외구매),623390
39768815,HP Series 5 524sf,157780
39349565,MSI MAG 345CQR 게이밍 UWQHD 180 HDR 무결점,332560
39348284,MSI MAG 345CQR 게이밍 UWQHD 180 HDR,348000
39341774,비트엠 Newsync 27R2 IPS 패스트 240 게이밍 무결점,175960
39341747,비트엠 Newsync 27R2 IPS 패스트 240 게이밍,172000
38704214,ASUS ROG STRIX XG27ACS,295880
38451314,삼성전자 뷰피니티 S6 S65UC S34C650U USB-C,611070
38451101,크로스오버 미켈란 24PMT5 IPS 리얼100 TYPE-C 멀티스탠드 화이트 무결점,133990
38451095,크로스오버 미켈란 24PMT5 IPS 리얼100 TYPE-C 멀티스탠드 화이트,129000
38451092,크로스오버 미켈란 24PMT5 IPS 리얼100 TYPE-C 멀티스탠드 블랙 무결점,133990
38451089,크로스오버 미켈란 24PMT5 IPS 리얼100 TYPE-C 멀티스탠드 블랙,129000
38346908,LG전자 울트라기어 27GN60K,662200
37988468,대성글로벌코리아 Etroy VSG320G REAL 240 강화유리 무결점,259000
37988405,대성글로벌코리아 Etroy VSG320G REAL 240 강화유리,259000
37822418,제우스랩 Z18TV PRO (해외구매),367370
66113495,제우스랩 Z18T 터치,224590
37349843,제우스랩 Z18T 터치 (해외구매),168150
37292570,라이트컴 COMS JA250,133700
37292486,익스프레스럭코리아 와이드뷰 EKW27FMA11 안드로이드 스마트,196000
37279433,대성글로벌코리아 ViewSync DST240FA11,203000
37279169,큐닉스그룹 큐닉스 QX328F REAL 240 NOVA 강화유리,287600
37226444,LG전자 27HJ713C,1799000
37226336,LG전자 31HN713D,14999000
75538718,MSI MPG 491CQP QD-OLED 144 DQHD (해외구매),1789800
36204929,MSI MPG 491CQP QD-OLED 144 DQHD,1968000
36157265,한성컴퓨터 TFG32F07FS 스마트 무결점,209000
36157259,한성컴퓨터 TFG32F07FS 스마트,199000
36157214,한성컴퓨터 TFG27F07FS 스마트 무결점,179000
36157202,한성컴퓨터 TFG27F07FS 스마트,169000
73432694,MSI MAG 321UPX QD-OLED 240 4K UHD (해외구매),1589800
73432679,MSI MAG 341CQP QD-OLED 175 UWQHD (해외구매),1250500
68245520,MSI MAG 271QPX QD-OLED 360 WQHD (해외구매),831620
35814404,MSI MAG 341CQP QD-OLED 175 UWQHD,1269190
35814239,MSI MAG 321UPX QD-OLED 240 4K UHD,1699000
35230850,비트엠 Newsync G27QIPS GOD 패스트 165 게이밍 블랙 무결점,185150
35230799,비트엠 Newsync G27QIPS GOD 패스트 165 게이밍 블랙,183530
35230670,BenQ GW2790 아이케어 무결점,168980
35230289,BenQ GW2490 아이케어 무결점,138990
34811999,KOORUI 24E3 (해외구매),296800
34811153,KOORUI 27E1QA (해외구매),322000
34810700,제이씨현 UDEA EDGE ED2731HF 유케어 IPS 홈엔터 100 무결점,129000
34810673,제이씨현 UDEA EDGE ED2731HF 유케어 IPS 홈엔터 100,139000
34741079,제이씨현 UDEA EDGE ED2431HF 유케어 IPS 홈엔터 100 무결점,98990
34741046,제이씨현 UDEA EDGE ED2431HF 유케어 IPS 홈엔터 100,99000
35769104,쓰리윈즈 인터픽셀 IP2426 FHD IPS 100 게이밍 무결점,100280
35233754,쓰리윈즈 인터픽셀 IP2724 FHD 100 게이밍 무결점,134100
34392131,쓰리윈즈 인터픽셀 IP2724 FHD 100 게이밍,139000
34391861,쓰리윈즈 인터픽셀 IP2426 FHD IPS 100 게이밍,99000
34373150,좋은디에스아이 GD-32G240 DP GAMING 강화유리,302400
34373144,좋은디에스아이 CP-32N240 DP GAMING 무결점,247540
34373132,좋은디에스아이 CP-32N240 DP GAMING,245000
34372973,알파스캔 애니웨어 16F90P IPS USB-C 포터블 HDR 무결점,168000
34372880,크로스오버 30WQ500 UW-IPS 울트라와이드 무결점,228000
34372859,크로스오버 30WQ500 UW-IPS 울트라와이드,450000
34169864,화봄 HB325Q75,387190
33997958,인포트온 INPORT T24F1 FHD 프리싱크 100 시력보호 무결점,89890
33993569,인포트온 INPORT T24F1 FHD 프리싱크 100 시력보호,89890
33900548,주연테크 Q27C15 IPS QHD USB-C 100 무결점,179000
33900527,주연테크 Q27C15 IPS QHD USB-C 100,169000
33900203,주연테크 Q24C15 IPS QHD USB-C 100 무결점,299000
35770217,쓰리윈즈 인터픽셀 IP2744 FHD 180 게이밍 무결점,161100
35233124,쓰리윈즈 인터픽셀 IP2442 FHD 165 게이밍 무결점,123290
33444098,쓰리윈즈 인터픽셀 IP2442 FHD 165 게이밍,121050
33444044,쓰리윈즈 인터픽셀 IP2744 FHD 180 게이밍,165970
33443708,비트엠 Newsync X27FC90 커브드 1500R 화이트 무결점,111290
33443618,비트엠 Newsync X27FC90 커브드 1500R 화이트,112280
33438059,크로스오버 32RTX9 UHD4K160 USB-C 패스트 게이밍 무결점,428890
33438041,크로스오버 32RTX9 UHD4K160 USB-C 패스트 게이밍,419690
33421388,크로스오버 G24120 IPS DP 120 무결점,89000
33420917,MSI MAG 274QRFW IPS 게이밍 WQHD 180 화이트 무결점,1349000
33384614,비트엠 Newsync G27QIPS GOD 패스트 165 게이밍 화이트 무결점,198680
33384596,비트엠 Newsync G27QIPS GOD 패스트 165 게이밍 화이트,185660
33366047,크로스오버 27GQ7 IPS QHD 크로스기어 무결점,149000
33366017,크로스오버 27GQ7 IPS QHD 크로스기어,144000
68914985,BenQ ZOWIE XL2546X 게이밍 (해외구매),934720
33333566,BenQ ZOWIE XL2546X 게이밍 무결점,761880
33331124,빅트랙 133PM01UT,195990
33330695,빅트랙 32CM16501Q 무결점,390000
33330659,빅트랙 32CM16501Q,254870
33330383,빅트랙 32CM18001 무결점,332100
32889437,에이메카 AM-240LP 베젤리스 HDMI 광시야각 100 무결점,82460
32889422,에이메카 AM-240LP 베젤리스 HDMI 광시야각 100,80990
32889113,에이메카 AM-248BL(K) 베젤리스 HDMI 광시야각 100 무결점,109000
32889074,에이메카 AM-248BL(K) 베젤리스 HDMI 광시야각 100,157500
32888777,비트엠 SMACO M2475H IPS 프리싱크 HDR 무결점,77000
32888765,비트엠 SMACO M2475H IPS 프리싱크 HDR,76500
32888357,와사비망고 Artview 400 5K NANO IPS HDR Curved,632610
32866553,제이씨현 UDEA EDGE ED2431HF 유케어 VA 홈엔터 100 무결점,95780
32866535,제이씨현 UDEA EDGE ED2431HF 유케어 VA 홈엔터 100,90780
32503724,제이씨현 UDEA EDGE ED2731HF 유케어 VA 홈엔터 100 무결점,124000
32503706,제이씨현 UDEA EDGE ED2731HF 유케어 VA 홈엔터 100,119000
64296104,KOORUI 27N1,99000
32492717,KOORUI 24N1A (해외구매),179700
32491688,KOORUI 34E6UC (해외구매),441100
32486159,프리플로우 Vuti24F07VF FHD 75 무결점,72900
32486153,프리플로우 Vuti24F07VF FHD 75,69900
92108456,DELL UltraSharp U2424H (리퍼비시),369990
63482921,DELL UltraSharp U2424H (해외구매),339300
32486354,DELL UltraSharp U4924DW (해외구매),2494000
32486342,HP 오멘 27s (해외구매),565500
32468081,HP 오멘 27s,381000
32467772,DELL UltraSharp U4924DW,2090000
32467244,DELL UltraSharp U2424H,305810
32125343,한성컴퓨터 TFG27Q24PL OLED QHD 리얼 240 게이밍 USB Type-C 무결점,729000
32125334,한성컴퓨터 TFG27Q24PL OLED QHD 리얼 240 게이밍 USB Type-C,699000
32125076,제이씨현 UDEA LOOK LK2731OF 유케어 IPS 오피스 무결점,143340
32125064,제이씨현 UDEA LOOK LK2731OF 유케어 IPS 오피스,128000
32105657,비트엠 Newsync P249IPS 터치스크린 HDR 무결점,213980
32105537,비트엠 Newsync P249IPS 터치스크린 HDR,211610
32104796,지클릭커 오피스프로 Q27OP75 IPS 광시야각 무결점,158000
32104772,지클릭커 오피스프로 Q27OP75 IPS 광시야각,189000
32103587,주연테크 리오나인 X25F-360 화이트 무결점,319000
32103566,주연테크 리오나인 X25F-360 화이트,299000
32103536,주연테크 리오나인 X25F-360 블랙 무결점,319000
32103524,주연테크 리오나인 X25F-360 블랙,459000
32103248,현대디지텍코어 LOGICA F27i75 무결점,140450
32103026,현대디지텍코어 LOGICA F24i75 무결점,110130
32095046,비트엠 Newsync X27FC90 커브드 1500R 무결점,111990
32095034,비트엠 Newsync X27FC90 커브드 1500R,108970
32088719,큐빅스전자 큐빅스 LE-240FM,79000
32074589,MSI MD271UL 4K IPS 아이에르고 PD65 (해외구매),703400
32074583,MSI MD271UL 4K IPS 아이에르고 PD65 무결점,299000
32104172,라익미 울트라와이드 WU40 5K 커브드 75 무결점,699000
32070482,지클릭커 오피스프로 F24OP60 IPS 광시야각 무결점,99000
32070470,지클릭커 오피스프로 F24OP60 IPS 광시야각,119000
32070176,라익미 울트라와이드 WU40 5K 커브드 75,649000
32070005,지클릭커 오피스프로 F27OP60 IPS 광시야각 무결점,122000
32067356,카멜 포터블 프리즘 CPM1530IQT,239000
32042246,화봄 HB325U,229000
32038511,빅트랙 27FM10001 무결점,가격비교예정
32001515,제이씨현 UDEA EDGE ED2731HQ 유케어 IPS 홈엔터 QHD 무결점,143100
32001497,제이씨현 UDEA EDGE ED2731HQ 유케어 IPS 홈엔터 QHD,128700
31996610,크로스오버 249DCP IPS75 USB-C 아이세이브 무결점,131000
31996604,크로스오버 249DCP IPS75 USB-C 아이세이브,484990
31985498,제이씨현 UDEA EDGE ED2731PF 유케어 165 홈게임 무결점,112230
31985465,제이씨현 UDEA EDGE ED2731PF 유케어 165 홈게임,124000
31949264,알파스캔 AOC 27G4 게이밍 IPS 180 프리싱크 HDR 무결점,319000
31948826,알파스캔 AOC 24G4 게이밍 IPS 180 프리싱크 HDR 무결점,208000
31473704,LG전자 22MR410,129800
94129439,DELL UltraSharp U2724DE (리퍼비시),575990
68687009,삼성전자 S4 S43GC S27C430 (중고),180080
63482951,DELL UltraSharp U2724D (해외구매),735740
63482933,DELL UltraSharp U2724DE (해외구매),834790
50124938,LG전자 MyView 스마트 32SR83U (중고),591260
31464758,삼성전자 뷰피니티 S9 S95UC S49C954,1168810
31464239,DELL UltraSharp U2424HE,404770
31463786,DELL UltraSharp U2724DE,629000
31462697,DELL UltraSharp U2724D,488630
31460888,LG전자 MyView 스마트 룸앤스타일 32SR70U,602240
31458251,LG전자 MyView 스마트 32SR83U,558620
31411142,ASUS ROG SWIFT OLED PG49WCD,2189000
31410818,비트엠 Newsync B2475H IPS 프리싱크 HDR 무결점,78000
31410743,비트엠 Newsync B2475H IPS 프리싱크 HDR,76200
31374869,비트엠 Newsync X248F IPS 베젤리스 HDR 화이트 무결점,84700
31374848,비트엠 Newsync X248F IPS 베젤리스 HDR 화이트,83020
31360700,주연테크 리오나인 X34Q-V2 울트라와이드 100 무결점,269000
31360385,주연테크 리오나인 X34Q-V2 울트라와이드 100,249000
31347020,비트엠 Newsync P140FT 포터블 멀티뷰 HDR 무결점,116100
31346924,에이서 니트로 XV272U W2 WQHD Fast IPS 240 게이밍,379000
31346462,래안텍 PANTHEON FA2720S IPS 27 120 FHD 게이밍 무결점,129000
31346396,래안텍 PANTHEON FA2720S IPS 27 120 FHD 게이밍,124000
31339637,프리플로우 Vuti32F16VF FHD 리얼 165 게이밍 무결점,197900
31339613,프리플로우 Vuti32F16VF FHD 리얼 165 게이밍,187900
31339553,프리플로우 Vuti27F16VF FHD 리얼 165 게이밍 무결점,157900
31339541,프리플로우 Vuti27F16VF FHD 리얼 165 게이밍,147900
31339484,프리플로우 Vuty24F16VF FHD 리얼 165 게이밍 무결점,119900
31339478,프리플로우 Vuty24F16VF FHD 리얼 165 게이밍,114900
31338983,프리플로우 Vuti27F07VF FHD 프리싱크 리얼 75 무결점,96900
31338971,프리플로우 Vuti27F07VF FHD 프리싱크 리얼 75,91900
31338578,프리플로우 Vuti22F07VF FHD 프리싱크 리얼 75 무결점,69900
31338554,프리플로우 Vuti22F07VF FHD 프리싱크 리얼 75,66900
31338155,크로스오버 IPS2475 FHD IPS 무결점,238070
31338146,크로스오버 IPS2475 FHD IPS,87000
31135892,비트엠 Newsync 3280Q 나노IPS 180 게이밍 Type-c 무결점,278970
31133918,비트엠 Newsync 3280Q 나노IPS 180 게이밍 Type-c,273460
31126499,비트엠 Newsync 2780Q 나노IPS 165 게이밍 Type-c 무결점,212300
31124606,비트엠 Newsync 2780Q 나노IPS 165 게이밍 Type-c,207630
30738464,제이씨현 UDEA EDGE ED2420GX 유케어 IPS 홈게임 165 무결점,109000
30736622,제이씨현 UDEA EDGE ED2420GX 유케어 IPS 홈게임 165,215890
30735872,HP EliteDisplay E22 G5,209000
30380513,삼성전자 뷰피니티 S6 S65TC S34C650T,646870
30315011,한성컴퓨터 TFG28Q06PN 더블뷰 SDQHD 나노IPS USB Type-C 무결점,669000
30314864,한성컴퓨터 TFG28Q06PN 더블뷰 SDQHD 나노IPS USB Type-C,649000
30314183,크로스오버 32ULD990 UHD4K USB-C 4면제로 프로아트 멀티스탠드 무결점,1810000
30314150,크로스오버 32ULD990 UHD4K USB-C 4면제로 프로아트 멀티스탠드,890000
30313697,뷰소닉 TD2455 IPS MAC호환 데이지체인 멀티터치 USB-C (해외구매),697600
30313625,뷰소닉 TD2455 IPS MAC호환 데이지체인 멀티터치 USB-C,387030
30311594,빅트랙 140PM01Q,128170
30294050,삼성전자 S3 S33GC S24C330G,140370
30289793,알파스캔 AOC Q27P3 QHD USB-C 도킹스테이션 데이지체인 멀티스탠드 무결점,361360
73432718,MSI MP275 IPS 100 아이에르고 (해외구매),230590
30248750,MSI MP275 IPS 100 아이에르고 무결점,135170
30248618,MSI MP251P IPS 100 아이에르고 피벗 무결점,364280
30248513,제이씨현 UDEA EDGE ED2720SC 유케어 75 홈엔터 무결점,129000
30248486,제이씨현 UDEA EDGE ED2720SC 유케어 75 홈엔터,124000
30247985,제이씨현 UDEA EDGE ED2420SC 유케어 75 홈엔터 무결점,91000
30247970,제이씨현 UDEA EDGE ED2420SC 유케어 75 홈엔터,87500
30218768,ASUS VA27EHF,179000
30218720,ASUS VA24EHF,149000
30215726,GIGABYTE 게이밍 GS32Q 165 HDR,349000
30191054,한성컴퓨터 TFG27Q24FM QHD QD Mini LED 240 게이밍 무결점,409000
30190991,한성컴퓨터 TFG27Q24FM QHD QD Mini LED 240 게이밍,399000
30190241,비트엠 Newsync 3224W 리얼 240 게이밍,265000
30189755,크로스오버 275LGN55C 나노IPS 패스트165 USB-C QHD-PD 게이밍 멀티스탠드 무결점,301500
30189743,크로스오버 275LGN55C 나노IPS 패스트165 USB-C QHD-PD 게이밍 멀티스탠드,279730
30158687,LG전자 32MR50C,218120
30158492,LG전자 27MR400,160000
30158390,LG전자 24MR400,132000
30157580,GIGABYTE 게이밍 GS27Q 165 HDR,239000
30157445,큐닉스그룹 큐닉스 QX32SD REAL 75 HDR TYPE-C 오피스 무결점,149000
30157427,큐닉스그룹 큐닉스 QX32SD REAL 75 HDR TYPE-C 오피스,143500
30103706,한성컴퓨터 TFG34Q10WB 1500R 울트라와이드 WQHD 커브드 게이밍 리얼 100 시력보호 무결점,279000
30103667,한성컴퓨터 TFG34Q10WB 1500R 울트라와이드 WQHD 커브드 게이밍 리얼 100 시력보호,269000
37279322,익스프레스럭코리아 큐빅스전자 무빙큐빅스 CX27GBX11 안드로이드 스마트,269000
30076949,익스프레스럭코리아 큐빅스전자 무빙큐빅스 CX24GBX11 안드로이드 스마트,238990
30076880,익스프레스럭코리아 와이드뷰 EKW24FMA11 안드로이드 스마트,186000
30067451,큐닉스그룹 큐닉스 QX2416 REAL 165 IPS 게이밍 무결점,113000
30067361,큐닉스그룹 큐닉스 QX2416 REAL 165 IPS 게이밍,109000
30067052,GIGABYTE 게이밍 GS34WQC 120 커브드 HDR,339000
29974415,정림전자 GMASTAR JE2275 FHD HDR 75 광시야각,72800
29960201,LG전자 울트라기어 32GR75Q,499000
29959904,삼성전자 오디세이 G9 G95C S49CG954E,1156680
29959484,래안텍 PANTHEON QA2700S IPS 100 QHD 게이밍 무결점,149000
29959448,래안텍 PANTHEON QA2700S IPS 100 QHD 게이밍,134000
29952770,정림전자 GMASTAR JE2275 FHD HDR 75 광시야각 무결점,68200
29931557,크로스오버 24LD7F IPS FHD 75 무결점,87000
29931548,크로스오버 24LD7F IPS FHD 75,87000
29931383,비트엠 Newsync 2412P 노블 게이밍 리얼 120 HDR 무결점,87090
29931371,비트엠 Newsync 2412P 노블 게이밍 리얼 120 HDR,84400
29931212,현대디지텍코어 LOGICA 32F75YD,599990
29909300,LG전자 MyView 스마트 32SR50F,323690
29909231,LG전자 MyView 스마트 27SR50F,279000
29906513,크로스오버 27QQ75 QHD IPS TYPE-C 멀티스탠드 무결점,569990
29906507,크로스오버 27QQ75 QHD IPS TYPE-C 멀티스탠드,458990
64296122,MSI MP273QV (해외구매),286900
29888306,래안텍 PANTHEON FA2420SC IPS 120 FHD 게이밍 무결점,94000
29888300,래안텍 PANTHEON FA2420SC IPS 120 FHD 게이밍,95000
29888249,MSI MP273QV WQHD 아이에르고,217000
29877368,HP V24v G5,134000
29877128,MSI MD272XPW IPS 100 아이에르고 피벗 화이트 무결점,232980
29877116,MSI MD272XPW IPS 100 아이에르고 피벗 화이트,232990
29857724,어드밴스원 MF22TCF100 보더리스 100 광시야각 2HDMI 무결점,135000
29857715,어드밴스원 MF22TCF100 보더리스 100 광시야각 2HDMI,160600
32068922,화봄 HB325F 무결점,152000
29815367,빅트랙 160PM02,174000
29815016,빅트랙 27FM6001U 무결점,231340
29814977,빅트랙 27FM6001U,239040
29812580,VISUAL BEAT R13PM01 (해외구매),139000
29757344,ARZOPA A1 GAMUT SLIM (해외구매),137100
29616557,빅트랙 27FM24001Q 무결점,476290
29616530,빅트랙 27FM24001Q,539200
29616347,빅트랙 160PM01,155520
29483348,알파스캔 AOC Q27E3S2 QHD IPS 100 시력보호 무결점,239000
30231671,MSI G27C4X 게이밍 250 HDR 아이케어 (해외구매),315600
29377643,MSI G32CQ5P 게이밍 WQHD 170 HDR 무결점,1329000
29338640,MSI MP341CQW UWQHD 100 HDR 아이에르고 화이트 무결점,320500
29338631,MSI MP341CQW UWQHD 100 HDR 아이에르고 화이트,333200
29333669,어드밴스원 M270CG75H 커브드 보더리스 100 광시야각 2HDMI 무결점,109000
29333654,어드밴스원 M270CG75H 커브드 보더리스 100 광시야각 2HDMI,108000
29311703,크로스오버 140TU5 DEX 4K UHD AdobeRGB 멀티터치 포터블 2023 무결점,1940000
28953737,LG전자 울트라와이드 34WQ500,334090
28953704,비트엠 ECO B249H 프리싱크 HDR 무결점,73600
28953692,비트엠 ECO B249H 프리싱크 HDR,72980
28926719,LG전자 MyView 스마트 32SQ750S,960000
28889309,빅트랙 24FM10001 무결점,113850
28889291,빅트랙 24FM10001,83900
28889138,빅트랙 27FM16501 무결점,163450
28889114,빅트랙 27FM16501,165630
28882976,디엑스 DX241HDMI,251550
28778168,MSI MP251 IPS 100 아이에르고 무결점,99000
28778117,MSI MP251 IPS 100 아이에르고,102610
28640570,크로스오버 49DQHD9 IPS BLACK USB-C 듀얼QHD 슈퍼울트라와이드 무결점,769500
28640561,크로스오버 49DQHD9 IPS BLACK USB-C 듀얼QHD 슈퍼울트라와이드,747900
30217907,MSI MD2412PW IPS 100 아이에르고 피벗 화이트 (해외구매),277000
28928966,MSI MD2412P IPS 100 아이에르고 피벗 (해외구매),257990
28630040,MSI MD2412PW IPS 100 아이에르고 피벗 화이트 무결점,157860
28621388,HP 오멘 27u 4K,748990
28618724,MSI MD2412P IPS 100 아이에르고 피벗 무결점,174000
28618358,LG전자 울트라기어 27GR95QL LoL 에디션,1454990
28596782,빅트랙 156PM01,100990
28574996,필립스 에브니아 27M2C5500W QHD 240 프리싱크 HDR 400 게이밍 무결점,508870
28574768,필립스 에브니아 27M1N5500Z4 QHD 170 프리싱크 HDR 400 게이밍 무결점,417300
28574642,한성컴퓨터 TFG27Q24F QHD 리얼 240 게이밍 무결점,289000
28574624,한성컴퓨터 TFG27Q24F QHD 리얼 240 게이밍,279000
28574414,뷰소닉 OMNI XG2431 IPS 240 블러버스터 HDR 400 무결점,346180
28574375,뷰소닉 OMNI XG2431 IPS 240 블러버스터 HDR 400,334460
28549994,뷰소닉 VA3209U-4K IPS 4K UHD USB-C 아이케어 HDR10 무결점,393080
28549949,뷰소닉 VA3209U-4K IPS 4K UHD USB-C 아이케어 HDR10,374320
28549922,뷰소닉 VA3209U-2K IPS QHD USB-C 아이케어 HDR10 무결점,252360
28549892,뷰소닉 VA3209U-2K IPS QHD USB-C 아이케어 HDR10,243750
35806430,ASUS ROG SWIFT PRO PG248QP (해외구매),1004400
28536611,ASUS ROG SWIFT PRO PG248QP,966660
28536302,ASUS ROG SWIFT PG27AQN 360,1099000
28520399,BenQ SW272U AQCOLOR 무결점,2334700
28519595,BenQ SW272Q AQCOLOR 무결점,1290000
28516622,비트엠 Newsync BG32F180 게이밍 HDR 블랙 무결점,183990
28516361,VPLAB 레드베리 R2701B,191040
28516070,VPLAB 레드베리 R2401B,85000
28511870,비트엠 Newsync BG32F180 게이밍 HDR 블랙,180990
28511729,큐닉스그룹 큐닉스 QX322F 180 HDR FAST 화이트 무결점,229000
28486049,MSI MP243XW IPS 100 아이에르고 화이트 무결점,107960
28480979,카멜 포터블 프리즘 CPM1530IQ,199000
28475456,크로스오버 38LGD66CBK IPS 38 TYPE-C PD 울트라 커브드 무결점,1064000
28475441,크로스오버 38LGD66CBK IPS 38 TYPE-C PD 울트라 커브드,913000
28478822,MSI MAG 401QR 게이밍 UWQHD 155 HDR400 (해외구매),686390
28464263,픽셀아트 PIXELART PAQ2710F 멀티스탠드 IPS 리얼 100 게이밍 무결점,184000
28464236,픽셀아트 PIXELART PAQ2710F 멀티스탠드 IPS 리얼 100 게이밍,184000
28460096,MSI MAG 401QR 게이밍 UWQHD 155 HDR400 무결점,498060
28460081,MSI MAG 401QR 게이밍 UWQHD 155 HDR400,532990
28531094,쓰리윈즈 인터픽셀 IPU3212 UHD IPS 4K 화이트 무결점,298990
28451849,쓰리윈즈 인터픽셀 IPU3212 UHD IPS 4K 화이트,286990
77018165,MSI MAG 323UPF 게이밍 4K IPS HDR600 (리퍼비시),694430
28416380,ASUS ProArt PA32UCR-K,2499000
28414937,삼성전자 오디세이 아크 G97NC S55CG970,2853680
28396442,요이치 클로뷰 PM156FH-2C-01 포터블,156870
28394735,빅트랙 24FM16501 무결점,141320
28394717,빅트랙 24FM16501,130100
28394420,빅트랙 27FM24001 무결점,238430
28394408,빅트랙 27FM24001,179250
28394216,빅트랙 27FM16501Q 무결점,238610
28394207,빅트랙 27FM16501Q,191940
28393508,EIZO ColorEdge CG2700X,4180000
28372037,크로스오버 24VMAN120 FHD DP 무결점,90500
28372010,크로스오버 24VMAN120 FHD DP,88500
28333514,픽셀아트 PIXELART PA2740W IPS 리얼 120 게이밍 화이트 무결점,129980
28333433,픽셀아트 PIXELART PA2740W IPS 리얼 120 게이밍 화이트,129980
28333139,픽셀아트 PIXELART PA2730W 아이케어 프리싱크 100 UP 화이트 무결점,119000
28333121,픽셀아트 PIXELART PA2730W 아이케어 프리싱크 100 UP 화이트,116000
28332077,DELL P2424HT,405730
28264352,MSI G274F IPS 게이밍 180 아이케어 HDR 무결점,178210
28263590,MSI MP243X IPS 100 아이에르고 무결점,88660
28537520,ASUS TUF Gaming VG279Q3A (해외구매),375800
28245683,픽셀아트 PIXELART PAQ2710W IPS QHD 리얼 100 게이밍 화이트 무결점,149000
28245623,픽셀아트 PIXELART PAQ2710W IPS QHD 리얼 100 게이밍 화이트,149000
28245092,ASUS TUF Gaming VG279Q3A,336000
28219253,픽셀아트 PIXELART PA2440W IPS 리얼 120 게이밍 화이트 무결점,101240
28219244,픽셀아트 PIXELART PA2440W IPS 리얼 120 게이밍 화이트,97660
28219088,픽셀아트 PIXELART PA2430W 아이케어 프리싱크 100 UP 화이트 무결점,89000
28219061,픽셀아트 PIXELART PA2430W 아이케어 프리싱크 100 UP 화이트,86000
28209092,카멜 포터블 프리즘 CPM1410I,159000
28218665,대성글로벌코리아 Etroy VSG32F75 광시야각 무결점,156000
28192337,대성글로벌코리아 Etroy VSG32F75 광시야각,149000
28191719,앱코 AV32F240G REAL 240 강화유리 무결점,269000
28162967,현대디지텍코어 LOGICA 32F240P 강화유리 화이트,265000
28162616,주연테크 캐리뷰 V18QP,329000
28132313,알파스캔 AOC 24B1XH2 보더리스 IPS 100 시력보호 무결점,171990
28132166,알파스캔 AOC 27B2H2 보더리스 IPS 100 시력보호 무결점,174220
28079939,MSI G321CU 게이밍 4K 144 HDR 무결점,950600
92545094,BenQ GW2283 아이케어 (해외구매),215730
76947221,BenQ GW2283 (리퍼비시),97300
28031441,픽셀아트 PIXELART PA2718W IPS 리얼 180 게이밍 화이트 무결점,169000
28031426,픽셀아트 PIXELART PA2718W IPS 리얼 180 게이밍 화이트,159000
28027190,BenQ GW2283 아이케어 무결점,138970
28012505,알파스캔 2723F100 IPS 100 시력보호 무결점,162000
28011554,알파스캔 2423F100 IPS 100 시력보호 무결점,129000
28010510,포인트프로덕트 32GM02 NANO IPS QHD 165 TYPE-C 무결점,439000
28010477,포인트프로덕트 32GM02 NANO IPS QHD 165 TYPE-C,409000
28010258,큐닉스그룹 큐닉스 QX241G REAL 100 HDR 게이밍 무결점,89980
28010243,큐닉스그룹 큐닉스 QX241G REAL 100 HDR 게이밍,82000
27982298,비트엠 Newsync 320P 슬림 HDR 무결점,141340
27982286,비트엠 Newsync 320P 슬림 HDR,147130
