Id,Name,Price,CrawlTime
productItem72300194,알파스캔 AOC 27B36 보더리스 IPS 100 시력보호 무결점,,2025-07-08 17:08:38
productItem20478848,크로스오버 279QA9 Fast-iPS 180 WQHD 게이밍 무결점,,2025-07-08 17:08:38
productItem90890663,크로스오버 27QD166CM QHD iPS USB-C 화이트 Ai 멀티스탠드,,2025-07-08 17:08:38
productItem18633134,삼성전자 오디세이 G5 G51C S32CG510,,2025-07-08 17:08:38
productItem69659147,알파스캔 AOC U32V5 4K UHD 프리싱크 HDR 시력보호 무결점,,2025-07-08 17:08:38
productItem90160544,크로스오버 27FAW950 Fast-iPS 180 피벗 화이트 Ai게이밍 무결점,,2025-07-08 17:08:38
productItem71277374,앱코 LPC34Q165D 프라임 나노IPS BLACK UWQHD HDR 블랙 무결점,,2025-07-08 17:08:38
productItem47324330,필립스 에브니아 27M2N5500 QHD 180 프리싱크 HDR 400 게이밍 무결점,,2025-07-08 17:08:38
productItem90575870,알파스캔 3425Q 울트라와이드 WQHD IPS BLACK 120 USB-C HDR 무결점,,2025-07-08 17:08:38
productItem28460096,MSI MAG 401QR 게이밍 UWQHD 155 HDR400 무결점,,2025-07-08 17:08:38
productItem19211243,삼성전자 S27C310,,2025-07-08 17:08:38
productItem77709725,크로스오버 34LD199N NANO IPS 게이밍 Hypersonic 무결점,,2025-07-08 17:08:38
productItem48478988,삼성전자 오디세이 G5 S27DG500,,2025-07-08 17:08:38
productItem70875281,필립스 에브니아 32M2N8800 UHD OLED 240 프리싱크 HDR 게이밍 화이트 무결점,,2025-07-08 17:08:38
productItem19211177,삼성전자 S24C310,,2025-07-08 17:08:38
productItem74546000,크로스오버 미켈란 32WQ290TM Fast-IPS 게이밍 400 TYPE-C PD90 멀티스탠드 무결점,,2025-07-08 17:08:38
productItem73883666,삼성전자 오디세이 G7 S32DG700,,2025-07-08 17:08:38
productItem55041758,삼성전자 뷰피니티 S7 S32D701,,2025-07-08 17:08:38
productItem90702635,알파스캔 AOC Q27G4/D 게이밍 FAST IPS 200 QHD HDR 400 멀티스탠드 무결점,,2025-07-08 17:08:38
productItem73883483,LG전자 울트라HD 32UN650K,,2025-07-08 17:08:38
productItem73883519,LG전자 울트라HD 27UP850K,,2025-07-08 17:08:39
productItem76870904,LG전자 울트라HD 32UP830K,,2025-07-08 17:08:39
productItem13355501,알파스캔 AOC Q32V3S QHD IPS 75 시력보호 무결점,,2025-07-08 17:08:39
productItem62639555,LG전자 울트라기어 32GS75Q,,2025-07-08 17:08:39
productItem30158492,LG전자 27MR400,,2025-07-08 17:08:39
productItem75657887,MSI MP242L850 IPS 100 시력보호 무결점,,2025-07-08 17:08:39
productItem79385018,한성컴퓨터 TFG27F14P2 FHD IPS 144 게이밍 무결점,,2025-07-08 17:08:39
productItem18318962,크로스오버 34LGD169N 나노IPS 165 TYPE-C PD 울트라게이밍 커브드 무결점,,2025-07-08 17:08:39
productItem78982706,필립스 에브니아 27M2N5501 QHD 180 프리싱크 HDR 400 게이밍 화이트 무결점,,2025-07-08 17:08:39
productItem75854819,LG전자 울트라기어 32GS94U,,2025-07-08 17:08:39
